image,split,tile
12000000005054,test,8834_-14650
12000000035045,train,8893_-14631
12000000040051,train,8893_-14631
12000000040081,test,8833_-14650
12000000045008,test,8833_-14650
12000000045074,train,8893_-14631
12000000045191,train,8999_-14535
12000000050101,test,8833_-14650
12000000055062,test,8833_-14650
12000000060052,test,8833_-14650
12000000075144,train,8895_-14644
12000000080159,train,8895_-14644
12000000085048,train,8895_-14643
12000000090009,train,8895_-14643
12000000095015,test,8833_-14650
12000000095091,train,8895_-14643
12000000100050,train,8895_-14643
12000000100078,test,8833_-14650
12000000105038,train,8895_-14643
12000000110089,test,8884_-14404
12000000115089,test,8884_-14404
12000000120063,test,8852_-14517
12000000120136,test,8884_-14404
12000000125104,test,8852_-14517
12000000130105,train,8893_-14631
12000000130156,test,8852_-14517
12000000135012,test,8852_-14517
12000000140083,test,8833_-14650
12000000140103,test,8852_-14517
12000000160078,train,8895_-14643
12000000165015,test,8884_-14404
12000000165039,train,8895_-14643
12000000170022,train,8895_-14643
12000000170046,test,8884_-14404
12000000175070,test,8884_-14404
12000000180115,test,8884_-14404
12000000185185,test,8884_-14404
12000000185215,test,8833_-14650
12000000190109,test,8833_-14650
12000000195009,test,8833_-14650
12000000195176,test,8884_-14404
12000000200086,test,8852_-14516
12000000200098,test,8833_-14650
12000000200134,test,8884_-14404
12000000205040,test,8833_-14650
12000000205152,test,8884_-14404
12000000205171,test,8852_-14516
12000000210029,test,8852_-14516
12000000210142,test,8833_-14650
12000000210233,test,8884_-14404
12000000215015,test,8833_-14650
12000000215081,test,8852_-14516
12000000215099,test,8884_-14404
12000000220244,test,8884_-14404
12000000245181,test,8884_-14404
12000000245234,test,8833_-14650
12000000250086,test,8884_-14404
12000000250123,test,8833_-14650
12000000255088,test,8833_-14650
12000000260015,test,8852_-14516
12000000260144,test,8833_-14650
12000000265011,test,8833_-14650
12000000265101,test,8852_-14516
12000000270063,test,8852_-14516
12000000270182,train,8893_-14631
12000000275017,test,8852_-14516
12000000275196,train,8893_-14631
12000000280026,test,8852_-14516
12000000280220,train,8893_-14631
12000000285009,train,8893_-14631
12000000285078,test,8852_-14516
12000000290048,train,8893_-14631
12000000290062,test,8852_-14516
12000000295044,test,8852_-14516
12000000295088,train,8893_-14631
12000000300097,test,8852_-14516
12000000300133,train,8893_-14631
12000000305020,test,8852_-14516
12000000305176,train,8893_-14631
12000000310050,test,8884_-14404
12000000310085,train,8895_-14643
12000000310093,train,8999_-14534
12000000310213,train,8893_-14631
12000000315009,train,8893_-14631
12000000315075,test,8884_-14404
12000000315113,train,8999_-14534
12000000315128,test,8852_-14516
12000000320029,train,8999_-14534
12000000320053,train,8893_-14631
12000000320152,test,8852_-14516
12000000325031,train,8999_-14534
12000000325107,train,8893_-14631
12000000330088,train,8999_-14534
12000000350027,test,8852_-14516
12000000355004,test,8852_-14516
12000000360110,test,8852_-14516
12000000365107,test,8852_-14516
12000000370030,test,8852_-14516
12000000370097,train,8999_-14534
12000000375068,train,8999_-14534
12000000375113,test,8852_-14516
12000000380054,train,8895_-14642
12000000380074,test,8852_-14516
12000000385054,train,8895_-14642
12000000390118,train,8895_-14642
12000000395070,train,8895_-14642
12000000395088,test,8852_-14516
12000000400033,train,8895_-14642
12000000400054,test,8852_-14516
12000000405139,train,8895_-14642
12000000405152,train,8885_-14404
12000000410113,train,8895_-14642
12000000410121,train,8885_-14404
12000000415006,train,8895_-14642
12000000415021,train,8852_-14515
12000000415048,train,8885_-14404
12000000420059,train,8852_-14515
12000000420066,train,8895_-14642
12000000425046,train,8852_-14515
12000000425099,train,8999_-14534
12000000425160,train,8895_-14642
12000000430004,train,8852_-14515
12000000430097,train,8894_-14631
12000000435024,train,8852_-14515
12000000435120,train,8894_-14631
12000000435194,train,8885_-14404
12000000440049,train,8885_-14404
12000000440139,train,8895_-14642
12000000445078,train,8852_-14515
12000000445100,train,8885_-14404
12000000445104,train,8895_-14642
12000000450046,train,8852_-14515
12000000450169,train,8885_-14404
12000000450195,train,8894_-14631
12000000450207,train,8895_-14642
12000000455018,train,8895_-14642
12000000455049,train,8885_-14404
12000000455094,train,8852_-14515
12000000460154,train,8885_-14404
12000000465043,train,8895_-14642
12000000465054,train,8852_-14515
12000000465070,train,8885_-14404
12000000470077,train,8852_-14515
12000000470158,train,8895_-14642
12000000470213,train,8885_-14404
12000000475008,train,8895_-14642
12000000480082,train,8895_-14642
12000000480101,train,8885_-14404
12000000480125,train,8852_-14515
12000000485016,train,8885_-14404
12000000485057,train,8852_-14515
12000000485173,train,8895_-14642
12000000490059,train,8895_-14642
12000000490060,train,8885_-14404
12000000490068,train,8852_-14515
12000000495019,train,8885_-14404
12000000495059,train,8852_-14515
12000000495101,train,8895_-14642
12000000500010,train,8895_-14642
12000000500094,train,8852_-14515
12000000500096,train,8885_-14404
12000000505007,train,8852_-14515
12000000505085,train,8895_-14642
12000000505133,train,8885_-14404
12000000510004,train,8833_-14649
12000000510065,train,8895_-14642
12000000510168,train,9000_-14534
12000000515089,train,8885_-14404
12000000515097,train,8833_-14649
12000000515275,train,9000_-14534
12000000520017,train,8895_-14642
12000000520075,train,8885_-14404
12000000520165,train,8833_-14649
12000000525042,train,8895_-14642
12000000525142,train,8852_-14515
12000000525199,train,8885_-14404
12000000525208,train,8833_-14649
12000000530130,train,8852_-14515
12000000530160,train,8895_-14642
12000000535073,train,8852_-14515
12000000535140,train,8895_-14642
12000000540044,train,8895_-14642
12000000540102,train,8852_-14515
12000000545035,train,8895_-14642
12000000545059,train,8852_-14515
12000000550012,train,8852_-14515
12000000550015,train,8894_-14631
12000000555141,train,8852_-14515
12000000560063,train,8895_-14642
12000000560112,train,8852_-14515
12000000565129,train,8895_-14642
12000000565156,train,8852_-14515
12000000570181,train,8895_-14642
12000000575178,train,8895_-14642
12000000595083,train,8833_-14648
12000000600152,train,8852_-14515
12000000605162,train,8852_-14515
12000000610026,train,8852_-14515
12000000615093,train,8894_-14632
12000000615136,train,8852_-14515
12000000620018,train,8852_-14515
12000000620226,train,8894_-14632
12000000625025,train,8852_-14515
12000000625123,train,8894_-14632
12000000630041,train,8852_-14515
12000000630057,train,8894_-14632
12000000635014,train,8894_-14632
12000000635048,train,8895_-14641
12000000635137,train,8852_-14515
12000000640001,train,8894_-14632
12000000640031,train,8833_-14648
12000000640073,train,8852_-14515
12000000640079,train,8895_-14641
12000000645017,train,8894_-14632
12000000645064,train,8852_-14515
12000000645069,train,8895_-14641
12000000645086,train,8833_-14648
12000000650051,train,8894_-14632
12000000650072,train,8895_-14641
12000000650125,train,8833_-14648
12000000650128,train,8852_-14515
12000000655121,train,8895_-14641
12000000655171,train,8852_-14515
12000000660007,train,8852_-14515
12000000660095,train,8895_-14641
12000000665058,train,8895_-14641
12000000670060,train,8895_-14641
12000000675067,train,8895_-14641
12000000680151,train,8895_-14641
12000000685080,test,8852_-14516
12000000685196,train,9000_-14533
12000000690040,train,8894_-14632
12000000690050,test,8852_-14516
12000000690056,train,9000_-14533
12000000695073,test,8852_-14516
12000000695103,train,8894_-14632
12000000695160,train,9000_-14533
12000000700168,train,8894_-14632
12000000700171,test,8852_-14516
12000000705002,test,8852_-14516
12000000705122,train,8833_-14648
12000000710109,test,8852_-14516
12000000710231,train,8833_-14648
12000000715147,train,8833_-14648
12000000740203,train,8886_-14404
12000000745188,train,8886_-14404
12000000745254,train,8833_-14648
12000000750118,train,8833_-14648
12000000750147,train,8886_-14404
12000000755293,train,8833_-14648
12000000760030,train,8886_-14404
12000000765251,train,8886_-14404
12000000770184,train,8886_-14404
12000000775110,train,8833_-14648
12000000775113,train,8886_-14404
12000000780115,train,8833_-14648
12000000785190,train,8833_-14648
12000000790217,train,8833_-14648
12000000795211,train,8833_-14648
12000000800090,train,8833_-14648
12000000805089,train,8833_-14648
12000000810025,train,8833_-14648
12000000895084,train,9000_-14533
12000000900059,train,9000_-14533
12000000905059,train,9000_-14533
12000000935244,train,9000_-14532
12000001035152,train,9001_-14532
13000000005059,val,8896_-14642
13000000005306,train,8896_-14644
13000000006949,train,8895_-14641
13000000007785,train,8992_-14655
13000000009421,train,8852_-14518
13000000010035,val,8896_-14642
13000000010353,train,8896_-14644
13000000011071,test,8849_-14510
13000000011812,train,8895_-14641
13000000012727,train,8992_-14655
13000000014501,train,8852_-14518
13000000015339,train,8896_-14644
13000000016007,test,8849_-14510
13000000016622,train,8797_-14426
13000000016803,train,8895_-14641
13000000016841,train,8893_-14642
13000000017530,train,8885_-14391
13000000017822,train,8992_-14655
13000000018935,test,8680_-14483
13000000019351,train,8852_-14518
13000000019701,train,8895_-14644
13000000020298,train,8896_-14644
13000000021072,test,8849_-14510
13000000021155,train,8893_-14631
13000000021566,train,8797_-14426
13000000021849,train,8893_-14642
13000000021952,train,8895_-14641
13000000022607,train,8885_-14391
13000000022786,train,8992_-14655
13000000023226,train,8898_-14637
13000000023794,test,8680_-14483
13000000024537,train,8852_-14518
13000000024757,train,8895_-14644
13000000025334,train,8896_-14644
13000000025989,test,8849_-14510
13000000026148,train,8893_-14631
13000000026517,train,8797_-14426
13000000026877,train,8893_-14642
13000000026953,train,8895_-14641
13000000026972,train,8891_-14636
13000000027640,train,8885_-14391
13000000027838,train,8992_-14655
13000000028273,train,8898_-14637
13000000028663,test,8680_-14483
13000000029689,train,8895_-14644
13000000030963,test,8849_-14510
13000000031192,train,8893_-14631
13000000031467,train,8797_-14426
13000000031917,train,8893_-14642
13000000031983,train,8895_-14641
13000000032092,train,8891_-14636
13000000032660,train,8885_-14391
13000000033260,train,8898_-14637
13000000034014,test,8680_-14483
13000000034654,train,8895_-14644
13000000035749,train,8898_-14641
13000000036071,test,8849_-14510
13000000036237,train,8893_-14631
13000000036418,train,8797_-14426
13000000036838,train,8895_-14641
13000000036914,train,8893_-14642
13000000037066,train,8891_-14636
13000000037467,train,8885_-14391
13000000038354,train,8898_-14637
13000000038879,test,8680_-14483
13000000039753,train,8895_-14644
13000000040057,val,8896_-14642
13000000040650,train,8898_-14641
13000000041064,test,8849_-14510
13000000041194,train,8893_-14631
13000000041374,train,8797_-14426
13000000041845,train,8895_-14641
13000000041918,train,8893_-14642
13000000042050,train,8891_-14636
13000000042624,train,8885_-14391
13000000043323,train,8898_-14637
13000000043739,test,8680_-14483
13000000044617,train,8895_-14644
13000000045124,val,8896_-14642
13000000045341,train,8896_-14644
13000000045782,train,8898_-14641
13000000046132,test,8849_-14510
13000000046210,train,8893_-14631
13000000046325,train,8797_-14426
13000000046541,test,8849_-14510
13000000046947,train,8895_-14641
13000000047056,train,8891_-14636
13000000047582,train,8885_-14391
13000000048390,train,8898_-14637
13000000048598,test,8680_-14483
13000000049739,train,8895_-14644
13000000049951,val,8896_-14642
13000000050350,train,8720_-14594
13000000050352,train,8896_-14644
13000000050758,train,8898_-14641
13000000051048,test,8849_-14510
13000000051517,test,8849_-14510
13000000051696,train,8797_-14426
13000000051797,train,8895_-14641
13000000051997,train,8891_-14636
13000000052471,train,8797_-14426
13000000053350,train,8898_-14637
13000000053938,test,8680_-14483
13000000054786,train,8895_-14644
13000000055350,train,8896_-14644
13000000055384,train,8720_-14594
13000000055659,train,8898_-14641
13000000056013,test,8849_-14510
13000000056651,train,8797_-14426
13000000056861,train,8895_-14641
13000000057051,train,8797_-14426
13000000057052,train,8891_-14636
13000000058267,train,8898_-14637
13000000058791,test,8680_-14483
13000000059632,train,8895_-14644
13000000060336,train,8720_-14594
13000000060471,train,8896_-14644
13000000060654,train,8898_-14641
13000000061211,test,8849_-14510
13000000061602,train,8797_-14426
13000000061996,train,8891_-14636
13000000062144,train,8797_-14426
13000000062673,train,8841_-14502
13000000063279,train,8898_-14637
13000000063653,test,8680_-14483
13000000064609,train,8895_-14644
13000000065292,train,8896_-14644
13000000065412,train,8720_-14594
13000000065733,train,8898_-14641
13000000065791,train,8898_-14622
13000000066065,test,8849_-14510
13000000066556,train,8797_-14426
13000000067233,train,8797_-14426
13000000067721,train,8885_-14391
13000000067731,train,8840_-14502
13000000067957,train,8803_-14633
13000000068239,train,8898_-14637
13000000069641,train,8895_-14643
13000000070244,train,8720_-14594
13000000070306,train,8896_-14644
13000000070680,train,8898_-14641
13000000070807,train,8898_-14622
13000000071510,train,8797_-14426
13000000072287,train,8797_-14426
13000000072522,train,8896_-14644
13000000072596,train,8840_-14502
13000000072701,train,8885_-14391
13000000072824,train,8803_-14633
13000000073322,train,8898_-14637
13000000074740,train,8895_-14643
13000000075059,val,8896_-14642
13000000075321,train,8896_-14644
13000000075421,train,8720_-14594
13000000075700,train,8898_-14622
13000000076071,test,8849_-14510
13000000076468,train,8797_-14426
13000000077319,train,8797_-14426
13000000077515,train,8885_-14391
13000000077620,train,8896_-14644
13000000077642,train,8840_-14502
13000000077943,train,8803_-14633
13000000078323,train,8898_-14637
13000000079621,train,8895_-14643
13000000080073,val,8896_-14642
13000000080350,train,8896_-14643
13000000080769,train,8898_-14622
13000000081192,test,8849_-14510
13000000081416,train,8797_-14426
13000000081581,test,8849_-14510
13000000082320,train,8797_-14426
13000000082551,train,8896_-14644
13000000082607,train,8840_-14502
13000000082735,train,8885_-14391
13000000082847,train,8803_-14633
13000000083349,train,8898_-14637
13000000084726,train,8895_-14643
13000000085060,val,8896_-14642
13000000086105,test,8849_-14510
13000000086361,train,8797_-14426
13000000086630,test,8849_-14510
13000000086902,train,8895_-14641
13000000087300,train,8797_-14426
13000000087463,train,8885_-14391
13000000087517,train,8896_-14644
13000000087861,train,8803_-14633
13000000088247,train,8898_-14637
13000000090015,val,8896_-14642
13000000090499,train,8803_-14633
13000000091063,test,8849_-14510
13000000091570,test,8849_-14510
13000000091710,train,8797_-14426
13000000091826,train,8895_-14641
13000000092256,train,8797_-14426
13000000092574,train,8896_-14644
13000000092577,train,8885_-14391
13000000092852,train,8803_-14633
13000000093314,train,8898_-14637
13000000094939,val,8896_-14642
13000000095449,train,8803_-14633
13000000096047,test,8849_-14510
13000000096637,test,8849_-14510
13000000096647,train,8797_-14426
13000000096972,train,8895_-14641
13000000097185,train,8797_-14426
13000000097673,train,8896_-14644
13000000097737,train,8885_-14391
13000000097818,train,8803_-14633
13000000097854,train,8992_-14655
13000000098322,train,8898_-14637
13000000100065,val,8896_-14642
13000000100471,train,8803_-14633
13000000101530,test,8849_-14510
13000000101576,train,8797_-14426
13000000101817,train,8895_-14641
13000000102097,train,8797_-14426
13000000102516,val,8984_-14625
13000000102538,train,8896_-14644
13000000102572,train,8885_-14391
13000000102663,train,8840_-14501
13000000102725,train,8760_-14619
13000000102791,train,8992_-14655
13000000102835,train,8803_-14633
13000000103223,train,8898_-14637
13000000105151,val,8896_-14642
13000000105543,train,8803_-14633
13000000106502,train,8797_-14426
13000000106929,train,8895_-14641
13000000107479,train,8797_-14426
13000000107563,val,8984_-14625
13000000107584,train,8840_-14501
13000000107670,train,8885_-14391
13000000107676,train,8896_-14644
13000000107751,train,8760_-14619
13000000107803,train,8992_-14655
13000000107824,train,8803_-14633
13000000108240,train,8898_-14637
13000000109988,val,8896_-14642
13000000110478,train,8803_-14633
13000000111374,test,8852_-14517
13000000111422,train,8797_-14426
13000000111822,train,8895_-14641
13000000112498,val,8984_-14625
13000000112532,train,8896_-14644
13000000112615,train,8840_-14501
13000000112713,train,8760_-14619
13000000112737,train,8885_-14391
13000000112842,train,8803_-14633
13000000112906,train,8992_-14655
13000000113198,train,8896_-14643
13000000113233,train,8898_-14637
13000000114930,test,8886_-14393
13000000115010,val,8896_-14642
13000000115497,train,8803_-14633
13000000116333,train,8797_-14426
13000000117063,val,8891_-14635
13000000117487,train,8885_-14391
13000000117562,val,8984_-14625
13000000117584,train,8896_-14644
13000000117685,train,8840_-14501
13000000117869,train,8992_-14655
13000000117900,train,8760_-14619
13000000117930,train,8803_-14633
13000000118247,train,8898_-14637
13000000118268,train,8896_-14643
13000000119917,test,8886_-14393
13000000120003,val,8896_-14642
13000000120596,train,8803_-14633
13000000121870,train,8893_-14642
13000000122027,val,8891_-14635
13000000122519,train,8896_-14644
13000000122526,train,8885_-14391
13000000122532,val,8984_-14625
13000000122617,train,8840_-14501
13000000122744,train,8760_-14619
13000000122963,train,8803_-14633
13000000123249,train,8898_-14637
13000000123270,train,8896_-14643
13000000124664,train,8895_-14643
13000000124975,val,8896_-14642
13000000125047,test,8886_-14393
13000000125617,train,8803_-14633
13000000126811,train,8893_-14642
13000000127029,val,8891_-14635
13000000127562,train,8885_-14391
130000001275622,train,8896_-14644
13000000127592,val,8984_-14625
13000000127823,train,8803_-14633
13000000127849,train,8760_-14619
13000000128288,train,8896_-14643
13000000128338,train,8898_-14637
13000000129702,train,8895_-14643
13000000129978,test,8886_-14393
13000000130466,train,8803_-14633
13000000131336,test,8852_-14517
13000000131909,train,8893_-14642
13000000132054,val,8891_-14635
13000000132607,train,8885_-14391
13000000132616,val,8984_-14625
13000000132671,train,8896_-14644
13000000132906,train,8803_-14633
13000000132939,train,8760_-14619
13000000133260,train,8896_-14643
13000000134013,val,8984_-14625
13000000134349,test,8851_-14518
13000000134607,train,8895_-14643
13000000135060,test,8886_-14393
13000000135581,train,8803_-14633
13000000136906,train,8893_-14642
13000000137091,val,8891_-14635
13000000137511,val,8984_-14625
13000000137605,train,8896_-14644
13000000137650,train,8885_-14391
13000000137661,train,8840_-14501
13000000137889,train,8803_-14633
13000000138213,train,8896_-14643
13000000138963,val,8984_-14625
13000000139570,test,8851_-14518
13000000139646,train,8895_-14643
13000000139862,test,8886_-14393
13000000140583,train,8803_-14633
13000000141006,test,8849_-14510
13000000141925,train,8893_-14642
13000000142110,val,8891_-14635
13000000142536,train,8840_-14501
13000000142558,train,8896_-14644
13000000142571,val,8984_-14625
13000000142704,train,8885_-14391
13000000143182,train,8896_-14643
13000000143260,train,8898_-14637
13000000144099,val,8984_-14625
13000000144670,train,8895_-14643
13000000144878,test,8886_-14393
13000000145597,train,8803_-14633
13000000146060,test,8849_-14510
13000000146154,train,8893_-14631
13000000146855,train,8893_-14642
13000000147135,val,8891_-14635
13000000147479,train,8885_-14391
13000000147516,val,8984_-14625
13000000147639,train,8840_-14501
13000000148195,train,8896_-14643
13000000149119,val,8984_-14625
13000000150039,test,8886_-14393
13000000150794,train,8898_-14622
13000000151107,test,8849_-14510
13000000151305,train,8893_-14631
13000000151799,train,8893_-14642
13000000152156,val,8891_-14635
13000000152531,val,8984_-14625
13000000152569,train,8840_-14501
13000000152576,train,8885_-14391
13000000153370,train,8898_-14637
13000000153999,val,8984_-14625
13000000155011,test,8886_-14393
13000000155149,train,8720_-14595
13000000155482,train,8803_-14633
13000000155784,train,8898_-14622
13000000156119,test,8849_-14510
13000000156273,test,8852_-14517
13000000156324,train,8893_-14631
13000000156836,train,8893_-14642
13000000156967,test,8895_-14640
13000000157175,val,8891_-14635
13000000157553,val,8984_-14625
13000000157671,train,8840_-14501
13000000157696,train,8885_-14391
13000000158224,train,8898_-14637
13000000158254,train,8896_-14643
13000000159131,val,8984_-14625
13000000160267,train,8720_-14595
13000000160695,train,8803_-14633
13000000160828,train,8898_-14622
13000000161096,test,8849_-14510
13000000161201,train,8893_-14631
13000000161268,test,8852_-14517
13000000161881,test,8895_-14640
13000000162548,val,8984_-14625
13000000162554,train,8840_-14501
13000000163249,train,8898_-14637
13000000163331,train,8896_-14643
13000000164091,val,8984_-14625
13000000164991,train,8897_-14642
13000000165166,train,8720_-14595
13000000165520,train,8803_-14633
13000000165719,train,8898_-14622
13000000166058,test,8849_-14510
13000000166181,train,8893_-14631
13000000166305,test,8852_-14517
13000000166822,test,8895_-14640
13000000167609,val,8984_-14625
13000000167693,train,8840_-14501
13000000167749,train,8885_-14391
13000000168262,train,8898_-14637
13000000168350,train,8896_-14643
13000000168982,val,8984_-14625
13000000170353,train,8720_-14595
13000000170835,train,8898_-14622
13000000171053,test,8849_-14510
13000000171230,train,8893_-14631
13000000171295,test,8852_-14517
13000000171872,test,8895_-14640
13000000172658,train,8840_-14501
13000000172688,train,8885_-14391
13000000173307,train,8898_-14637
13000000173318,train,8896_-14643
13000000173987,val,8984_-14625
13000000174957,train,8886_-14392
13000000175210,train,8720_-14595
13000000175764,train,8898_-14622
13000000176107,test,8849_-14510
13000000176298,train,8893_-14631
13000000176476,test,8852_-14517
13000000176803,test,8895_-14640
13000000177637,train,8885_-14391
13000000177649,train,8840_-14501
13000000178220,train,8898_-14637
13000000178266,train,8896_-14644
13000000179027,val,8984_-14625
13000000179879,train,8886_-14392
13000000180306,train,8720_-14595
13000000180738,train,8898_-14622
13000000181355,test,8852_-14517
13000000181372,train,8893_-14631
13000000181818,test,8895_-14640
13000000182518,train,8896_-14644
13000000182608,train,8885_-14391
13000000182650,train,8840_-14501
13000000183333,train,8898_-14637
13000000183356,train,8896_-14644
13000000184036,val,8984_-14625
13000000185160,train,8886_-14392
13000000185353,train,8720_-14595
13000000185780,train,8898_-14622
13000000186183,train,8893_-14631
13000000186269,test,8852_-14517
13000000186951,test,8895_-14640
13000000187504,train,8896_-14644
13000000187612,train,8885_-14391
13000000187656,train,8840_-14501
13000000188251,train,8898_-14637
13000000189024,test,8680_-14483
13000000189114,val,8984_-14625
13000000189725,train,8618_-14491
13000000190134,train,8886_-14392
13000000190886,train,8898_-14622
13000000191388,test,8852_-14517
13000000191897,test,8895_-14640
13000000192642,train,8885_-14391
13000000192697,train,8840_-14501
13000000193820,test,8680_-14483
13000000193996,val,8984_-14625
13000000194509,train,8618_-14491
13000000195124,train,8886_-14392
13000000195866,train,8898_-14622
13000000196367,test,8852_-14517
13000000196865,test,8895_-14640
13000000197707,train,8840_-14501
13000000197708,train,8885_-14391
13000000198615,test,8680_-14483
13000000198963,val,8984_-14625
13000000199320,train,8618_-14491
13000000200137,train,8886_-14392
13000000200540,val,8856_-14486
13000000200706,train,8898_-14622
13000000201452,test,8852_-14517
13000000201897,test,8895_-14640
13000000202135,val,8891_-14635
13000000202496,train,8885_-14391
13000000202647,train,8840_-14501
13000000203378,train,8898_-14637
13000000203892,test,8680_-14483
13000000204016,val,8984_-14625
13000000204638,train,8618_-14491
13000000205002,val,8869_-14378
13000000205160,train,8886_-14392
13000000205556,val,8856_-14486
13000000206285,test,8852_-14517
13000000206839,test,8895_-14640
13000000207031,val,8891_-14635
13000000207623,train,8840_-14501
13000000207627,train,8885_-14391
13000000208264,train,8898_-14637
13000000208686,test,8680_-14483
13000000208988,val,8984_-14625
13000000209496,train,8618_-14491
13000000209862,train,8886_-14392
13000000209935,val,8869_-14378
13000000210531,val,8856_-14486
13000000210562,train,8803_-14633
13000000211407,test,8852_-14517
13000000211817,test,8895_-14640
13000000212212,val,8891_-14635
13000000212459,train,8885_-14391
13000000212611,train,8840_-14501
13000000213329,train,8741_-14461
13000000213367,train,8898_-14637
13000000213963,test,8680_-14483
13000000213968,val,8984_-14625
13000000214384,train,8618_-14491
13000000214892,val,8869_-14378
13000000214912,train,8886_-14392
13000000215561,train,8803_-14633
13000000215726,val,8856_-14486
13000000216531,test,8852_-14517
13000000216905,test,8895_-14640
13000000217116,val,8891_-14635
13000000217595,train,8840_-14501
13000000217641,train,8885_-14392
13000000218263,train,8898_-14637
13000000218512,train,8741_-14461
13000000218961,val,8984_-14625
13000000219776,train,8618_-14491
13000000219865,val,8869_-14378
13000000219964,train,8886_-14392
13000000220592,val,8856_-14486
13000000220616,train,8803_-14633
13000000221378,test,8852_-14517
13000000221944,test,8895_-14640
13000000222002,val,8891_-14635
13000000222512,train,8885_-14392
13000000222574,train,8840_-14501
13000000223206,train,8741_-14461
13000000223303,train,8898_-14637
13000000224123,val,8984_-14625
13000000224694,train,8618_-14491
13000000224859,val,8869_-14378
13000000225022,train,8886_-14392
13000000225658,val,8856_-14486
13000000225712,train,8803_-14633
13000000226513,test,8852_-14517
13000000226805,test,8895_-14640
13000000227165,val,8891_-14635
13000000227693,train,8840_-14501
13000000227733,train,8885_-14392
13000000228371,train,8741_-14461
13000000228414,train,8898_-14637
13000000229099,val,8984_-14625
13000000229858,val,8869_-14378
13000000230092,train,8886_-14392
13000000230529,train,8803_-14633
13000000230659,val,8856_-14486
13000000231871,test,8895_-14640
13000000232012,val,8891_-14635
13000000232646,train,8885_-14392
13000000233311,train,8898_-14637
13000000233530,train,8741_-14461
13000000234141,val,8719_-14471
13000000234610,train,8618_-14491
13000000234884,val,8869_-14378
13000000235159,train,8886_-14392
13000000235579,val,8856_-14486
13000000235646,train,8897_-14642
13000000236856,test,8895_-14640
13000000237122,val,8891_-14635
13000000237541,train,8840_-14501
13000000237581,train,8885_-14392
13000000238224,train,8741_-14461
13000000238365,train,8898_-14637
13000000239080,val,8719_-14471
13000000239608,train,8618_-14491
13000000239891,train,8886_-14392
13000000239947,val,8869_-14378
13000000240128,train,8897_-14642
13000000240712,train,8897_-14642
130000002407122,val,8856_-14486
13000000241873,test,8895_-14640
13000000242199,val,8891_-14635
13000000242517,train,8885_-14392
13000000242609,train,8840_-14501
13000000243289,test,8897_-14644
13000000243342,train,8898_-14637
13000000243391,train,8741_-14461
13000000244038,val,8719_-14471
13000000244622,train,8618_-14491
13000000244960,train,8886_-14392
13000000245032,train,8897_-14642
13000000245048,val,8869_-14378
13000000245569,val,8856_-14486
13000000245760,train,8897_-14642
13000000246963,val,8891_-14635
13000000247468,train,8885_-14392
13000000247586,train,8840_-14501
13000000248316,test,8897_-14644
13000000248554,train,8741_-14461
13000000249023,val,8719_-14471
13000000249667,train,8618_-14491
13000000250019,train,8897_-14642
13000000250034,train,8886_-14392
13000000250181,val,8869_-14378
13000000250694,train,8897_-14642
13000000251978,val,8891_-14635
13000000252651,train,8840_-14501
13000000253254,train,8741_-14461
13000000253379,test,8897_-14644
13000000254024,val,8719_-14471
13000000254733,train,8618_-14491
13000000254970,train,8897_-14642
13000000255113,train,8886_-14392
13000000255656,train,8897_-14642
13000000256834,test,8895_-14640
13000000257227,val,8891_-14635
13000000257551,train,8840_-14501
13000000258251,test,8897_-14644
13000000258415,train,8741_-14461
13000000260040,train,8897_-14642
13000000260719,train,8897_-14642
13000000261255,train,8893_-14631
13000000261924,test,8895_-14640
13000000262190,val,8891_-14635
13000000262644,train,8840_-14501
13000000263193,test,8897_-14644
13000000265049,val,8869_-14378
13000000265111,train,8897_-14642
13000000265625,train,8803_-14633
13000000265778,train,8897_-14642
13000000266314,train,8893_-14631
13000000266879,test,8895_-14640
13000000267128,val,8891_-14635
13000000267617,train,8885_-14392
13000000267643,train,8840_-14501
13000000268202,test,8897_-14644
13000000269940,val,8869_-14378
13000000270067,train,8897_-14642
13000000270635,train,8803_-14633
13000000271262,train,8893_-14631
13000000271873,test,8895_-14640
13000000272083,val,8891_-14635
13000000272582,train,8840_-14501
13000000272762,train,8885_-14392
13000000273229,test,8897_-14644
13000000275013,train,8897_-14642
13000000275181,val,8869_-14378
13000000275637,train,8803_-14633
13000000276189,train,8893_-14631
13000000276550,train,8797_-14427
13000000276883,test,8895_-14640
13000000277059,val,8891_-14635
13000000277565,train,8840_-14501
13000000277601,train,8885_-14392
13000000278225,test,8897_-14644
13000000279957,train,8886_-14392
13000000279960,train,8897_-14642
13000000280005,val,8869_-14378
13000000280662,train,8897_-14642
13000000281301,train,8893_-14631
13000000281409,test,8852_-14516
13000000281442,train,8797_-14427
13000000281904,test,8895_-14640
13000000282073,val,8891_-14635
13000000282466,train,8885_-14392
13000000282600,train,8840_-14501
13000000283239,test,8897_-14644
13000000284956,train,8897_-14642
13000000285090,train,8886_-14392
13000000285132,val,8869_-14378
13000000285660,train,8897_-14642
13000000286339,train,8797_-14427
13000000286350,train,8893_-14631
13000000286518,test,8852_-14516
13000000286806,test,8895_-14640
13000000287114,val,8891_-14635
13000000287538,train,8840_-14501
13000000287695,train,8885_-14392
13000000288374,train,8765_-14515
13000000289886,train,8886_-14392
13000000290000,train,8897_-14642
13000000290636,train,8897_-14642
13000000291259,train,8893_-14631
13000000291335,test,8852_-14516
13000000291644,train,8797_-14427
13000000291932,test,8895_-14640
13000000292165,val,8891_-14635
13000000292609,train,8885_-14392
13000000292654,train,8840_-14501
13000000293279,train,8765_-14515
13000000295001,train,8897_-14642
13000000295022,train,8886_-14392
13000000295669,train,8897_-14642
13000000296250,train,8893_-14631
13000000296374,test,8852_-14516
13000000296584,train,8797_-14427
13000000296941,test,8895_-14640
13000000296960,val,8891_-14635
13000000297554,train,8885_-14392
13000000297656,train,8840_-14501
13000000298124,train,8765_-14515
13000000298328,test,8897_-14644
13000000299968,train,8897_-14642
13000000300157,train,8886_-14392
13000000300749,train,8897_-14642
13000000301294,train,8893_-14631
13000000301366,test,8852_-14516
13000000301591,train,8797_-14427
13000000301887,test,8895_-14640
13000000302052,val,8891_-14635
13000000302533,train,8885_-14392
13000000302658,train,8840_-14501
13000000303206,test,8897_-14644
13000000303382,train,8765_-14515
13000000304509,test,8851_-14518
13000000304952,train,8886_-14392
13000000305723,train,8898_-14621
13000000305725,train,8897_-14642
13000000306290,train,8893_-14631
13000000306315,test,8852_-14516
13000000306674,train,8797_-14427
13000000306861,train,8894_-14642
13000000306870,test,8895_-14640
13000000307162,val,8891_-14635
13000000307555,train,8840_-14501
13000000307560,train,8885_-14392
13000000308099,train,8765_-14515
13000000308408,train,8898_-14637
13000000308611,train,8741_-14461
13000000309547,test,8851_-14518
13000000310689,train,8897_-14642
13000000310862,train,8898_-14621
13000000311381,train,8797_-14427
13000000311483,test,8852_-14516
13000000311773,train,8894_-14642
13000000311852,test,8895_-14640
13000000312000,val,8891_-14635
13000000312542,train,8840_-14501
13000000312631,train,8885_-14392
13000000313293,train,8741_-14461
13000000313356,train,8898_-14637
13000000314600,test,8851_-14518
13000000315656,test,8804_-14633
13000000315774,train,8898_-14621
13000000316825,test,8895_-14640
13000000316900,train,8894_-14642
13000000317131,val,8891_-14635
13000000317566,train,8840_-14501
13000000317748,train,8885_-14392
13000000318269,train,8898_-14637
13000000318441,train,8741_-14461
13000000319664,test,8851_-14518
13000000319997,train,8886_-14392
13000000320450,test,8804_-14633
13000000320715,train,8898_-14621
13000000321837,train,8894_-14642
13000000321928,test,8895_-14640
13000000321992,val,8891_-14635
13000000322527,train,8885_-14392
13000000322599,train,8840_-14501
13000000323368,train,8898_-14637
13000000323605,train,8741_-14461
13000000324393,test,8851_-14518
13000000325129,train,8886_-14392
13000000325452,test,8804_-14633
13000000325716,train,8898_-14621
13000000326921,test,8895_-14640
13000000327628,train,8840_-14501
13000000327723,train,8885_-14392
13000000328229,train,8898_-14637
13000000328983,val,8984_-14625
13000000329462,test,8851_-14518
13000000329932,train,8886_-14392
13000000330673,test,8804_-14633
13000000331796,test,8895_-14640
13000000332579,train,8885_-14392
13000000332595,train,8840_-14501
13000000333327,train,8898_-14637
13000000334036,val,8984_-14625
13000000334530,test,8851_-14518
13000000335068,train,8886_-14392
13000000335608,test,8804_-14633
13000000336845,test,8895_-14640
13000000337672,train,8840_-14501
13000000337726,val,8761_-14619
13000000337832,train,8886_-14392
13000000339596,test,8851_-14518
13000000339837,train,8886_-14392
13000000339950,train,8897_-14642
13000000340009,val,8869_-14378
13000000341795,test,8895_-14640
13000000342560,train,8840_-14501
13000000342834,val,8761_-14619
13000000344677,test,8851_-14519
13000000344916,train,8886_-14392
13000000344937,val,8869_-14378
13000000345032,train,8897_-14642
13000000346963,test,8895_-14640
13000000347578,train,8840_-14501
13000000347931,val,8761_-14619
13000000348097,train,8765_-14515
13000000349434,test,8851_-14519
13000000349875,val,8869_-14378
13000000349959,train,8886_-14392
13000000350066,train,8897_-14642
13000000350707,val,8856_-14486
13000000351865,test,8895_-14640
13000000352547,train,8840_-14501
13000000352744,val,8761_-14619
13000000353330,train,8765_-14515
13000000354546,test,8851_-14519
13000000354956,train,8886_-14392
13000000355029,train,8897_-14642
13000000355204,val,8869_-14378
13000000355591,val,8856_-14486
13000000356137,test,8848_-14510
13000000356323,val,8798_-14427
13000000356928,test,8895_-14640
13000000357658,train,8840_-14501
13000000358113,train,8765_-14515
13000000358420,train,8898_-14636
13000000359670,test,8851_-14519
13000000359904,train,8886_-14392
13000000360101,train,8897_-14642
13000000360182,val,8869_-14378
13000000360517,val,8856_-14486
13000000361008,test,8848_-14510
13000000361376,val,8798_-14427
13000000361798,test,8895_-14640
13000000361799,train,8894_-14642
13000000362605,train,8840_-14501
13000000363294,train,8898_-14636
13000000363324,train,8765_-14515
13000000364161,val,8984_-14625
13000000364303,train,8896_-14614
13000000364454,test,8851_-14519
13000000365022,train,8897_-14642
13000000365163,train,8886_-14392
13000000365190,val,8869_-14378
13000000365705,val,8856_-14486
13000000366124,test,8848_-14510
13000000366435,val,8798_-14427
13000000366874,test,8895_-14640
13000000366877,train,8894_-14642
13000000367596,train,8840_-14501
13000000368095,train,8765_-14515
13000000368236,train,8898_-14636
13000000369115,val,8984_-14625
13000000369117,train,8896_-14613
13000000369581,test,8851_-14519
13000000369712,train,8895_-14642
13000000369844,val,8869_-14378
13000000370073,train,8897_-14642
13000000370085,train,8886_-14392
13000000370704,val,8856_-14486
13000000371185,test,8848_-14510
13000000371480,val,8798_-14427
13000000371821,train,8894_-14642
13000000371919,test,8895_-14640
13000000372600,train,8840_-14501
13000000373323,test,8897_-14644
13000000373400,train,8898_-14636
13000000374139,val,8984_-14625
13000000374271,train,8896_-14613
13000000374365,test,8851_-14519
13000000374439,train,8618_-14492
13000000374653,train,8895_-14642
13000000374920,val,8869_-14378
13000000374996,train,8886_-14392
13000000374999,train,8897_-14642
13000000375526,val,8856_-14486
13000000375686,train,8898_-14621
13000000376209,test,8848_-14510
13000000376523,val,8798_-14427
13000000376807,train,8894_-14642
13000000377615,train,8840_-14501
13000000378266,test,8897_-14644
13000000378327,train,8898_-14636
13000000379138,train,8896_-14613
13000000379184,val,8984_-14625
13000000379491,test,8851_-14519
13000000379630,train,8618_-14492
13000000379644,train,8895_-14642
13000000379890,train,8886_-14392
13000000380023,val,8869_-14378
13000000380637,val,8856_-14486
13000000380687,train,8898_-14621
13000000381206,test,8848_-14510
13000000382570,train,8840_-14501
13000000383385,train,8898_-14636
13000000383990,val,8984_-14625
13000000384609,test,8851_-14519
13000000384631,train,8895_-14642
13000000384783,train,8618_-14492
13000000385077,train,8886_-14392
13000000385163,val,8869_-14378
13000000385536,val,8856_-14486
13000000385920,train,8898_-14621
13000000386197,test,8848_-14510
13000000387196,train,8891_-14634
13000000387567,train,8840_-14501
13000000389049,val,8984_-14625
13000000389375,test,8851_-14519
13000000389390,train,8618_-14492
13000000389718,train,8895_-14642
13000000389927,train,8886_-14392
13000000390881,train,8898_-14621
13000000391190,test,8848_-14510
13000000392014,train,8891_-14634
13000000392577,train,8840_-14501
13000000393240,test,8897_-14644
13000000394100,val,8984_-14625
13000000394472,train,8618_-14492
13000000394479,test,8851_-14519
13000000394746,train,8895_-14642
13000000395090,train,8886_-14392
13000000395702,val,8856_-14486
13000000395771,train,8898_-14621
13000000396239,train,8894_-14631
13000000397102,train,8891_-14634
13000000397569,train,8840_-14501
13000000398258,test,8897_-14644
13000000399162,val,8984_-14625
13000000399519,train,8618_-14492
13000000399760,train,8895_-14642
13000000399939,train,8886_-14392
13000000400689,val,8856_-14486
13000000400786,train,8898_-14621
13000000401240,train,8894_-14631
13000000401327,test,8852_-14516
13000000402195,train,8891_-14634
13000000402689,train,8840_-14501
13000000403232,test,8897_-14644
13000000403989,val,8984_-14625
13000000404088,train,8896_-14613
13000000404528,train,8618_-14492
13000000404705,train,8895_-14642
13000000405130,train,8886_-14392
13000000405688,val,8856_-14486
13000000405898,train,8898_-14621
13000000406238,train,8894_-14631
13000000406306,test,8852_-14516
13000000406980,train,8891_-14634
13000000407635,train,8840_-14501
13000000408243,test,8897_-14644
13000000409100,val,8984_-14625
13000000409294,train,8896_-14613
13000000409503,train,8618_-14492
13000000409639,train,8895_-14642
13000000410015,train,8886_-14392
13000000410701,val,8856_-14486
13000000410845,train,8898_-14621
13000000411224,train,8894_-14631
13000000411289,test,8852_-14516
13000000411968,val,8895_-14639
13000000412006,train,8891_-14634
13000000412538,train,8886_-14392
13000000412620,train,8840_-14501
13000000413180,test,8897_-14644
13000000414191,train,8896_-14613
13000000414431,train,8618_-14492
13000000414700,train,8895_-14642
13000000414933,train,8886_-14392
13000000415697,val,8856_-14486
13000000415849,train,8898_-14621
13000000416199,train,8894_-14631
13000000416445,test,8852_-14516
13000000416865,val,8895_-14639
13000000416987,train,8891_-14634
13000000417616,train,8840_-14501
13000000417751,train,8886_-14392
13000000418269,test,8897_-14644
13000000419373,train,8896_-14613
13000000419795,train,8895_-14642
13000000420141,test,8721_-14595
13000000420651,val,8856_-14486
13000000420698,train,8898_-14621
13000000421162,train,8894_-14631
13000000421288,test,8852_-14516
13000000422020,val,8895_-14639
13000000422214,train,8891_-14634
13000000422570,train,8840_-14501
13000000422591,train,8886_-14392
13000000424227,train,8896_-14613
13000000424667,train,8895_-14642
13000000425185,test,8721_-14595
13000000425549,val,8856_-14486
13000000425873,train,8898_-14621
13000000426373,train,8894_-14631
13000000426478,test,8852_-14516
13000000426983,val,8895_-14639
13000000427143,train,8891_-14634
13000000427375,train,8796_-14425
13000000427749,train,8886_-14392
13000000428122,train,8764_-14515
13000000429683,train,8895_-14642
13000000430055,train,8886_-14391
13000000430251,test,8721_-14595
13000000430651,val,8856_-14486
13000000430732,train,8898_-14621
13000000431293,test,8852_-14516
13000000431315,train,8894_-14631
13000000431794,val,8895_-14639
13000000432046,train,8891_-14634
13000000432255,train,8796_-14425
13000000432537,train,8886_-14392
13000000433045,train,8764_-14515
13000000433770,train,8719_-14470
13000000434545,test,8851_-14519
13000000434685,train,8895_-14642
13000000434964,train,8886_-14391
13000000435233,test,8721_-14595
13000000435646,train,8897_-14642
13000000435716,train,8898_-14621
13000000435725,val,8856_-14486
13000000436435,test,8852_-14516
13000000436882,val,8895_-14639
13000000437138,train,8796_-14425
13000000437205,train,8891_-14634
13000000437631,train,8886_-14392
13000000438424,train,8764_-14515
13000000438822,train,8719_-14470
13000000439378,test,8851_-14519
13000000439468,train,8618_-14492
13000000439608,train,8895_-14642
13000000439851,train,8886_-14391
13000000440167,test,8721_-14595
13000000440223,train,8870_-14379
13000000440543,val,8856_-14486
13000000440730,train,8897_-14642
13000000440817,train,8898_-14621
13000000440990,test,8848_-14510
13000000441383,test,8852_-14516
13000000441880,val,8895_-14639
13000000441928,train,8894_-14642
13000000442020,train,8796_-14425
13000000442068,train,8891_-14634
13000000442696,train,8886_-14392
13000000443361,train,8764_-14515
13000000443877,train,8719_-14470
13000000444584,test,8851_-14519
13000000444677,train,8618_-14492
13000000444745,train,8895_-14642
13000000445035,train,8886_-14391
13000000445094,train,8870_-14379
13000000445161,test,8721_-14595
13000000445559,val,8856_-14486
13000000445683,train,8897_-14642
13000000445793,train,8898_-14621
13000000446093,test,8848_-14510
13000000446378,test,8852_-14516
13000000446879,train,8894_-14642
13000000446896,val,8895_-14639
13000000447179,train,8891_-14634
13000000447388,train,8796_-14425
13000000447737,train,8886_-14392
13000000448305,train,8764_-14515
13000000448924,train,8719_-14470
13000000449392,train,8618_-14492
13000000449472,test,8851_-14519
13000000449615,train,8895_-14642
13000000449877,train,8886_-14391
13000000449977,train,8870_-14379
13000000450887,train,8898_-14621
13000000451175,test,8848_-14510
13000000451414,test,8852_-14516
13000000451834,train,8894_-14642
13000000451932,val,8895_-14639
13000000452002,train,8891_-14634
13000000452268,train,8796_-14425
13000000452735,train,8886_-14392
13000000453974,train,8719_-14470
13000000454390,test,8851_-14519
13000000454554,train,8618_-14492
13000000454645,train,8895_-14642
13000000454898,train,8870_-14379
13000000455024,train,8886_-14391
13000000455857,train,8898_-14621
13000000456227,test,8848_-14510
13000000456453,test,8852_-14516
13000000456781,train,8894_-14642
13000000456987,val,8895_-14639
13000000457067,train,8891_-14634
13000000457695,train,8886_-14392
13000000459615,train,8895_-14642
13000000459680,test,8851_-14519
13000000459697,train,8618_-14492
13000000459839,train,8886_-14391
13000000460244,train,8870_-14379
13000000460695,train,8898_-14621
13000000461253,test,8848_-14510
13000000461480,test,8852_-14516
13000000461927,train,8894_-14642
13000000462121,train,8891_-14634
13000000462609,train,8886_-14392
13000000464364,train,8618_-14492
13000000464631,train,8895_-14642
13000000464966,train,8886_-14391
13000000465204,train,8870_-14379
13000000466454,test,8852_-14516
13000000467488,train,8886_-14392
13000000467639,val,8840_-14500
13000000469486,train,8618_-14492
13000000469737,train,8895_-14642
13000000470094,train,8886_-14391
13000000470168,train,8870_-14379
13000000472544,val,8840_-14500
13000000472650,train,8886_-14392
13000000474596,train,8617_-14492
13000000474609,test,8851_-14519
13000000474657,train,8895_-14642
13000000474900,train,8886_-14391
13000000475132,train,8870_-14379
13000000476301,test,8852_-14516
13000000476382,val,8798_-14427
13000000477586,val,8840_-14500
13000000477766,train,8886_-14392
13000000478336,train,8898_-14636
13000000479608,test,8851_-14519
13000000479697,train,8617_-14492
13000000479722,train,8895_-14642
13000000480025,train,8886_-14391
13000000480094,train,8870_-14379
13000000480523,train,8856_-14485
13000000481380,test,8852_-14516
13000000481385,val,8798_-14427
13000000482513,train,8886_-14392
13000000482552,val,8840_-14500
13000000483451,train,8898_-14636
13000000484327,train,8617_-14492
13000000484623,test,8851_-14519
13000000484751,train,8895_-14642
13000000485034,train,8870_-14379
13000000485150,train,8886_-14391
13000000485708,train,8856_-14485
13000000486302,test,8852_-14516
13000000486380,val,8798_-14427
13000000487347,train,8796_-14425
13000000487535,train,8886_-14392
13000000487555,val,8840_-14500
13000000488243,train,8898_-14636
13000000488268,test,8897_-14644
13000000489415,train,8617_-14492
13000000489648,test,8851_-14519
13000000489746,train,8895_-14642
13000000489967,train,8886_-14391
13000000489976,train,8870_-14379
13000000490666,train,8856_-14485
13000000491378,val,8798_-14427
13000000492209,train,8796_-14425
13000000492505,train,8886_-14392
13000000492590,val,8840_-14500
13000000493221,train,8898_-14636
13000000493324,test,8897_-14644
13000000494500,train,8617_-14492
13000000494623,train,8895_-14642
13000000494677,test,8851_-14519
13000000495120,train,8886_-14391
13000000495520,test,8804_-14633
13000000495592,train,8856_-14485
13000000495850,test,8897_-14621
13000000496374,val,8798_-14427
13000000497074,train,8796_-14425
13000000497660,val,8840_-14500
13000000497724,train,8886_-14392
13000000498365,train,8898_-14636
13000000499353,test,8851_-14519
13000000499584,train,8617_-14492
13000000499707,train,8895_-14642
13000000499955,train,8886_-14391
13000000500658,train,8856_-14485
13000000500688,test,8804_-14633
13000000500897,test,8897_-14621
13000000501365,val,8798_-14427
13000000502421,train,8796_-14425
13000000502559,val,8840_-14500
13000000502577,train,8886_-14392
13000000503414,train,8898_-14636
13000000504397,test,8851_-14519
13000000504672,train,8617_-14492
13000000504692,train,8895_-14642
13000000505116,train,8886_-14391
13000000505522,test,8804_-14633
13000000505635,train,8856_-14485
13000000505828,test,8897_-14621
13000000506358,val,8798_-14427
13000000507288,train,8796_-14425
13000000507634,train,8886_-14392
13000000508283,val,8742_-14460
13000000508333,train,8898_-14636
13000000508620,train,8679_-14483
13000000509440,test,8851_-14519
13000000509652,train,8895_-14642
13000000509766,train,8617_-14492
13000000509959,train,8886_-14391
13000000510540,train,8856_-14485
13000000510623,test,8804_-14633
13000000510839,test,8897_-14621
13000000511351,val,8798_-14427
13000000512156,train,8796_-14425
13000000513364,train,8898_-14636
13000000513426,val,8742_-14460
13000000513881,train,8679_-14483
13000000514405,train,8617_-14492
13000000514470,test,8851_-14519
13000000514644,train,8895_-14642
13000000515137,train,8886_-14391
13000000515538,train,8856_-14485
13000000515686,test,8804_-14633
13000000515815,test,8897_-14621
13000000516347,val,8798_-14427
13000000516835,val,8895_-14639
13000000517026,train,8796_-14425
13000000518428,train,8898_-14636
13000000518574,val,8742_-14460
13000000518665,train,8679_-14483
13000000519471,test,8851_-14519
13000000519521,train,8617_-14492
13000000519667,train,8895_-14642
13000000519930,train,8886_-14391
13000000520670,train,8856_-14485
13000000520710,test,8804_-14633
13000000520860,test,8897_-14621
13000000521340,val,8798_-14427
13000000521843,val,8895_-14639
13000000522388,train,8796_-14425
13000000523250,val,8742_-14460
13000000523305,train,8898_-14636
13000000523919,train,8679_-14483
13000000524408,test,8851_-14519
13000000524652,train,8895_-14642
13000000524877,train,8886_-14391
13000000525691,test,8804_-14633
13000000525698,train,8856_-14485
13000000525868,test,8897_-14621
13000000526330,val,8798_-14427
13000000526816,val,8895_-14639
13000000527164,train,8891_-14634
13000000527265,train,8796_-14425
13000000527685,val,8840_-14500
13000000528394,train,8898_-14636
13000000528396,val,8742_-14460
13000000528705,train,8679_-14483
13000000529596,test,8851_-14519
13000000529770,train,8895_-14642
13000000529869,train,8886_-14391
13000000530602,train,8856_-14485
13000000530635,test,8804_-14633
13000000530808,test,8897_-14621
13000000531863,val,8895_-14639
13000000532124,train,8891_-14634
13000000532643,test,8839_-14500
13000000533542,val,8742_-14460
13000000533961,train,8679_-14483
13000000534667,test,8851_-14519
13000000534748,train,8895_-14642
13000000535097,train,8886_-14391
13000000535553,train,8856_-14485
13000000535554,test,8804_-14633
13000000536793,val,8895_-14639
13000000537005,train,8891_-14634
13000000537586,test,8839_-14500
13000000538217,val,8742_-14460
13000000538745,train,8679_-14483
13000000539621,test,8851_-14519
13000000539696,train,8895_-14642
13000000539980,train,8886_-14391
13000000540443,test,8804_-14633
13000000540575,train,8856_-14485
13000000541853,val,8895_-14639
13000000542065,train,8891_-14634
13000000542630,test,8839_-14500
13000000543365,val,8742_-14460
13000000543998,train,8679_-14483
13000000544444,test,8851_-14519
13000000544758,train,8895_-14642
13000000545027,train,8886_-14391
13000000545601,train,8856_-14485
13000000545602,test,8804_-14633
13000000546893,val,8895_-14639
13000000547256,test,8795_-14425
13000000547479,test,8886_-14393
13000000547568,test,8839_-14500
13000000548331,train,8764_-14515
13000000548503,val,8742_-14460
13000000548781,train,8679_-14483
13000000549864,train,8886_-14391
13000000550584,train,8856_-14485
13000000551874,val,8895_-14639
13000000552132,test,8795_-14425
13000000552564,test,8886_-14393
13000000552669,test,8839_-14500
13000000553180,val,8742_-14460
13000000553219,train,8764_-14515
13000000553561,train,8679_-14483
13000000555027,train,8886_-14391
13000000555610,train,8856_-14485
13000000556287,test,8852_-14516
13000000557468,test,8886_-14393
13000000557491,test,8795_-14425
13000000557599,test,8839_-14500
13000000558102,train,8764_-14515
13000000559929,train,8886_-14391
13000000562362,test,8795_-14425
13000000562499,test,8886_-14393
13000000562599,test,8839_-14500
13000000563282,test,8897_-14644
13000000563458,train,8764_-14515
13000000564536,train,8617_-14492
13000000564869,train,8886_-14391
13000000566265,test,8852_-14516
13000000567231,test,8795_-14425
13000000567560,test,8886_-14393
13000000567565,test,8839_-14500
13000000568266,test,8897_-14644
13000000568314,train,8764_-14515
13000000569735,train,8617_-14492
13000000569962,train,8886_-14391
13000000571356,test,8852_-14516
13000000572093,test,8795_-14425
13000000572464,test,8886_-14393
13000000572667,test,8839_-14500
13000000573203,test,8897_-14644
13000000574473,train,8617_-14492
13000000574922,train,8886_-14391
13000000576955,val,8891_-14633
13000000577448,test,8795_-14425
13000000577461,test,8886_-14393
13000000577572,test,8839_-14500
13000000578184,test,8898_-14644
13000000578459,val,8742_-14460
13000000579639,val,8850_-14519
13000000579689,train,8617_-14492
13000000579942,train,8886_-14391
13000000581767,train,8895_-14642
13000000581996,val,8891_-14633
13000000582311,test,8795_-14425
13000000582506,test,8886_-14393
13000000582590,test,8839_-14500
13000000583605,val,8742_-14460
13000000584438,train,8617_-14492
13000000584458,val,8850_-14519
13000000585026,train,8886_-14391
13000000586936,train,8895_-14642
13000000587510,test,8886_-14393
13000000587577,test,8839_-14500
13000000588284,val,8742_-14460
13000000589619,val,8850_-14519
13000000589669,train,8617_-14492
13000000589929,train,8886_-14391
13000000590770,train,8856_-14485
13000000591937,train,8895_-14642
13000000592068,val,8891_-14633
13000000592539,test,8886_-14393
13000000592659,test,8839_-14500
13000000593430,val,8742_-14460
13000000594430,train,8617_-14492
13000000594517,val,8850_-14519
13000000594888,train,8886_-14391
13000000595704,train,8856_-14485
13000000595810,train,8897_-14620
13000000596323,train,8894_-14632
13000000596829,train,8895_-14642
13000000597153,val,8891_-14633
13000000597645,test,8839_-14500
13000000598581,val,8742_-14460
13000000599469,val,8850_-14519
13000000599678,train,8617_-14492
13000000599898,train,8886_-14391
13000000600723,train,8856_-14485
13000000600890,train,8897_-14620
13000000601355,train,8894_-14632
13000000601770,train,8895_-14642
13000000601816,val,8895_-14639
13000000602020,val,8891_-14633
13000000602666,test,8839_-14500
13000000603269,train,8764_-14514
13000000604452,train,8617_-14492
13000000604477,val,8850_-14519
13000000604945,train,8886_-14391
13000000605537,train,8856_-14485
13000000605765,train,8897_-14620
13000000606358,train,8894_-14632
13000000606801,train,8895_-14642
13000000606973,val,8895_-14639
13000000607088,val,8891_-14633
13000000607560,test,8839_-14500
13000000608441,train,8764_-14514
13000000609713,train,8617_-14492
13000000610008,train,8886_-14391
13000000610663,train,8856_-14485
13000000610907,train,8897_-14620
13000000611336,train,8894_-14632
13000000611773,train,8895_-14642
13000000611901,val,8895_-14639
13000000612082,val,8891_-14633
13000000612552,test,8839_-14500
13000000613125,train,8764_-14514
13000000614502,train,8617_-14492
13000000614638,train,8895_-14641
13000000615039,train,8886_-14391
13000000615533,train,8856_-14485
13000000615718,train,8897_-14620
13000000615751,val,8896_-14642
13000000616285,train,8894_-14632
13000000616317,test,8851_-14515
13000000616769,train,8895_-14642
13000000616966,val,8891_-14633
13000000617018,val,8895_-14639
13000000617543,test,8839_-14500
13000000618260,train,8764_-14514
13000000619651,train,8895_-14641
13000000620019,train,8886_-14391
13000000620639,train,8856_-14485
13000000620716,train,8897_-14620
13000000621222,train,8894_-14632
13000000621283,test,8851_-14515
13000000621848,train,8895_-14642
13000000621861,val,8895_-14639
13000000622143,val,8891_-14633
13000000622652,test,8839_-14500
13000000623384,train,8764_-14514
13000000624652,train,8895_-14641
13000000624934,train,8886_-14391
13000000625656,train,8856_-14485
13000000625862,train,8897_-14620
13000000626151,train,8894_-14632
13000000626343,test,8851_-14515
13000000626890,train,8895_-14642
13000000626895,val,8895_-14639
13000000627099,test,8795_-14425
13000000627107,val,8891_-14633
13000000627626,test,8839_-14500
13000000628502,train,8764_-14514
13000000629169,test,8719_-14469
13000000629652,train,8895_-14641
13000000630609,train,8856_-14485
13000000631278,train,8894_-14632
130000006312782,test,8851_-14515
13000000631833,train,8895_-14642
13000000631899,val,8895_-14639
13000000631970,val,8891_-14633
13000000632453,test,8795_-14425
13000000632624,test,8839_-14500
13000000633156,train,8764_-14514
13000000634051,test,8719_-14469
13000000634684,train,8895_-14641
13000000635763,train,8856_-14485
13000000636310,test,8851_-14515
13000000636365,train,8894_-14632
13000000636806,train,8895_-14642
13000000636883,val,8895_-14639
13000000636971,val,8891_-14633
13000000637322,test,8795_-14425
13000000637582,test,8839_-14500
13000000638283,train,8764_-14514
13000000638924,test,8719_-14469
13000000639609,train,8895_-14641
13000000640203,train,8721_-14596
13000000640599,train,8856_-14485
13000000640790,train,8897_-14620
13000000641445,test,8851_-14515
13000000641781,train,8895_-14642
13000000641990,val,8891_-14633
13000000642198,test,8795_-14425
13000000642594,test,8839_-14500
13000000643410,train,8764_-14514
13000000643799,test,8719_-14469
13000000644732,train,8895_-14641
13000000645160,train,8721_-14596
13000000645731,train,8897_-14620
13000000646790,train,8895_-14642
13000000647077,test,8795_-14425
13000000647563,test,8839_-14500
13000000648073,train,8764_-14514
13000000648307,train,8899_-14635
13000000649147,test,8719_-14469
13000000649760,train,8895_-14641
13000000650609,test,8804_-14633
13000000651787,train,8895_-14642
13000000652077,val,8891_-14633
13000000653270,train,8899_-14635
13000000655639,test,8804_-14633
13000000656811,train,8895_-14642
13000000656883,val,8895_-14639
13000000657079,val,8891_-14633
13000000658260,train,8899_-14635
13000000660683,test,8804_-14633
13000000661772,train,8895_-14642
13000000661904,val,8895_-14639
13000000662023,val,8891_-14633
13000000663310,train,8899_-14635
13000000665742,test,8804_-14633
13000000666896,train,8895_-14642
13000000666900,val,8895_-14639
13000000667049,val,8891_-14633
13000000668228,train,8899_-14635
13000000670504,test,8804_-14633
13000000671863,val,8895_-14639
13000000671875,train,8895_-14642
13000000672002,val,8891_-14633
13000000673298,train,8899_-14635
13000000676482,test,8851_-14515
13000000676856,train,8895_-14642
13000000676861,val,8895_-14639
13000000677009,val,8891_-14633
13000000678355,train,8899_-14635
13000000681479,test,8851_-14515
13000000681907,train,8895_-14642
13000000681938,val,8895_-14639
13000000681963,val,8891_-14633
13000000682601,test,8839_-14500
13000000683375,train,8899_-14635
13000000686288,test,8851_-14515
13000000687059,val,8891_-14633
13000000687629,test,8839_-14500
13000000688266,train,8899_-14635
13000000690672,train,8805_-14633
13000000691387,test,8851_-14515
13000000692099,val,8891_-14633
13000000692563,test,8839_-14500
13000000693275,train,8899_-14635
13000000695636,train,8805_-14633
13000000695795,val,8896_-14642
13000000696292,test,8851_-14515
13000000697131,val,8891_-14633
13000000697594,test,8839_-14500
13000000698232,train,8899_-14635
13000000700041,train,8870_-14379
13000000700602,train,8805_-14633
13000000700727,val,8896_-14642
13000000701264,test,8851_-14515
13000000702090,val,8891_-14633
13000000702557,test,8839_-14500
13000000703228,train,8899_-14635
13000000705010,train,8870_-14379
13000000705558,train,8805_-14633
13000000705751,val,8896_-14642
13000000706286,test,8851_-14515
13000000707133,val,8891_-14633
13000000707592,test,8839_-14500
13000000708346,train,8899_-14635
13000000709998,train,8870_-14379
13000000710526,train,8805_-14633
13000000710798,val,8896_-14642
13000000711346,test,8851_-14515
13000000711972,val,8891_-14633
13000000712240,test,8795_-14425
13000000712646,test,8839_-14500
13000000713206,val,8742_-14460
13000000713250,train,8899_-14635
13000000715000,train,8870_-14379
13000000715495,train,8805_-14633
13000000715743,val,8896_-14642
13000000715760,train,8897_-14620
13000000716446,test,8851_-14515
13000000716962,val,8891_-14633
13000000717148,test,8795_-14425
13000000717623,test,8839_-14500
13000000718296,train,8899_-14635
13000000718359,val,8742_-14460
13000000720014,train,8870_-14379
13000000720488,train,8805_-14633
13000000720679,val,8896_-14642
13000000720814,train,8897_-14620
13000000722050,test,8795_-14425
13000000722104,val,8891_-14633
13000000722599,test,8839_-14500
13000000723343,train,8899_-14635
13000000723503,val,8742_-14460
13000000725051,train,8870_-14379
13000000725490,train,8805_-14633
13000000725697,val,8896_-14642
13000000725848,train,8897_-14620
13000000726954,val,8891_-14633
13000000727448,test,8795_-14425
13000000727647,test,8839_-14500
13000000728183,val,8742_-14460
13000000728377,train,8899_-14635
13000000729065,val,8984_-14623
13000000730078,train,8870_-14379
13000000730883,train,8897_-14620
13000000732352,test,8795_-14425
13000000732546,test,8839_-14500
13000000733325,val,8742_-14460
13000000733402,train,8899_-14635
13000000733928,test,8678_-14483
13000000734003,val,8984_-14623
13000000735121,train,8870_-14379
13000000735503,train,8805_-14633
13000000735731,train,8856_-14484
13000000735880,train,8897_-14620
13000000736967,val,8891_-14633
13000000737257,test,8795_-14425
13000000737692,test,8839_-14500
13000000738388,train,8899_-14635
13000000738623,test,8678_-14483
13000000739079,val,8984_-14623
13000000740167,train,8870_-14379
13000000740507,train,8805_-14633
13000000740621,train,8856_-14484
13000000740843,train,8897_-14620
13000000742081,val,8891_-14633
13000000742164,test,8795_-14425
13000000742637,test,8839_-14500
13000000743250,train,8899_-14635
13000000743790,test,8678_-14483
13000000744107,val,8984_-14623
13000000745220,train,8870_-14379
13000000745477,train,8805_-14633
13000000745702,train,8856_-14484
13000000746005,train,8847_-14511
13000000746964,val,8891_-14633
13000000747068,test,8795_-14425
13000000747581,test,8839_-14500
13000000748048,test,8994_-14654
13000000748058,train,8764_-14514
13000000748352,train,8899_-14635
13000000748961,test,8678_-14483
13000000749016,val,8984_-14623
13000000750265,train,8870_-14379
13000000750456,train,8805_-14633
13000000750744,train,8856_-14484
13000000751176,train,8847_-14511
13000000752135,val,8891_-14633
13000000752460,test,8795_-14425
13000000752727,test,8839_-14500
13000000752964,test,8994_-14654
13000000753209,train,8764_-14514
13000000753264,train,8899_-14635
13000000753359,val,8742_-14460
13000000753656,test,8678_-14483
13000000753979,val,8984_-14623
13000000755574,train,8856_-14484
13000000755769,train,8805_-14633
13000000756067,train,8847_-14511
13000000756560,train,8799_-14427
13000000757057,val,8891_-14633
13000000757353,test,8795_-14425
13000000757599,test,8839_-14500
13000000757872,test,8994_-14654
13000000758358,train,8764_-14514
13000000758398,train,8899_-14635
13000000758460,val,8742_-14460
13000000758971,val,8984_-14623
13000000760700,train,8856_-14484
13000000760769,train,8805_-14633
13000000760966,train,8847_-14511
13000000761542,train,8799_-14427
13000000762000,val,8891_-14633
13000000762251,test,8795_-14425
13000000762572,test,8839_-14500
13000000762778,test,8994_-14654
13000000763349,train,8899_-14635
13000000763504,train,8764_-14514
13000000763561,val,8742_-14460
13000000764378,train,8617_-14492
13000000765465,train,8805_-14633
13000000765643,train,8856_-14484
13000000766194,train,8847_-14511
13000000766521,train,8799_-14427
13000000766966,val,8891_-14633
13000000767144,test,8795_-14425
13000000767646,test,8839_-14500
13000000768058,test,8994_-14654
13000000768183,train,8764_-14514
13000000768187,val,8742_-14460
13000000768346,train,8899_-14635
13000000769722,train,8617_-14492
13000000770535,train,8805_-14633
13000000770657,train,8856_-14484
13000000771101,train,8847_-14511
13000000771505,train,8799_-14427
13000000771797,train,8895_-14638
13000000772201,val,8891_-14633
13000000772646,test,8839_-14500
13000000772959,test,8994_-14654
13000000773273,val,8742_-14460
13000000773351,train,8899_-14635
13000000774578,train,8617_-14492
13000000775637,train,8805_-14633
13000000775735,train,8856_-14484
13000000776000,train,8847_-14511
13000000776480,train,8799_-14427
13000000777179,val,8891_-14633
13000000778281,train,8899_-14635
13000000778355,val,8742_-14460
13000000779433,train,8617_-14492
13000000780583,train,8856_-14484
13000000781187,train,8847_-14511
13000000781958,val,8891_-14633
13000000782625,test,8839_-14500
13000000783369,train,8899_-14635
13000000783432,val,8742_-14460
13000000784770,train,8617_-14492
13000000785685,train,8856_-14484
13000000786051,train,8847_-14511
13000000787058,val,8891_-14633
13000000787698,test,8839_-14500
13000000788504,val,8742_-14460
13000000790533,train,8856_-14484
13000000792010,train,8895_-14638
13000000792187,val,8891_-14633
13000000792590,test,8839_-14500
13000000793992,val,8984_-14623
13000000795661,train,8856_-14484
13000000796927,train,8895_-14638
13000000797562,test,8839_-14500
13000000799097,val,8984_-14623
13000000800597,train,8856_-14484
13000000801889,train,8895_-14638
13000000802718,test,8839_-14500
13000000804016,val,8984_-14623
13000000805588,train,8856_-14484
13000000806853,train,8895_-14638
13000000806956,train,8895_-14642
13000000809117,val,8984_-14623
13000000810710,train,8856_-14484
13000000811787,train,8895_-14638
13000000811852,train,8895_-14642
13000000813321,train,8899_-14635
13000000814003,val,8984_-14623
13000000815709,train,8856_-14484
13000000816837,train,8895_-14642
13000000816941,train,8895_-14638
13000000818242,train,8899_-14635
13000000819106,val,8984_-14623
13000000820566,train,8856_-14484
13000000821830,train,8895_-14638
13000000821934,train,8895_-14642
13000000823253,train,8899_-14635
13000000823980,val,8984_-14623
13000000825556,train,8856_-14484
13000000826202,train,8847_-14511
13000000826769,train,8895_-14642
13000000826941,train,8895_-14638
13000000828237,train,8899_-14635
13000000828748,train,8720_-14469
13000000829096,val,8984_-14623
13000000831150,train,8847_-14511
13000000831923,train,8895_-14642
13000000832004,train,8894_-14638
13000000832129,test,8795_-14425
13000000833335,train,8899_-14635
13000000833777,train,8720_-14469
13000000834029,val,8984_-14623
13000000836118,train,8847_-14511
13000000836771,train,8895_-14642
13000000836981,train,8894_-14638
13000000837013,test,8795_-14425
13000000838344,train,8899_-14635
13000000838814,train,8720_-14469
13000000839158,val,8984_-14623
13000000840828,train,8897_-14619
13000000841089,train,8847_-14511
13000000841639,train,8799_-14427
13000000841828,train,8895_-14642
13000000841913,train,8894_-14638
13000000842385,test,8795_-14425
13000000843236,train,8899_-14635
13000000843854,train,8720_-14469
13000000844034,val,8984_-14623
13000000845753,train,8897_-14619
13000000846035,train,8847_-14511
13000000846622,train,8799_-14427
13000000847268,test,8795_-14425
13000000848267,train,8899_-14635
13000000848904,train,8720_-14469
13000000849097,val,8984_-14623
13000000849185,test,8896_-14612
13000000850691,train,8897_-14619
13000000851265,train,8847_-14511
13000000851602,train,8799_-14427
13000000852150,test,8795_-14425
13000000853327,train,8899_-14635
13000000853959,train,8720_-14469
13000000854292,test,8896_-14612
13000000855882,train,8897_-14619
13000000856165,train,8847_-14511
13000000856589,train,8799_-14427
13000000858400,train,8899_-14634
13000000859315,test,8896_-14612
13000000860820,train,8897_-14619
13000000861064,train,8847_-14511
13000000861579,train,8799_-14427
13000000863308,train,8899_-14634
13000000864268,test,8896_-14612
13000000864881,train,8871_-14379
13000000865723,train,8897_-14619
13000000865975,train,8847_-14511
13000000866561,train,8799_-14427
13000000868310,train,8899_-14634
13000000869936,train,8871_-14379
13000000870736,train,8897_-14619
13000000871204,train,8847_-14511
13000000871535,train,8799_-14427
13000000872683,train,8839_-14499
13000000873365,train,8899_-14634
13000000874893,train,8871_-14379
13000000875785,train,8897_-14619
13000000876134,train,8847_-14511
13000000876512,train,8799_-14427
13000000877669,train,8839_-14499
13000000878258,train,8899_-14634
13000000880118,train,8871_-14379
13000000880840,train,8897_-14619
13000000881071,train,8847_-14511
13000000881479,train,8799_-14427
13000000882656,train,8839_-14499
13000000883260,train,8899_-14634
13000000884885,train,8871_-14379
13000000885728,train,8897_-14619
13000000885999,train,8847_-14511
13000000886448,train,8799_-14427
13000000887595,train,8839_-14499
13000000888361,train,8899_-14634
13000000889083,val,8984_-14623
13000000890756,train,8897_-14619
13000000891243,train,8847_-14511
13000000892091,val,8891_-14632
13000000892664,train,8839_-14499
13000000893299,train,8899_-14634
13000000894044,val,8984_-14623
13000000895714,train,8897_-14619
13000000896184,train,8847_-14511
13000000896998,val,8891_-14632
13000000897584,train,8839_-14499
13000000899025,val,8984_-14623
13000000900881,train,8897_-14619
13000000901133,train,8847_-14511
13000000902198,val,8891_-14632
13000000902663,train,8839_-14499
13000000903987,val,8984_-14623
13000000904862,train,8887_-14390
13000000907096,val,8891_-14632
13000000907705,train,8839_-14499
13000000908252,train,8899_-14634
13000000908440,val,8743_-14459
13000000909103,val,8984_-14623
13000000909977,train,8887_-14390
13000000910812,train,8897_-14619
13000000910979,train,8847_-14511
13000000911372,test,8851_-14515
13000000911982,val,8891_-14632
13000000912546,train,8839_-14499
13000000913302,train,8899_-14634
13000000913532,val,8743_-14459
13000000914065,val,8984_-14623
13000000914919,train,8887_-14390
13000000915695,train,8897_-14619
13000000916173,train,8847_-14511
13000000916370,test,8851_-14515
13000000917140,val,8891_-14632
13000000918304,train,8899_-14634
13000000918613,val,8743_-14459
13000000919015,val,8984_-14623
13000000919992,train,8887_-14390
13000000920744,train,8897_-14619
13000000921051,train,8847_-14511
13000000921355,test,8851_-14515
13000000921989,val,8891_-14632
13000000922646,train,8839_-14499
13000000923237,train,8899_-14634
13000000923240,val,8743_-14459
13000000924032,val,8984_-14623
13000000924865,train,8887_-14390
13000000925802,train,8897_-14619
13000000926210,train,8847_-14511
13000000926327,test,8851_-14515
13000000927613,train,8839_-14499
13000000928336,val,8743_-14459
13000000928337,train,8899_-14634
13000000929103,val,8984_-14623
13000000930119,train,8887_-14390
13000000930896,train,8897_-14619
13000000931070,train,8847_-14511
13000000931284,test,8851_-14515
13000000931964,train,8894_-14638
13000000933393,train,8899_-14634
13000000934052,val,8984_-14623
13000000935125,train,8887_-14390
13000000935876,train,8897_-14619
13000000936214,train,8847_-14511
13000000936505,test,8851_-14515
13000000936865,val,8896_-14642
13000000937000,train,8894_-14638
13000000938987,test,8678_-14483
13000000939011,val,8984_-14623
13000000939861,train,8887_-14390
13000000940695,train,8897_-14619
13000000941067,train,8847_-14511
13000000941436,test,8851_-14515
13000000941808,train,8894_-14638
13000000941927,val,8896_-14642
13000000943810,test,8678_-14483
13000000944016,val,8984_-14623
13000000944972,train,8887_-14390
13000000946355,test,8851_-14515
13000000946880,train,8894_-14638
13000000946904,val,8896_-14642
13000000948638,test,8678_-14483
13000000950132,train,8887_-14390
13000000951790,val,8896_-14642
13000000951979,train,8894_-14638
13000000953459,test,8763_-14514
13000000953956,test,8678_-14483
13000000955009,train,8887_-14390
13000000956680,val,8799_-14426
13000000956914,val,8896_-14642
13000000958116,test,8763_-14514
13000000958796,test,8678_-14483
13000000959921,train,8887_-14390
13000000961590,val,8799_-14426
13000000961783,val,8896_-14642
13000000963235,test,8763_-14514
13000000964496,train,8616_-14493
13000000964858,train,8887_-14390
13000000966502,val,8799_-14426
13000000966777,val,8896_-14642
13000000968349,test,8763_-14514
13000000969768,train,8616_-14493
13000000969838,train,8887_-14390
13000000971415,val,8799_-14426
13000000971836,val,8896_-14642
13000000973459,test,8763_-14514
13000000974557,train,8616_-14493
13000000974854,train,8887_-14390
13000000976324,val,8799_-14426
13000000979346,train,8616_-14493
13000000979910,train,8887_-14390
13000000980846,train,8897_-14619
13000000981645,val,8799_-14426
13000000984619,train,8616_-14493
13000000984995,train,8887_-14390
13000000985793,train,8897_-14619
13000000986558,val,8799_-14426
13000000990107,train,8887_-14390
13000000990774,train,8897_-14619
13000000991477,val,8799_-14426
13000000994903,train,8887_-14390
13000000995773,train,8897_-14619
13000000996402,val,8799_-14426
13000001000066,train,8887_-14390
13000001000772,train,8897_-14619
13000001001288,train,8851_-14514
13000001002023,test,8894_-14637
13000001002553,train,8839_-14499
13000001004903,train,8887_-14390
13000001005580,train,8856_-14484
13000001005752,train,8897_-14619
13000001006370,train,8851_-14514
13000001006869,test,8894_-14637
13000001007589,train,8839_-14499
13000001009040,train,8984_-14622
13000001010092,train,8887_-14390
13000001010685,train,8856_-14484
13000001010707,train,8897_-14619
13000001011331,train,8851_-14514
13000001011845,test,8894_-14637
13000001012554,train,8839_-14499
13000001014203,train,8984_-14622
13000001014937,train,8887_-14390
13000001015751,train,8897_-14619
13000001015795,train,8856_-14484
13000001016376,train,8850_-14514
13000001016923,test,8894_-14637
13000001017650,train,8839_-14499
13000001019196,train,8984_-14622
13000001020580,train,8856_-14484
13000001021308,train,8850_-14514
13000001022050,test,8894_-14637
13000001022577,train,8839_-14499
13000001023981,train,8984_-14622
13000001025732,train,8856_-14484
13000001026297,train,8850_-14514
13000001026901,test,8894_-14637
13000001027645,train,8839_-14499
13000001028814,train,8720_-14469
13000001029072,train,8984_-14622
13000001030568,train,8856_-14484
13000001031301,train,8850_-14514
13000001032058,test,8894_-14637
13000001033945,train,8720_-14469
13000001034198,train,8984_-14622
13000001035735,train,8895_-14642
13000001035787,train,8856_-14483
13000001036351,train,8850_-14514
13000001036946,test,8894_-14637
13000001037696,train,8839_-14499
13000001039065,train,8720_-14469
13000001039080,train,8984_-14622
13000001040661,train,8895_-14642
13000001040699,train,8856_-14483
13000001041083,train,8846_-14511
13000001041300,train,8850_-14514
13000001041850,test,8894_-14637
13000001042610,train,8839_-14499
13000001043710,train,8720_-14469
13000001043991,train,8984_-14622
13000001045660,train,8856_-14483
13000001045743,train,8895_-14642
13000001046168,train,8846_-14511
13000001046339,train,8850_-14514
13000001047055,test,8894_-14637
13000001047559,train,8839_-14499
13000001048814,train,8720_-14469
13000001049209,train,8984_-14622
13000001049895,train,8887_-14390
13000001050665,train,8856_-14483
13000001050666,train,8895_-14642
13000001051210,train,8846_-14511
13000001051443,train,8850_-14514
13000001051986,test,8894_-14637
13000001052688,train,8839_-14499
13000001054217,train,8984_-14622
13000001055043,train,8887_-14390
13000001055677,train,8895_-14642
13000001055691,train,8856_-14483
13000001056216,train,8846_-14511
13000001056301,train,8850_-14514
13000001057666,train,8839_-14499
13000001059025,train,8984_-14622
13000001060121,train,8887_-14390
13000001060677,train,8895_-14642
13000001061214,train,8846_-14511
13000001061360,train,8850_-14514
13000001062656,train,8839_-14499
13000001064130,train,8984_-14622
13000001064921,train,8871_-14379
13000001065127,train,8887_-14390
13000001065712,train,8895_-14642
13000001066210,train,8846_-14511
13000001066302,train,8850_-14514
13000001067644,train,8839_-14499
13000001068974,train,8984_-14622
13000001070085,train,8887_-14390
13000001070163,train,8871_-14379
13000001070796,train,8895_-14642
13000001071224,train,8846_-14511
13000001071330,train,8850_-14514
13000001071811,val,8896_-14642
13000001072708,train,8839_-14499
13000001074090,train,8984_-14622
13000001075001,train,8887_-14390
13000001075007,train,8871_-14379
13000001075976,train,8846_-14511
13000001076432,train,8850_-14514
13000001076870,val,8896_-14642
13000001077604,train,8838_-14499
13000001079854,train,8871_-14379
13000001079882,train,8887_-14390
13000001081035,train,8846_-14511
13000001081364,train,8850_-14514
13000001081850,val,8896_-14642
13000001082128,train,8892_-14632
13000001082650,train,8838_-14499
13000001084015,train,8984_-14622
13000001085033,train,8887_-14390
13000001085104,train,8871_-14379
13000001086019,train,8846_-14511
13000001086298,train,8850_-14514
13000001086851,test,8894_-14637
13000001086909,val,8896_-14642
13000001087225,train,8892_-14632
13000001087648,train,8838_-14499
13000001089009,train,8984_-14622
13000001091222,train,8846_-14511
13000001091404,train,8850_-14514
13000001091792,val,8896_-14642
13000001091801,test,8894_-14637
13000001092035,train,8892_-14632
13000001092554,train,8838_-14499
13000001094172,train,8984_-14622
13000001096101,train,8846_-14511
13000001096458,train,8850_-14514
13000001096979,test,8894_-14637
13000001097173,train,8892_-14632
13000001098992,train,8984_-14622
13000001100984,train,8846_-14511
13000001101462,train,8850_-14514
13000001101811,test,8894_-14637
13000001102029,train,8892_-14632
13000001103982,train,8984_-14622
13000001105239,train,8871_-14379
13000001106167,train,8846_-14511
13000001106451,train,8850_-14514
13000001106904,test,8894_-14637
13000001107199,train,8892_-14632
13000001109125,train,8984_-14622
13000001110063,train,8871_-14379
13000001111168,train,8846_-14511
13000001111422,train,8850_-14514
13000001111986,test,8894_-14637
13000001112077,train,8892_-14632
13000001113361,val,8743_-14459
13000001114175,train,8984_-14622
13000001114884,train,8871_-14379
13000001115696,train,8895_-14642
13000001116004,train,8846_-14511
13000001117063,test,8894_-14637
13000001118545,val,8743_-14459
13000001119177,train,8984_-14622
13000001120106,train,8872_-14379
13000001120804,train,8895_-14642
13000001121184,train,8846_-14511
13000001121360,train,8850_-14514
13000001123263,val,8743_-14459
13000001123986,train,8984_-14622
13000001124919,train,8872_-14379
13000001125715,train,8895_-14642
13000001126094,train,8846_-14511
13000001126297,train,8850_-14514
13000001127533,test,8838_-14498
13000001128450,val,8743_-14459
13000001129149,train,8984_-14622
13000001130127,train,8872_-14379
13000001130691,train,8895_-14642
13000001131278,train,8850_-14514
13000001132677,test,8838_-14498
13000001133172,val,8743_-14459
13000001133985,train,8677_-14483
13000001134097,train,8984_-14622
13000001134924,train,8872_-14379
13000001135657,train,8895_-14642
13000001136279,train,8850_-14514
13000001137715,test,8838_-14498
13000001138827,train,8677_-14483
13000001139046,train,8984_-14622
13000001140113,train,8872_-14379
13000001140637,train,8895_-14642
13000001141290,train,8850_-14514
13000001142576,test,8838_-14498
13000001143667,train,8677_-14483
13000001143962,train,8984_-14622
13000001144900,train,8872_-14379
13000001145679,train,8895_-14642
13000001146314,train,8850_-14514
13000001148260,val,8763_-14513
13000001148991,train,8677_-14483
13000001149031,train,8984_-14622
13000001150081,train,8872_-14379
13000001150667,train,8895_-14642
13000001151370,train,8850_-14514
13000001153347,val,8763_-14513
13000001153828,train,8677_-14483
13000001154001,train,8984_-14622
13000001154870,train,8872_-14379
13000001156453,train,8850_-14514
13000001156514,train,8800_-14426
13000001158437,val,8763_-14513
13000001159088,train,8984_-14622
13000001161310,train,8850_-14514
13000001161556,train,8800_-14426
13000001162648,test,8838_-14498
13000001163065,val,8763_-14513
13000001163991,train,8984_-14622
13000001164408,train,8616_-14493
13000001166438,train,8850_-14514
13000001166602,train,8800_-14426
13000001167584,test,8838_-14498
13000001168159,val,8763_-14513
13000001168297,val,8899_-14633
13000001169004,train,8984_-14622
13000001169707,train,8616_-14493
13000001171362,train,8850_-14514
13000001171641,train,8800_-14426
13000001172366,train,8794_-14425
13000001172554,test,8838_-14498
13000001173337,val,8899_-14633
13000001174064,train,8984_-14622
13000001174528,train,8616_-14493
13000001175701,train,8895_-14642
13000001176690,train,8800_-14426
13000001177254,train,8794_-14425
13000001177552,test,8838_-14498
13000001178337,val,8899_-14633
13000001179031,train,8984_-14622
13000001179350,train,8616_-14493
13000001180767,train,8895_-14642
13000001182140,train,8794_-14425
13000001182221,train,8892_-14632
13000001182584,test,8838_-14498
13000001183250,val,8899_-14633
13000001184097,train,8984_-14622
13000001184652,train,8616_-14493
13000001185737,train,8895_-14642
13000001185797,test,8897_-14618
13000001186946,test,8894_-14637
13000001186997,train,8892_-14632
13000001187022,train,8794_-14425
13000001187647,test,8838_-14498
13000001188420,val,8899_-14633
13000001190746,train,8895_-14642
13000001190768,test,8897_-14618
13000001191844,test,8894_-14637
13000001192035,train,8892_-14632
13000001192395,train,8794_-14425
13000001192736,test,8838_-14498
13000001193390,val,8899_-14633
13000001195644,train,8895_-14642
13000001195734,test,8897_-14618
13000001196972,test,8894_-14637
13000001197079,train,8892_-14632
13000001197276,train,8794_-14425
13000001197611,test,8838_-14498
13000001198325,val,8899_-14633
13000001200687,test,8897_-14618
13000001200797,train,8895_-14642
13000001201802,test,8894_-14637
13000001202124,train,8892_-14631
13000001202156,train,8794_-14425
13000001202717,test,8838_-14498
13000001203228,val,8899_-14633
13000001203978,test,8984_-14621
13000001205739,train,8895_-14642
13000001205868,test,8897_-14618
13000001206898,test,8894_-14637
13000001207034,train,8794_-14425
13000001207152,train,8892_-14631
13000001208272,val,8899_-14633
13000001209037,test,8984_-14621
13000001210791,test,8897_-14618
13000001211971,test,8894_-14637
13000001212175,train,8892_-14631
13000001212395,train,8794_-14425
13000001213250,val,8899_-14633
13000001214091,test,8984_-14621
13000001215692,test,8897_-14618
13000001215696,train,8895_-14642
13000001217031,test,8894_-14637
13000001217208,train,8892_-14631
13000001217266,train,8794_-14425
13000001218238,val,8899_-14633
13000001218981,test,8984_-14621
13000001220687,train,8895_-14642
13000001220812,test,8897_-14618
13000001221808,test,8894_-14637
13000001222134,train,8794_-14425
13000001222229,train,8892_-14631
13000001223270,val,8899_-14633
13000001223979,test,8984_-14621
13000001225700,test,8897_-14618
13000001226842,test,8894_-14637
13000001226977,train,8892_-14631
13000001227492,train,8794_-14425
13000001228220,val,8899_-14633
13000001228513,val,8743_-14459
13000001228972,test,8984_-14621
13000001230772,test,8897_-14618
13000001231857,test,8894_-14637
13000001232005,train,8892_-14631
13000001233235,val,8743_-14459
13000001233268,val,8899_-14633
13000001234095,test,8984_-14621
13000001234157,train,8721_-14468
13000001235819,test,8897_-14618
13000001236851,test,8894_-14637
13000001237007,train,8892_-14631
13000001238287,val,8899_-14633
13000001238439,val,8743_-14459
13000001239039,train,8721_-14468
13000001240879,test,8897_-14618
13000001242222,train,8892_-14631
13000001243170,val,8743_-14459
13000001243934,train,8721_-14468
13000001245687,test,8897_-14618
13000001247104,train,8892_-14631
13000001247452,train,8793_-14425
13000001248830,train,8721_-14468
13000001250873,test,8897_-14618
13000001252209,train,8892_-14631
13000001252321,train,8793_-14425
13000001255712,test,8897_-14618
13000001256987,train,8892_-14631
13000001257183,train,8793_-14425
13000001260117,train,8888_-14389
13000001260823,test,8897_-14618
13000001262044,train,8793_-14425
13000001263305,val,8899_-14633
13000001264894,train,8888_-14389
13000001265864,test,8897_-14618
13000001266915,test,8894_-14637
13000001267384,train,8793_-14425
13000001268346,val,8899_-14633
13000001270030,train,8888_-14389
13000001270743,test,8897_-14618
13000001271829,test,8894_-14637
13000001273350,val,8899_-14633
13000001274878,train,8888_-14389
13000001275912,test,8897_-14618
13000001278300,val,8899_-14633
13000001280078,train,8888_-14389
13000001280802,test,8897_-14618
13000001280836,train,8895_-14642
13000001283400,val,8899_-14633
13000001284946,train,8888_-14389
13000001285752,train,8895_-14642
13000001285911,test,8897_-14618
13000001288328,val,8899_-14633
13000001290033,train,8872_-14380
13000001290131,train,8888_-14389
13000001290822,train,8895_-14642
13000001290873,test,8897_-14618
13000001292102,train,8892_-14631
13000001293408,val,8899_-14633
13000001294990,train,8888_-14389
13000001295210,train,8872_-14380
13000001295820,train,8895_-14642
13000001295864,test,8897_-14618
13000001297007,train,8892_-14631
13000001298398,val,8899_-14633
13000001299836,train,8888_-14389
13000001300024,train,8872_-14380
13000001300666,train,8895_-14642
13000001300845,test,8897_-14618
13000001302014,train,8892_-14631
13000001303428,val,8899_-14633
13000001304892,train,8872_-14380
13000001304985,train,8888_-14389
13000001305742,train,8895_-14642
13000001306991,train,8892_-14631
13000001308295,val,8899_-14633
13000001310094,train,8888_-14389
13000001310229,train,8872_-14380
13000001310666,train,8894_-14642
13000001310808,test,8897_-14618
13000001311963,train,8892_-14631
13000001313289,val,8899_-14633
13000001313475,train,8744_-14458
13000001315219,train,8872_-14380
13000001315681,train,8894_-14642
13000001315767,test,8897_-14618
13000001317032,train,8892_-14631
13000001318173,train,8744_-14458
13000001319844,train,8872_-14380
13000001320662,train,8894_-14642
13000001320696,test,8897_-14618
13000001321989,train,8892_-14631
13000001323337,train,8744_-14458
13000001324950,train,8872_-14380
13000001325664,train,8894_-14642
13000001325895,test,8897_-14618
13000001326964,train,8892_-14631
13000001328499,train,8744_-14458
13000001328764,train,8677_-14484
13000001330108,train,8872_-14380
13000001330687,train,8894_-14642
13000001330829,test,8897_-14618
13000001332056,train,8892_-14631
13000001333197,train,8744_-14458
13000001334020,train,8677_-14484
13000001334881,train,8872_-14380
13000001335797,test,8897_-14617
13000001337038,train,8892_-14631
13000001338805,train,8677_-14484
13000001340127,train,8872_-14380
13000001340789,test,8897_-14617
13000001341846,train,8894_-14636
13000001341989,train,8892_-14631
13000001343588,train,8677_-14484
13000001344954,train,8872_-14380
13000001345806,test,8897_-14617
13000001346936,train,8894_-14636
13000001348851,train,8677_-14484
13000001350815,test,8897_-14617
13000001351919,train,8894_-14636
13000001353325,val,8899_-14633
13000001355808,test,8897_-14617
13000001356361,train,8800_-14426
13000001356962,train,8894_-14636
13000001358220,val,8899_-14633
13000001360790,test,8897_-14617
13000001361268,train,8850_-14513
13000001361409,train,8800_-14426
13000001361835,train,8894_-14636
13000001363267,train,8762_-14512
13000001363395,val,8899_-14633
13000001364440,val,8615_-14493
13000001365741,test,8897_-14617
13000001366348,train,8850_-14513
13000001366458,train,8800_-14426
13000001366971,train,8894_-14636
13000001368436,val,8899_-14633
13000001368451,train,8762_-14512
13000001369731,val,8615_-14493
13000001370961,test,8897_-14617
13000001371103,val,8846_-14510
13000001371411,train,8850_-14513
13000001371507,train,8800_-14426
13000001371894,train,8894_-14636
13000001373168,train,8762_-14512
13000001373317,val,8899_-14633
13000001374545,val,8615_-14493
13000001375881,test,8897_-14617
13000001376100,val,8846_-14510
13000001376560,train,8800_-14426
13000001377005,train,8894_-14636
13000001378249,val,8899_-14633
13000001378360,train,8762_-14512
13000001379358,val,8615_-14493
13000001380813,test,8897_-14617
13000001380969,val,8846_-14510
13000001381977,train,8894_-14636
13000001381981,train,8892_-14631
13000001383083,train,8762_-14512
13000001384640,val,8615_-14493
13000001385980,val,8846_-14510
13000001386798,train,8894_-14636
13000001387062,train,8892_-14631
13000001391904,train,8894_-14636
13000001391953,train,8892_-14631
13000001395841,test,8897_-14617
13000001396986,train,8894_-14636
13000001397119,train,8892_-14631
13000001400741,test,8897_-14617
13000001401947,train,8894_-14636
13000001402028,train,8892_-14631
13000001405960,test,8897_-14617
13000001406071,train,8845_-14510
13000001406983,train,8894_-14636
13000001407176,train,8892_-14631
13000001410666,train,8894_-14642
13000001410934,test,8897_-14617
13000001411860,train,8894_-14636
13000001412046,train,8892_-14631
13000001415065,train,8872_-14380
13000001415745,train,8894_-14642
13000001415965,test,8897_-14617
13000001417003,train,8894_-14636
13000001417093,train,8892_-14631
13000001419999,train,8872_-14380
13000001420660,train,8894_-14642
13000001420757,test,8897_-14617
13000001421870,train,8894_-14636
13000001422083,train,8892_-14631
13000001424936,train,8872_-14380
13000001425658,train,8894_-14642
13000001425896,test,8897_-14617
13000001427025,train,8892_-14631
13000001428374,train,8899_-14632
13000001428885,train,8721_-14468
13000001429877,train,8872_-14380
13000001430694,train,8894_-14642
13000001432152,train,8892_-14631
13000001433279,train,8899_-14632
13000001433319,train,8744_-14458
13000001434010,train,8721_-14468
13000001435272,train,8872_-14380
13000001435694,train,8894_-14642
13000001436993,train,8892_-14631
13000001438470,train,8899_-14632
13000001438500,train,8744_-14458
13000001439114,train,8721_-14468
13000001440222,train,8872_-14380
13000001440666,train,8894_-14642
13000001440974,train,8845_-14510
13000001441987,train,8892_-14631
13000001443204,train,8744_-14458
13000001443400,train,8899_-14632
13000001444180,train,8721_-14468
13000001445164,train,8872_-14380
13000001445661,train,8894_-14642
13000001445977,train,8845_-14510
13000001447126,train,8892_-14631
13000001448336,train,8899_-14632
13000001448389,train,8744_-14458
13000001450107,train,8872_-14380
13000001450644,train,8894_-14642
13000001451134,train,8845_-14510
13000001452167,train,8892_-14631
13000001453271,train,8899_-14632
13000001453565,train,8744_-14458
13000001455660,train,8894_-14642
13000001456114,train,8845_-14510
13000001457100,train,8793_-14426
13000001457115,train,8892_-14631
13000001458460,train,8899_-14632
13000001460674,train,8894_-14642
13000001461221,train,8845_-14510
13000001461971,train,8892_-14631
13000001462442,train,8793_-14426
13000001463404,train,8899_-14632
13000001465674,train,8894_-14642
13000001466079,train,8845_-14510
13000001467132,train,8892_-14631
13000001467298,train,8793_-14426
13000001468340,train,8899_-14632
13000001470670,train,8894_-14642
13000001470989,train,8845_-14510
13000001471995,train,8892_-14631
13000001472152,train,8793_-14426
13000001473273,train,8899_-14632
13000001476268,train,8845_-14510
13000001477143,train,8892_-14631
13000001477485,train,8793_-14426
13000001478228,train,8899_-14632
13000001481970,train,8892_-14631
13000001483483,train,8899_-14632
13000001487089,train,8892_-14631
13000001488272,train,8899_-14632
13000001491915,train,8894_-14636
13000001493363,train,8899_-14632
13000001496933,train,8894_-14636
13000001497043,train,8892_-14631
13000001498241,train,8899_-14632
13000001501966,train,8893_-14631
13000001502003,train,8894_-14636
13000001506833,train,8894_-14636
13000001506977,train,8893_-14631
13000001511963,train,8894_-14636
13000001511997,train,8893_-14631
13000001513266,train,8744_-14458
13000001516838,train,8894_-14636
13000001518425,train,8744_-14458
13000001521981,train,8894_-14636
13000001523410,train,8899_-14632
13000001523577,train,8744_-14458
13000001526850,train,8894_-14636
13000001528265,train,8744_-14458
13000001528495,train,8899_-14632
13000001531079,train,8845_-14510
13000001531990,train,8894_-14636
13000001533347,train,8899_-14632
13000001533421,train,8744_-14458
13000001536125,train,8845_-14510
13000001536859,train,8894_-14635
13000001538246,train,8899_-14632
13000001538984,test,8676_-14484
13000001541129,train,8845_-14510
13000001543494,train,8899_-14632
13000001543654,test,8676_-14484
13000001545078,train,8889_-14389
13000001546088,train,8845_-14510
13000001548489,train,8899_-14632
13000001548798,test,8676_-14484
13000001549864,train,8889_-14389
13000001550688,train,8894_-14642
13000001551001,train,8845_-14510
13000001553222,train,8899_-14632
13000001553942,test,8676_-14484
13000001554976,train,8889_-14389
13000001555669,train,8894_-14642
13000001556210,train,8845_-14510
13000001558629,test,8676_-14484
13000001559735,val,8615_-14494
13000001560097,train,8889_-14389
13000001560673,train,8894_-14642
13000001561060,train,8845_-14510
13000001561629,test,8801_-14425
13000001564510,val,8615_-14494
13000001564911,train,8889_-14389
13000001565784,train,8894_-14642
13000001566500,test,8801_-14425
13000001568217,train,8762_-14512
13000001569754,val,8615_-14494
13000001570063,train,8889_-14389
13000001570745,train,8894_-14642
13000001571374,test,8801_-14425
13000001573425,train,8762_-14512
13000001574525,val,8615_-14494
13000001574903,train,8889_-14389
13000001575727,train,8894_-14642
13000001576646,test,8801_-14425
13000001578154,train,8762_-14512
13000001579770,val,8615_-14494
13000001580074,train,8889_-14389
13000001580732,train,8894_-14642
13000001583351,train,8762_-14512
13000001584540,val,8615_-14494
13000001584929,train,8889_-14389
13000001586535,train,8850_-14513
13000001588070,train,8762_-14512
13000001588246,train,8899_-14632
13000001590126,train,8889_-14389
13000001591535,train,8850_-14512
13000001593287,train,8899_-14632
13000001596268,train,8850_-14512
13000001598305,train,8899_-14632
13000001601290,train,8850_-14512
13000001603299,train,8899_-14632
13000001608292,train,8899_-14632
13000001613272,train,8899_-14632
13000001618508,train,8899_-14632
13000001623422,train,8899_-14632
13000001623707,train,8722_-14469
13000001629046,train,8722_-14469
13000001633921,train,8722_-14469
13000001638817,train,8722_-14469
13000001640688,train,8894_-14642
13000001640989,train,8845_-14510
13000001643730,train,8722_-14469
13000001645645,train,8894_-14642
13000001645965,train,8845_-14510
13000001647797,train,8994_-14650
13000001650754,train,8894_-14642
13000001650962,train,8845_-14510
13000001652861,train,8994_-14650
13000001655778,train,8893_-14642
13000001655981,train,8845_-14510
13000001656355,train,8850_-14512
13000001657947,train,8994_-14650
13000001660684,train,8893_-14642
13000001661014,train,8845_-14510
13000001661307,train,8850_-14512
13000001663061,train,8994_-14650
13000001665712,train,8893_-14642
13000001666073,train,8845_-14510
13000001666378,train,8850_-14512
13000001667031,train,8792_-14426
13000001667823,train,8994_-14650
13000001670783,train,8893_-14642
13000001671155,train,8845_-14510
13000001671302,train,8850_-14512
13000001672358,train,8792_-14426
13000001672970,train,8994_-14650
13000001675661,train,8893_-14642
13000001676251,train,8845_-14510
13000001676292,train,8850_-14512
13000001677206,train,8792_-14426
13000001677766,train,8994_-14650
13000001681013,train,8845_-14510
13000001681475,train,8850_-14512
13000001682058,train,8792_-14426
13000001682935,train,8994_-14650
13000001686103,train,8845_-14510
13000001686410,train,8850_-14512
13000001687397,train,8792_-14426
13000001691183,train,8845_-14510
13000001691392,train,8850_-14512
13000001693315,train,8899_-14632
13000001696251,train,8845_-14510
13000001696328,train,8850_-14512
13000001698290,train,8899_-14632
13000001700973,train,8845_-14510
13000001701327,train,8850_-14512
13000001703273,train,8899_-14632
13000001706003,train,8845_-14510
13000001706362,train,8850_-14512
13000001708270,train,8899_-14632
13000001710978,train,8845_-14510
13000001711312,train,8850_-14512
13000001713225,train,8899_-14632
13000001713390,train,8745_-14458
13000001716233,train,8845_-14510
13000001716318,train,8850_-14512
13000001716878,test,8893_-14635
13000001718351,train,8899_-14632
13000001718582,train,8745_-14458
13000001721268,train,8850_-14512
13000001721988,test,8893_-14635
13000001723293,train,8899_-14632
13000001723303,train,8745_-14458
13000001726350,train,8850_-14512
13000001726787,test,8893_-14635
13000001728198,val,8762_-14511
13000001728301,train,8899_-14632
13000001728504,train,8745_-14458
13000001731434,train,8850_-14512
13000001731974,test,8893_-14635
13000001733231,train,8745_-14458
13000001733247,train,8899_-14632
13000001733344,val,8762_-14511
13000001736390,train,8850_-14512
13000001736895,test,8893_-14635
13000001738307,train,8899_-14632
13000001738492,val,8762_-14511
13000001738777,test,8676_-14484
13000001741389,train,8850_-14512
13000001741861,test,8893_-14635
13000001743173,val,8762_-14511
13000001743586,test,8676_-14484
13000001746330,train,8850_-14512
13000001746872,test,8893_-14635
13000001748323,val,8762_-14511
13000001748879,test,8676_-14484
13000001751303,train,8850_-14512
13000001751863,test,8893_-14635
13000001753692,test,8676_-14484
13000001756351,train,8850_-14512
13000001756427,test,8801_-14425
13000001756997,test,8893_-14635
13000001758988,test,8676_-14484
13000001761266,train,8850_-14512
13000001761701,test,8801_-14425
13000001761800,test,8893_-14635
13000001762827,test,8837_-14497
13000001764497,train,8614_-14494
13000001766574,test,8801_-14425
13000001766936,test,8893_-14635
13000001767734,test,8837_-14497
13000001768459,val,8762_-14511
13000001769663,train,8614_-14494
13000001771271,train,8850_-14512
13000001771451,test,8801_-14425
13000001771939,test,8893_-14635
13000001772626,test,8837_-14497
13000001773147,val,8762_-14511
13000001774361,train,8614_-14494
13000001776273,train,8850_-14512
13000001776324,test,8801_-14425
13000001776789,test,8893_-14635
13000001777552,test,8837_-14497
13000001778307,val,8762_-14511
13000001779530,train,8614_-14494
13000001781285,train,8850_-14512
13000001781820,test,8893_-14635
13000001782823,test,8837_-14497
13000001783469,val,8762_-14511
13000001784704,train,8614_-14494
13000001786267,train,8850_-14512
13000001786941,test,8893_-14635
13000001787785,test,8837_-14497
13000001788164,val,8762_-14511
13000001791461,train,8850_-14512
13000001791881,test,8893_-14635
13000001792787,test,8837_-14497
13000001796452,train,8850_-14512
13000001796905,train,8893_-14634
13000001801270,train,8850_-14512
13000001801911,train,8893_-14634
13000001810723,train,8893_-14642
13000001813428,test,8900_-14631
13000001815826,train,8893_-14642
13000001816903,train,8893_-14634
13000001818232,test,8900_-14631
13000001820748,train,8893_-14642
13000001821915,train,8893_-14634
13000001823387,test,8900_-14631
13000001825823,train,8893_-14642
13000001826976,train,8893_-14634
13000001828342,test,8900_-14631
13000001831790,train,8893_-14634
13000001833374,test,8900_-14631
13000001835791,train,8893_-14642
13000001835982,train,8844_-14510
13000001836988,train,8893_-14634
13000001838476,test,8900_-14631
13000001841077,train,8844_-14510
13000001841984,train,8893_-14634
13000001843364,test,8900_-14631
13000001844018,test,8723_-14469
13000001846111,train,8844_-14510
13000001846877,train,8893_-14634
13000001848316,test,8900_-14631
13000001850995,train,8844_-14510
13000001851870,train,8893_-14634
13000001853325,test,8900_-14631
13000001855988,train,8844_-14510
13000001856870,train,8893_-14634
13000001858370,test,8900_-14631
13000001860992,train,8844_-14509
13000001861799,train,8893_-14634
13000001863445,test,8900_-14631
13000001866181,train,8844_-14509
13000001866926,train,8893_-14634
13000001868259,test,8900_-14631
13000001871148,train,8844_-14509
13000001871441,train,8850_-14511
13000001871981,train,8893_-14634
13000001873383,test,8900_-14631
13000001876021,train,8844_-14509
13000001876332,train,8850_-14511
13000001876799,train,8893_-14634
13000001877209,train,8792_-14426
13000001881463,train,8850_-14511
13000001881844,train,8893_-14634
13000001882158,train,8792_-14426
13000001886338,train,8850_-14511
13000001887021,train,8893_-14634
13000001887110,train,8792_-14426
13000001891475,train,8850_-14511
13000001891914,train,8893_-14634
13000001892062,train,8792_-14426
13000001895728,train,8897_-14615
13000001895962,train,8844_-14509
13000001896397,train,8850_-14511
13000001897009,train,8792_-14426
13000001897057,train,8893_-14634
13000001900919,train,8897_-14615
13000001901035,train,8844_-14509
13000001901355,train,8850_-14511
13000001901867,train,8893_-14634
13000001905732,train,8897_-14615
13000001905974,train,8844_-14509
13000001906345,train,8850_-14511
13000001906990,train,8893_-14634
13000001910896,train,8897_-14615
13000001911033,train,8844_-14509
13000001911363,train,8850_-14511
13000001911800,train,8893_-14634
13000001913520,train,8745_-14457
13000001915969,train,8897_-14615
13000001916089,train,8844_-14509
13000001916396,train,8850_-14511
13000001916877,train,8893_-14634
13000001918245,train,8745_-14457
13000001919899,train,8890_-14389
13000001920892,train,8897_-14615
13000001921176,train,8844_-14509
13000001921452,train,8850_-14511
13000001921952,train,8893_-14634
13000001922227,train,8792_-14426
13000001923442,train,8745_-14457
13000001925184,train,8890_-14389
13000001925951,train,8897_-14615
13000001925998,train,8844_-14509
13000001926272,train,8850_-14511
13000001927166,train,8792_-14426
13000001928628,train,8745_-14457
13000001930086,train,8890_-14389
13000001930730,train,8897_-14615
13000001931405,train,8850_-14511
13000001932104,train,8792_-14426
13000001933343,train,8745_-14457
13000001934984,train,8890_-14388
13000001935799,train,8858_-14481
13000001936317,train,8850_-14511
13000001937042,train,8792_-14426
13000001939875,train,8890_-14388
13000001940873,train,8858_-14481
13000001941275,train,8850_-14511
13000001942467,train,8792_-14426
13000001944163,train,8895_-14608
13000001945533,train,8858_-14481
13000001946272,train,8850_-14511
13000001947400,train,8792_-14426
13000001949394,train,8895_-14608
13000001950614,train,8858_-14481
13000001951279,train,8850_-14511
13000001952325,train,8791_-14426
13000001954238,train,8895_-14608
13000001955697,train,8858_-14481
13000001956299,train,8850_-14511
13000001956409,train,8802_-14425
13000001957252,train,8791_-14426
13000001959092,train,8895_-14608
13000001960742,train,8897_-14615
13000001960789,train,8858_-14481
13000001961391,train,8802_-14425
13000001962044,train,8893_-14634
13000001962176,train,8791_-14426
13000001964361,train,8895_-14608
13000001964745,test,8613_-14494
13000001965764,train,8897_-14615
13000001965887,train,8858_-14481
13000001966376,train,8802_-14425
13000001966928,train,8893_-14634
13000001967093,train,8791_-14426
13000001968248,train,8762_-14510
13000001969251,train,8895_-14608
13000001969529,test,8613_-14494
13000001970566,train,8858_-14481
13000001970784,train,8897_-14615
13000001971358,train,8802_-14425
13000001972011,train,8791_-14426
13000001972059,train,8893_-14634
13000001973407,train,8762_-14510
13000001974158,train,8895_-14608
13000001974316,test,8613_-14494
13000001975666,train,8858_-14481
13000001975803,train,8897_-14615
13000001976341,train,8802_-14425
13000001976875,train,8893_-14634
13000001977412,train,8791_-14426
13000001978094,train,8762_-14510
13000001979089,train,8895_-14608
13000001979579,test,8613_-14494
13000001980770,train,8858_-14481
13000001980826,train,8897_-14615
13000001981941,train,8893_-14634
13000001983247,train,8762_-14510
13000001984372,test,8613_-14494
13000001985872,train,8897_-14615
13000001987000,train,8893_-14634
13000001988398,train,8762_-14510
13000001990732,train,8897_-14615
13000001992051,train,8893_-14634
13000001993303,test,8900_-14631
13000001995726,train,8897_-14615
13000001996801,train,8893_-14634
13000001998363,test,8900_-14631
13000002000723,train,8897_-14615
13000002001789,train,8893_-14634
13000002003404,test,8900_-14631
13000002005941,train,8897_-14615
13000002007004,train,8893_-14634
13000002008428,test,8900_-14631
13000002011897,train,8893_-14634
13000002013436,test,8900_-14631
13000002017819,train,8836_-14496
13000002022641,train,8836_-14496
13000002025871,train,8897_-14615
13000002027810,train,8836_-14496
13000002030884,train,8858_-14480
13000002030913,train,8897_-14615
13000002032689,train,8836_-14496
13000002034164,test,8723_-14469
13000002035544,train,8858_-14480
13000002035754,train,8897_-14615
13000002037577,train,8836_-14496
13000002038931,test,8723_-14469
13000002040619,train,8858_-14480
13000002040863,train,8897_-14615
13000002042794,train,8836_-14496
13000002044172,test,8723_-14469
13000002045703,train,8858_-14480
13000002045810,train,8897_-14615
13000002047692,train,8836_-14496
13000002048937,test,8723_-14469
13000002050780,train,8858_-14480
13000002051842,test,8893_-14633
13000002052594,train,8836_-14496
13000002054174,test,8723_-14469
13000002055867,train,8858_-14480
13000002056969,test,8893_-14633
13000002060539,train,8858_-14480
13000002061826,test,8893_-14633
13000002065635,train,8858_-14480
13000002066943,test,8893_-14633
13000002069855,val,8874_-14381
13000002072053,test,8893_-14633
13000002074848,val,8874_-14381
13000002079843,val,8874_-14381
13000002085281,val,8874_-14381
13000002085731,test,8897_-14614
13000002087025,train,8791_-14426
13000002090270,val,8874_-14381
13000002090898,test,8897_-14614
13000002092449,train,8791_-14426
13000002095693,test,8897_-14614
13000002096003,train,8844_-14509
13000002097385,train,8791_-14426
13000002098298,train,8900_-14630
13000002100915,test,8897_-14614
13000002101153,train,8844_-14509
13000002102314,train,8791_-14426
13000002105715,test,8897_-14614
13000002106218,train,8844_-14509
13000002107251,train,8791_-14426
13000002108470,train,8746_-14457
13000002110847,test,8897_-14614
13000002111235,train,8844_-14509
13000002113571,train,8746_-14457
13000002115835,train,8858_-14480
13000002115844,test,8897_-14614
13000002116194,train,8844_-14509
13000002118212,train,8746_-14457
13000002120640,train,8858_-14480
13000002121104,train,8844_-14509
13000002122723,train,8836_-14496
13000002123323,train,8746_-14457
13000002125773,train,8858_-14480
13000002127595,train,8836_-14496
13000002128430,train,8746_-14457
13000002130815,train,8858_-14480
13000002132794,train,8836_-14496
13000002135764,train,8858_-14480
13000002139017,train,8675_-14485
13000002140614,train,8858_-14480
13000002140796,train,8896_-14614
13000002143737,train,8675_-14485
13000002145724,train,8896_-14614
13000002145736,train,8858_-14480
13000002148942,train,8675_-14485
13000002150733,train,8896_-14614
13000002150764,train,8858_-14480
13000002153686,train,8675_-14485
13000002155715,train,8858_-14480
13000002155799,train,8896_-14614
13000002158276,train,8900_-14630
13000002158909,train,8675_-14485
13000002160621,train,8858_-14480
13000002160924,train,8896_-14614
13000002161535,train,8802_-14425
13000002163326,train,8900_-14630
13000002163331,train,8762_-14509
13000002164675,test,8613_-14494
13000002165793,train,8896_-14614
13000002165834,train,8858_-14480
13000002166471,train,8850_-14510
13000002166516,train,8802_-14425
13000002168415,train,8900_-14630
13000002168467,train,8762_-14509
13000002169490,test,8613_-14494
13000002170679,train,8858_-14480
13000002170955,train,8896_-14614
13000002171489,train,8850_-14510
13000002171491,train,8802_-14425
13000002173138,train,8762_-14509
13000002173532,train,8900_-14630
13000002174783,test,8613_-14494
13000002176446,train,8850_-14510
13000002176475,train,8802_-14425
13000002176973,test,8893_-14633
13000002178277,train,8762_-14509
13000002178356,train,8900_-14630
13000002179598,test,8613_-14494
13000002181349,train,8850_-14510
13000002181454,train,8802_-14425
13000002181912,test,8893_-14633
13000002183416,train,8762_-14509
13000002183542,train,8900_-14630
13000002184418,test,8613_-14494
13000002186473,train,8850_-14510
13000002186835,test,8893_-14633
13000002188420,train,8900_-14630
13000002191277,train,8850_-14510
13000002192011,test,8893_-14633
13000002193312,train,8900_-14630
13000002196886,test,8893_-14633
13000002198531,train,8900_-14630
13000002202006,test,8893_-14633
13000002203426,train,8900_-14630
13000002206384,train,8803_-14425
13000002206847,test,8893_-14633
13000002211371,train,8803_-14425
13000002211949,test,8893_-14633
13000002216350,train,8803_-14425
13000002216788,test,8893_-14633
13000002221336,train,8803_-14425
13000002226323,train,8803_-14425
13000002226981,test,8893_-14633
13000002230787,train,8896_-14614
13000002231311,train,8803_-14424
13000002231494,train,8850_-14510
13000002231793,test,8893_-14633
13000002233984,test,8724_-14470
13000002235937,train,8896_-14614
13000002236450,train,8850_-14510
13000002236720,train,8803_-14424
13000002236871,test,8893_-14633
13000002238878,test,8724_-14470
13000002240791,train,8896_-14614
13000002241488,train,8850_-14510
13000002241715,train,8803_-14424
13000002241948,test,8893_-14633
13000002243778,test,8724_-14470
13000002245136,train,8890_-14387
13000002245939,train,8896_-14614
13000002246352,train,8850_-14510
13000002246709,train,8803_-14424
13000002247020,test,8893_-14633
13000002249166,test,8724_-14470
13000002249899,train,8890_-14387
13000002250812,train,8896_-14614
13000002251702,train,8803_-14424
13000002251822,test,8893_-14633
13000002254070,test,8724_-14470
13000002255029,train,8890_-14387
13000002255706,train,8896_-14614
13000002256704,train,8803_-14424
13000002256882,test,8893_-14633
13000002260154,train,8890_-14387
13000002260903,train,8896_-14614
13000002261703,train,8803_-14424
13000002261925,test,8893_-14633
13000002264909,train,8890_-14387
13000002266964,test,8893_-14633
13000002270032,train,8890_-14387
13000002270060,val,8874_-14381
13000002271997,test,8893_-14633
13000002275027,val,8874_-14381
13000002275151,train,8890_-14387
13000002276478,test,8849_-14510
13000002279905,train,8890_-14387
13000002279990,val,8874_-14381
13000002280731,train,8896_-14614
13000002281324,test,8849_-14510
13000002284955,val,8875_-14381
13000002285008,train,8890_-14387
13000002285748,train,8896_-14614
13000002286350,test,8849_-14510
13000002287155,train,8791_-14426
13000002289920,val,8875_-14381
13000002290097,train,8890_-14387
13000002290795,train,8896_-14614
13000002291279,test,8849_-14510
13000002292030,train,8791_-14426
13000002295170,train,8890_-14387
13000002295819,train,8896_-14614
13000002296287,test,8849_-14510
13000002297392,train,8791_-14426
13000002299865,train,8890_-14387
13000002300865,train,8896_-14614
13000002301271,test,8849_-14510
13000002302263,train,8791_-14426
13000002305921,train,8896_-14614
13000002306323,test,8849_-14510
13000002307132,train,8791_-14426
13000002310974,train,8896_-14614
13000002311268,test,8849_-14510
13000002313585,train,8746_-14456
13000002315733,train,8896_-14614
13000002316276,test,8849_-14510
13000002318286,train,8746_-14456
13000002320838,train,8896_-14614
13000002321326,test,8849_-14510
13000002323448,train,8746_-14456
13000002325959,train,8896_-14614
13000002326373,test,8849_-14510
13000002328615,train,8746_-14456
13000002330799,train,8896_-14614
13000002331417,test,8849_-14510
13000002333308,train,8746_-14456
13000002335956,train,8896_-14614
13000002336261,test,8849_-14510
13000002338962,train,8674_-14485
13000002340815,train,8896_-14614
13000002341295,test,8849_-14510
13000002343804,train,8674_-14485
13000002345985,train,8896_-14614
13000002346313,test,8849_-14510
13000002348650,train,8674_-14485
13000002350855,train,8896_-14614
13000002351274,test,8849_-14510
13000002353979,train,8674_-14485
13000002355145,train,8890_-14387
13000002355687,train,8896_-14614
13000002356375,test,8849_-14510
13000002358828,train,8674_-14485
13000002360047,train,8890_-14387
13000002360760,train,8896_-14614
13000002361382,test,8849_-14510
13000002364401,val,8612_-14494
13000002364964,train,8890_-14387
13000002365767,train,8896_-14614
13000002366276,test,8849_-14510
13000002369700,val,8612_-14494
13000002369901,train,8890_-14387
13000002370941,train,8896_-14614
13000002371298,test,8849_-14510
13000002374522,val,8612_-14494
13000002374852,train,8890_-14387
13000002375943,train,8896_-14614
13000002376342,test,8849_-14510
13000002379345,val,8612_-14494
13000002380172,train,8890_-14387
13000002380774,train,8896_-14614
13000002381368,test,8849_-14510
13000002383458,train,8763_-14509
13000002384650,val,8612_-14494
13000002385161,train,8890_-14387
13000002385911,train,8896_-14614
13000002386327,test,8849_-14510
13000002388136,train,8763_-14509
13000002389474,val,8612_-14494
13000002390161,train,8890_-14387
13000002390774,train,8896_-14614
13000002391328,test,8849_-14510
13000002393281,train,8763_-14509
13000002394783,val,8612_-14494
13000002395146,train,8890_-14387
13000002395756,train,8896_-14614
13000002398244,test,8901_-14629
13000002398426,train,8763_-14509
13000002399612,val,8612_-14494
13000002400100,train,8890_-14387
13000002400827,train,8896_-14614
13000002401061,train,8844_-14508
13000002403104,train,8763_-14509
13000002403469,test,8901_-14629
13000002404442,val,8612_-14494
13000002405021,train,8890_-14387
13000002406172,train,8844_-14508
13000002407706,train,8836_-14495
13000002408364,test,8901_-14629
13000002409755,val,8612_-14494
13000002410962,train,8844_-14508
13000002412699,train,8836_-14495
13000002413275,test,8901_-14629
13000002414581,val,8612_-14494
13000002416027,train,8844_-14508
13000002416704,train,8803_-14424
13000002417679,train,8836_-14495
13000002418524,test,8901_-14629
13000002419403,val,8612_-14494
13000002421105,train,8843_-14508
13000002421723,train,8803_-14424
13000002422664,train,8836_-14495
13000002424700,val,8612_-14494
13000002426209,train,8843_-14508
13000002426317,train,8803_-14424
13000002427641,train,8836_-14495
13000002431051,train,8843_-14508
13000002431328,train,8803_-14424
13000002431466,test,8849_-14510
13000002432619,train,8836_-14495
13000002433362,test,8901_-14629
13000002434022,train,8724_-14469
13000002436182,train,8843_-14508
13000002436332,train,8803_-14424
13000002436348,test,8849_-14510
13000002437587,train,8836_-14495
13000002438321,test,8901_-14629
13000002438961,train,8724_-14469
13000002441283,test,8849_-14510
13000002441331,train,8803_-14424
13000002442556,train,8836_-14495
13000002443278,test,8901_-14629
13000002443901,train,8724_-14469
13000002446292,test,8849_-14510
13000002446331,train,8803_-14424
13000002447861,train,8836_-14495
13000002448242,test,8901_-14629
13000002448836,train,8724_-14469
13000002451320,train,8803_-14424
13000002451368,test,8849_-14510
13000002452788,train,8836_-14495
13000002453533,test,8901_-14629
13000002453777,train,8724_-14469
13000002456315,train,8803_-14424
13000002456498,test,8849_-14510
13000002457689,train,8836_-14495
13000002458482,test,8901_-14629
13000002461387,test,8849_-14510
13000002461715,train,8803_-14424
13000002462545,train,8836_-14495
13000002464146,train,8724_-14469
13000002466327,test,8849_-14510
13000002466700,train,8803_-14424
13000002467027,train,8893_-14632
13000002467704,train,8836_-14495
13000002469078,train,8724_-14469
13000002470061,train,8875_-14382
13000002472010,train,8893_-14632
13000002472816,train,8836_-14495
13000002474018,train,8724_-14469
13000002475029,train,8875_-14382
13000002477038,train,8893_-14632
13000002477554,train,8836_-14495
13000002478952,train,8724_-14469
13000002479992,train,8875_-14382
13000002481822,train,8893_-14632
13000002482612,train,8836_-14495
13000002483879,train,8724_-14469
13000002484956,train,8875_-14382
13000002486922,train,8893_-14632
13000002487479,train,8790_-14427
13000002487690,train,8836_-14495
13000002488806,train,8724_-14469
13000002489919,train,8875_-14382
13000002492061,train,8893_-14632
13000002492314,train,8790_-14427
13000002493728,train,8724_-14469
13000002496949,train,8893_-14632
13000002497141,train,8790_-14427
13000002499138,train,8724_-14469
13000002500574,test,8859_-14480
13000002501530,train,8803_-14424
13000002501867,train,8893_-14632
13000002502458,train,8790_-14427
13000002504053,train,8724_-14469
13000002505700,test,8859_-14480
13000002506494,train,8803_-14424
13000002506816,train,8893_-14632
13000002507287,train,8790_-14427
13000002508967,train,8724_-14469
13000002510836,test,8859_-14480
13000002511465,train,8803_-14424
13000002512056,train,8893_-14632
13000002513543,train,8746_-14455
13000002513874,train,8724_-14469
13000002515573,test,8859_-14480
13000002516522,test,8849_-14510
13000002516994,train,8893_-14632
13000002518221,train,8746_-14455
13000002520717,test,8859_-14480
13000002521420,test,8849_-14510
13000002521909,train,8893_-14632
13000002523377,train,8746_-14455
13000002525874,test,8859_-14480
13000002526538,test,8849_-14510
13000002526791,train,8893_-14632
13000002528547,train,8746_-14455
13000002530655,test,8859_-14480
13000002531387,test,8849_-14510
13000002531911,train,8893_-14632
13000002533251,train,8746_-14455
13000002536290,test,8849_-14510
13000002536983,train,8893_-14632
13000002538605,train,8673_-14485
13000002541694,train,8803_-14424
13000002542029,train,8893_-14632
13000002543775,train,8673_-14485
13000002546663,train,8803_-14424
13000002547055,train,8893_-14632
13000002548933,train,8673_-14485
13000002552048,train,8893_-14632
13000002553612,train,8673_-14485
13000002556995,train,8893_-14632
13000002558753,train,8673_-14485
13000002561897,train,8893_-14632
13000002567016,train,8893_-14632
13000002571819,train,8893_-14631
13000002581323,train,8849_-14509
13000002585910,test,8859_-14480
13000002586545,train,8849_-14509
13000002588352,train,8763_-14508
13000002590900,test,8859_-14480
13000002591461,train,8849_-14509
13000002593498,train,8763_-14508
13000002596396,train,8849_-14509
13000002598174,train,8763_-14508
13000002598982,train,8725_-14469
13000002601355,train,8849_-14509
13000002602811,train,8995_-14647
13000002603320,train,8763_-14508
13000002606360,train,8849_-14509
13000002606913,train,8893_-14631
13000002607835,train,8995_-14647
13000002608466,train,8763_-14508
13000002610169,val,8890_-14386
13000002611395,train,8849_-14509
13000002611832,train,8893_-14631
13000002612855,train,8995_-14647
13000002614895,val,8890_-14386
13000002616434,train,8849_-14509
13000002616990,train,8893_-14631
13000002617862,train,8995_-14647
13000002619994,val,8890_-14386
13000002621474,train,8849_-14509
13000002621852,train,8893_-14631
13000002622837,train,8995_-14647
13000002625074,val,8890_-14386
13000002626531,train,8849_-14509
13000002626956,train,8893_-14631
13000002627787,train,8995_-14647
13000002630139,val,8890_-14386
13000002631178,train,8843_-14507
13000002631292,train,8849_-14509
13000002631988,train,8893_-14631
13000002632721,train,8995_-14647
13000002635200,val,8890_-14386
13000002636061,train,8843_-14507
13000002636373,train,8849_-14509
13000002636931,train,8893_-14631
13000002637999,train,8995_-14647
13000002638407,train,8763_-14508
13000002640997,train,8843_-14507
13000002641474,train,8849_-14509
13000002642935,train,8995_-14647
13000002643083,train,8763_-14508
13000002645986,train,8843_-14507
13000002646572,train,8849_-14509
13000002647866,train,8995_-14647
13000002648229,train,8763_-14508
13000002651023,train,8843_-14507
13000002651333,train,8849_-14509
13000002652806,train,8995_-14647
13000002653373,train,8763_-14508
13000002656119,train,8843_-14507
13000002656402,train,8849_-14509
13000002657755,train,8995_-14647
13000002658054,train,8763_-14508
13000002660981,train,8843_-14507
13000002661470,train,8849_-14509
13000002662707,train,8995_-14647
13000002663203,train,8763_-14508
13000002666157,train,8843_-14507
13000002666529,train,8849_-14509
13000002668016,train,8995_-14647
13000002668352,train,8763_-14508
13000002671122,train,8843_-14507
13000002671269,train,8849_-14509
13000002672971,train,8995_-14647
13000002673499,train,8763_-14508
13000002676131,train,8843_-14507
13000002676340,train,8849_-14509
13000002677928,train,8995_-14646
13000002678180,train,8763_-14508
13000002681150,train,8843_-14507
13000002681436,train,8849_-14509
13000002683329,train,8763_-14508
13000002686121,train,8843_-14507
13000002686549,train,8849_-14509
13000002687211,train,8789_-14427
13000002688479,train,8763_-14508
13000002691059,train,8843_-14507
13000002691355,train,8849_-14509
13000002692101,train,8789_-14427
13000002695978,train,8843_-14507
13000002696499,train,8849_-14509
13000002697476,train,8789_-14427
13000002697867,train,8995_-14646
13000002701147,train,8843_-14507
13000002702364,train,8789_-14427
13000002702705,train,8995_-14646
13000002706014,train,8843_-14507
13000002707247,train,8789_-14427
13000002707852,train,8995_-14646
13000002711081,train,8843_-14507
13000002711345,train,8849_-14509
13000002712969,train,8995_-14646
13000002713500,train,8747_-14455
13000002714016,train,8725_-14469
13000002716103,train,8843_-14507
13000002716533,train,8849_-14509
13000002717723,train,8995_-14646
13000002718251,train,8747_-14455
13000002718859,train,8725_-14469
13000002721040,train,8843_-14507
13000002721405,train,8849_-14509
13000002722779,train,8995_-14646
13000002723482,train,8747_-14455
13000002724185,train,8725_-14469
13000002726162,train,8843_-14507
13000002726273,train,8849_-14509
13000002727802,train,8995_-14646
13000002728238,train,8747_-14455
13000002729031,train,8725_-14469
13000002732793,train,8995_-14646
13000002733473,train,8747_-14455
13000002733880,train,8725_-14469
13000002738731,train,8725_-14469
13000002739196,train,8673_-14485
13000002743938,train,8673_-14485
13000002744072,train,8725_-14469
13000002748683,train,8673_-14485
13000002748928,train,8725_-14469
13000002753789,train,8725_-14469
13000002753915,train,8673_-14485
13000002757807,val,8835_-14494
13000002758678,train,8673_-14485
13000002759135,train,8725_-14469
13000002762562,val,8835_-14494
13000002764358,val,8611_-14494
13000002766463,test,8804_-14424
13000002767692,val,8835_-14494
13000002769509,val,8611_-14494
13000002771449,test,8804_-14424
13000002771864,train,8893_-14631
13000002772824,val,8835_-14494
13000002774664,val,8611_-14494
13000002776433,test,8804_-14424
13000002776966,train,8893_-14631
13000002777591,val,8835_-14494
13000002779358,val,8611_-14494
13000002781419,test,8804_-14424
13000002781847,train,8893_-14631
13000002782726,val,8835_-14494
13000002784525,val,8611_-14494
13000002785154,train,8890_-14385
13000002786393,test,8804_-14424
13000002786477,train,8848_-14509
13000002786932,train,8893_-14631
13000002787860,val,8835_-14494
13000002790009,train,8890_-14385
13000002791369,test,8804_-14424
13000002791529,train,8848_-14509
13000002792006,train,8893_-14631
13000002792630,val,8835_-14494
13000002793511,train,8764_-14508
13000002794838,train,8890_-14385
13000002796262,train,8848_-14509
13000002796334,test,8804_-14424
13000002796864,train,8893_-14631
13000002797776,val,8835_-14494
13000002798191,train,8764_-14508
13000002799991,train,8890_-14385
13000002801547,train,8848_-14509
13000002801712,test,8804_-14424
13000002801999,train,8892_-14631
13000002802566,val,8835_-14494
13000002803336,train,8764_-14508
13000002805104,train,8890_-14385
13000002806518,train,8848_-14509
13000002806667,test,8804_-14424
13000002806793,train,8892_-14631
13000002807734,val,8835_-14494
13000002808478,train,8764_-14508
13000002810192,train,8890_-14385
13000002811470,train,8848_-14509
13000002811627,test,8804_-14424
13000002811940,train,8892_-14631
13000002813151,train,8764_-14508
13000002814910,train,8890_-14385
13000002816444,train,8848_-14509
13000002816956,train,8892_-14631
13000002819961,train,8890_-14385
13000002821437,train,8848_-14509
13000002822017,train,8892_-14631
13000002824992,train,8890_-14385
13000002826879,train,8892_-14631
13000002830005,train,8890_-14385
13000002834997,train,8890_-14385
13000002887396,train,8789_-14427
13000002892262,train,8789_-14427
13000002897134,train,8789_-14427
13000002902010,train,8789_-14427
13000002907372,train,8789_-14427
13000002908413,train,8747_-14455
13000002913621,train,8747_-14455
13000002918354,train,8747_-14455
13000002923557,train,8747_-14455
13000002928281,train,8747_-14455
13000002933484,train,8747_-14455
13000002938967,train,8672_-14485
13000002943819,train,8672_-14485
13000002946461,train,8848_-14508
13000002948668,train,8672_-14485
13000002951324,train,8848_-14508
13000002954012,train,8672_-14485
13000002956524,train,8848_-14508
13000002957776,test,8995_-14645
13000002958864,train,8672_-14485
13000002961364,train,8848_-14508
13000002961722,test,8805_-14423
13000002962810,test,8995_-14645
13000002964410,val,8611_-14494
13000002966347,test,8805_-14423
13000002966548,train,8848_-14508
13000002967857,test,8995_-14645
13000002969688,val,8611_-14494
13000002971380,train,8848_-14508
13000002971393,test,8805_-14423
13000002972915,test,8995_-14645
13000002974488,val,8611_-14494
13000002976446,test,8805_-14423
13000002976560,train,8848_-14508
13000002977973,test,8995_-14645
13000002978243,train,8764_-14508
13000002979773,val,8611_-14494
13000002981403,train,8848_-14508
13000002981493,test,8805_-14423
13000002983040,test,8995_-14645
13000002983378,train,8764_-14508
13000002984581,val,8611_-14494
13000002986599,train,8848_-14508
13000002987747,test,8995_-14645
13000002988054,train,8764_-14508
13000002993204,train,8764_-14508
13000002998361,train,8764_-14508
13000003003054,train,8764_-14508
13000003033937,test,8726_-14468
13000003038838,test,8726_-14468
13000003042050,test,8788_-14427
13000003043742,test,8726_-14468
13000003047345,test,8788_-14427
13000003049138,test,8726_-14468
13000003052157,test,8788_-14427
13000003054042,test,8726_-14468
13000003057443,test,8788_-14427
13000003062250,test,8788_-14427
13000003083988,test,8726_-14468
13000003086867,test,8892_-14630
13000003088906,test,8726_-14468
13000003092055,test,8892_-14630
13000003093824,test,8726_-14468
13000003096923,test,8892_-14630
13000003098741,test,8726_-14468
13000003102039,test,8892_-14630
13000003104154,test,8726_-14468
13000003106843,test,8892_-14630
13000003109074,test,8726_-14468
13000003111911,test,8892_-14630
13000003113627,test,8748_-14454
13000003113996,test,8726_-14468
13000003116979,test,8892_-14630
13000003118321,test,8748_-14454
13000003118913,test,8726_-14468
13000003122063,test,8892_-14630
13000003123479,test,8748_-14454
13000003123834,test,8726_-14468
13000003126908,test,8892_-14630
13000003128172,test,8748_-14454
13000003128754,test,8726_-14468
13000003131790,test,8892_-14630
13000003133336,test,8748_-14454
13000003134160,test,8726_-14468
13000003137013,test,8892_-14630
13000003138612,train,8672_-14485
13000003139071,test,8726_-14468
13000003143878,train,8672_-14485
13000003143982,test,8726_-14468
13000003148670,train,8672_-14485
13000003148891,test,8726_-14468
13000003153794,test,8726_-14468
13000003153937,train,8672_-14485
13000003158726,train,8672_-14485
13000003159186,test,8726_-14468
13000003161491,test,8805_-14423
13000003163117,train,8765_-14507
13000003164079,test,8726_-14468
13000003164598,train,8610_-14494
13000003166534,test,8805_-14423
13000003168349,train,8765_-14507
13000003168972,test,8726_-14468
13000003169398,train,8610_-14494
13000003171582,test,8805_-14423
13000003173108,train,8765_-14507
13000003173856,test,8726_-14468
13000003174671,train,8610_-14494
13000003176632,test,8805_-14423
13000003178346,train,8765_-14507
13000003178729,test,8726_-14468
13000003179463,train,8610_-14494
13000003181681,test,8805_-14423
13000003183115,train,8765_-14507
13000003184090,test,8726_-14468
13000003184737,train,8610_-14494
13000003188949,test,8726_-14468
13000003193804,test,8726_-14468
13000003236459,test,8848_-14507
13000003241258,val,8843_-14505
13000003241518,test,8848_-14507
13000003242372,test,8788_-14427
13000003246203,val,8843_-14505
13000003246592,test,8848_-14507
13000003247251,test,8788_-14427
13000003251121,val,8843_-14505
13000003251345,test,8848_-14507
13000003252131,test,8788_-14427
13000003255992,val,8843_-14505
13000003256455,test,8848_-14507
13000003257015,test,8788_-14427
13000003261080,val,8843_-14505
13000003261581,test,8848_-14507
13000003262388,test,8788_-14427
13000003265975,val,8843_-14505
13000003266384,test,8848_-14507
13000003271215,val,8843_-14505
13000003271542,test,8848_-14507
13000003291995,val,8892_-14629
13000003296922,val,8892_-14629
13000003301842,val,8892_-14629
13000003307052,val,8892_-14629
13000003311931,val,8892_-14629
13000003316799,val,8892_-14629
13000003318555,train,8748_-14453
13000003321997,val,8892_-14629
13000003323205,train,8748_-14453
13000003326948,val,8892_-14629
13000003328326,train,8748_-14453
13000003333439,train,8748_-14453
13000003338558,val,8671_-14485
13000003343810,val,8671_-14485
13000003348592,val,8671_-14485
13000003353845,val,8671_-14485
13000003358620,val,8671_-14485
13000003361546,val,8806_-14423
13000003363103,val,8765_-14506
13000003364691,train,8609_-14494
13000003366508,val,8806_-14423
13000003368271,val,8765_-14506
13000003369482,train,8609_-14494
13000003371472,val,8806_-14423
13000003373436,val,8765_-14506
13000003374054,train,8727_-14468
13000003374749,train,8609_-14494
13000003376427,val,8806_-14423
13000003378128,val,8765_-14506
13000003378825,train,8727_-14468
13000003379536,train,8609_-14494
13000003381382,val,8806_-14423
13000003381936,val,8892_-14629
13000003383285,val,8765_-14506
13000003384077,train,8727_-14468
13000003384323,train,8609_-14494
13000003387074,val,8892_-14629
13000003388853,train,8727_-14468
13000003391874,val,8892_-14629
13000003394120,train,8727_-14468
13000003396951,val,8892_-14629
13000003398912,train,8727_-14468
13000003402039,val,8892_-14629
13000003403718,train,8727_-14468
13000003406851,val,8892_-14629
13000003409010,train,8727_-14468
13000003411133,train,8843_-14504
13000003412017,val,8892_-14629
13000003413823,train,8727_-14468
13000003416086,train,8842_-14504
13000003416911,val,8892_-14628
13000003419121,train,8727_-14468
13000003421081,train,8842_-14504
13000003421833,val,8892_-14628
13000003426127,train,8842_-14504
13000003430986,train,8842_-14504
13000003434089,train,8727_-14468
13000003436121,train,8842_-14504
13000003438928,train,8727_-14468
13000003441000,train,8842_-14504
13000003442171,train,8787_-14427
13000003443769,train,8727_-14468
13000003446126,train,8842_-14504
13000003447106,train,8787_-14427
13000003449106,train,8727_-14468
13000003450996,train,8842_-14504
13000003452036,train,8787_-14427
13000003453960,train,8727_-14468
13000003456087,train,8842_-14504
13000003457468,train,8787_-14427
13000003458824,train,8727_-14468
13000003461164,train,8842_-14504
13000003462402,train,8787_-14427
13000003464183,train,8727_-14468
13000003469059,train,8727_-14468
13000003473944,train,8727_-14468
13000003478829,train,8727_-14468
13000003483715,train,8727_-14468
13000003489093,train,8727_-14468
13000003493986,train,8727_-14468
13000003498885,train,8727_-14468
13000003508179,train,8748_-14453
13000003509179,train,8727_-14468
13000003513270,train,8748_-14453
13000003514084,train,8727_-14468
13000003518357,train,8748_-14453
13000003518996,train,8727_-14468
13000003523448,train,8748_-14453
13000003523910,train,8727_-14468
13000003526137,train,8842_-14504
13000003528535,train,8748_-14453
13000003528831,train,8727_-14468
13000003531160,train,8842_-14504
13000003533628,train,8748_-14453
13000003533757,train,8727_-14468
13000003535973,train,8842_-14504
13000003539180,train,8727_-14468
13000003541052,train,8842_-14504
13000003543908,train,8671_-14484
13000003544121,train,8727_-14468
13000003546163,train,8842_-14504
13000003548670,train,8671_-14484
13000003549060,train,8727_-14468
13000003551070,train,8842_-14504
13000003553912,train,8671_-14484
13000003556009,train,8842_-14504
13000003556346,val,8806_-14423
13000003558387,train,8764_-14506
13000003558681,train,8671_-14484
13000003561705,val,8806_-14423
13000003563060,train,8764_-14506
13000003563921,train,8671_-14484
13000003564585,train,8609_-14494
13000003566657,val,8806_-14423
13000003568202,train,8764_-14506
13000003569782,train,8609_-14494
13000003573347,train,8764_-14506
13000003574505,train,8609_-14494
13000003578496,train,8764_-14506
13000003579693,train,8609_-14494
13000003584410,train,8609_-14494
13000003613250,test,8749_-14453
13000003618362,test,8749_-14452
13000003623471,test,8749_-14452
13000003628595,test,8749_-14452
13000003633251,test,8749_-14452
13000003634195,train,8727_-14468
13000003639138,train,8727_-14468
13000003642344,train,8787_-14427
13000003644079,train,8727_-14468
13000003647291,train,8787_-14427
13000003649021,train,8727_-14468
13000003652239,train,8787_-14427
13000003653962,train,8727_-14468
13000003655153,train,8888_-14383
13000003657181,train,8787_-14427
13000003660058,train,8888_-14383
13000003662124,train,8787_-14427
13000003664979,train,8888_-14383
13000003669909,train,8888_-14383
13000003674851,train,8888_-14383
13000003681030,train,8842_-14503
13000003686033,train,8842_-14503
13000003691054,train,8842_-14503
13000003696087,train,8842_-14503
13000003706829,test,8892_-14627
13000003708028,train,8994_-14643
13000003711956,test,8892_-14627
13000003712955,train,8994_-14643
13000003713386,test,8749_-14452
13000003716095,train,8842_-14503
13000003716823,test,8892_-14627
13000003717904,train,8994_-14643
13000003718559,test,8749_-14452
13000003719111,train,8728_-14468
13000003720964,train,8842_-14503
13000003722111,test,8892_-14627
13000003722878,train,8994_-14643
13000003723266,test,8749_-14452
13000003724034,train,8728_-14468
13000003726089,train,8842_-14503
13000003727113,test,8892_-14627
13000003727867,train,8994_-14643
13000003728433,test,8749_-14452
13000003728958,train,8728_-14468
13000003730984,train,8842_-14503
13000003731789,test,8892_-14627
13000003733609,test,8749_-14452
13000003733878,train,8728_-14468
13000003736066,train,8842_-14503
13000003736856,test,8892_-14627
13000003738811,train,8728_-14468
13000003741101,train,8842_-14503
13000003741931,test,8892_-14627
13000003743747,train,8728_-14468
13000003746120,train,8842_-14503
13000003747012,test,8892_-14627
13000003748171,train,8764_-14505
13000003749163,train,8728_-14468
13000003752053,test,8892_-14627
13000003753415,train,8764_-14505
13000003754092,train,8728_-14468
13000003756171,train,8842_-14503
13000003756555,train,8807_-14422
13000003757065,test,8892_-14627
13000003758189,train,8764_-14505
13000003759014,train,8728_-14468
13000003761001,train,8842_-14503
13000003761407,train,8807_-14422
13000003762029,test,8892_-14627
13000003763451,train,8764_-14505
13000003763937,train,8728_-14468
13000003766662,train,8807_-14422
13000003768235,train,8764_-14505
13000003768861,train,8728_-14468
13000003771511,train,8807_-14422
13000003774616,val,8608_-14494
13000003776363,train,8807_-14422
13000003779416,val,8608_-14494
13000003784697,val,8608_-14494
13000003786148,train,8842_-14503
13000003789499,val,8608_-14494
13000003790967,train,8842_-14503
13000003796173,train,8842_-14503
13000003801086,train,8842_-14503
13000003805964,train,8842_-14503
13000003811048,train,8842_-14503
13000003842107,train,8786_-14427
13000003843864,train,8728_-14468
13000003847057,train,8786_-14427
13000003848748,train,8728_-14468
13000003852014,train,8786_-14427
13000003854117,train,8728_-14468
13000003856955,test,8892_-14627
13000003857458,train,8786_-14427
13000003858997,train,8728_-14468
13000003862415,train,8786_-14427
13000003863870,train,8728_-14468
13000003868737,train,8728_-14468
13000003872088,test,8892_-14627
13000003874092,train,8728_-14468
13000003876932,test,8892_-14627
13000003878959,train,8728_-14468
13000003881984,test,8892_-14627
13000003883839,train,8728_-14468
13000003886942,test,8892_-14627
13000003888708,train,8728_-14468
13000003891806,test,8892_-14627
13000003894073,train,8728_-14468
13000003896856,test,8892_-14627
13000003898950,train,8728_-14468
13000003901795,test,8892_-14627
13000003903829,train,8728_-14468
13000003906101,train,8842_-14503
13000003906889,test,8892_-14627
13000003908706,train,8728_-14468
13000003910969,train,8842_-14503
13000003913618,test,8749_-14452
13000003914072,train,8728_-14468
13000003916042,train,8842_-14503
13000003918307,test,8749_-14452
13000003918942,train,8728_-14468
13000003921105,train,8842_-14503
13000003923463,test,8749_-14452
13000003923819,train,8728_-14468
13000003926152,train,8842_-14503
13000003929181,train,8728_-14468
13000003930967,train,8842_-14503
13000003934055,train,8728_-14468
13000003935986,train,8842_-14503
13000003938928,train,8728_-14468
13000003941017,train,8842_-14503
13000003943796,train,8728_-14468
13000003946097,train,8842_-14503
13000003948092,train,8763_-14505
13000003949152,train,8728_-14468
13000003951170,train,8841_-14503
13000003953274,train,8763_-14505
13000003954016,train,8728_-14468
13000003956011,train,8841_-14503
13000003956396,train,8807_-14422
13000003958453,train,8763_-14505
13000003958876,train,8728_-14468
13000003961045,train,8841_-14503
13000003961511,train,8807_-14422
13000003963158,train,8763_-14505
13000003966043,train,8841_-14503
13000003966619,train,8807_-14422
13000003968331,train,8763_-14505
13000003969398,val,8608_-14494
13000003971167,train,8841_-14503
13000003971726,train,8807_-14422
13000003974716,val,8608_-14494
13000003976026,train,8841_-14503
13000003976405,train,8807_-14422
13000003978734,train,8728_-14468
13000003979553,val,8608_-14494
13000003981103,train,8841_-14503
13000003981916,train,8892_-14626
13000003984047,train,8728_-14468
13000003984391,val,8608_-14494
13000003986131,train,8841_-14503
13000003986969,train,8892_-14626
13000003988869,train,8728_-14468
13000003989717,val,8608_-14494
13000003991127,train,8841_-14503
13000003991953,train,8892_-14626
13000003994170,train,8728_-14468
13000003996070,train,8841_-14503
13000003996974,train,8892_-14626
13000003998983,train,8728_-14468
13000004001164,train,8841_-14503
13000004001977,train,8892_-14626
13000004003792,train,8728_-14468
13000004006007,train,8841_-14503
13000004006910,train,8892_-14626
13000004009074,train,8728_-14468
13000004010998,train,8841_-14503
13000004012001,train,8892_-14626
13000004013870,train,8728_-14468
13000004016144,train,8841_-14503
13000004017011,train,8892_-14626
13000004019147,train,8728_-14468
13000004021056,train,8841_-14502
13000004021876,train,8892_-14626
13000004023938,train,8728_-14468
13000004025982,train,8841_-14502
13000004027030,train,8892_-14626
13000004028723,train,8729_-14468
13000004031076,train,8841_-14502
13000004031996,train,8892_-14626
13000004032978,train,8994_-14641
13000004036001,train,8841_-14502
13000004038045,train,8994_-14641
13000004038766,train,8729_-14468
13000004041156,train,8841_-14502
13000004042052,train,8786_-14427
13000004042725,train,8994_-14641
13000004044024,train,8729_-14468
13000004046099,train,8841_-14502
13000004047347,train,8786_-14427
13000004047804,train,8994_-14641
13000004048795,train,8729_-14468
13000004051086,train,8841_-14502
13000004051991,train,8892_-14626
13000004052155,train,8785_-14427
13000004052889,train,8994_-14641
13000004054045,train,8729_-14468
13000004056109,train,8841_-14502
13000004056998,train,8892_-14626
13000004057443,train,8785_-14427
13000004057984,train,8994_-14641
13000004058813,train,8729_-14468
13000004061014,train,8841_-14502
13000004061844,train,8892_-14626
13000004062251,train,8785_-14427
13000004063090,train,8994_-14641
13000004064057,train,8729_-14468
13000004066054,train,8841_-14502
13000004066846,train,8892_-14626
13000004067803,train,8994_-14641
13000004068825,train,8729_-14468
13000004071157,train,8841_-14502
13000004072060,train,8892_-14626
13000004072919,train,8994_-14641
13000004074067,train,8729_-14468
13000004076107,train,8841_-14502
13000004078036,train,8994_-14641
13000004078836,train,8729_-14468
13000004084085,train,8729_-14468
13000004086154,train,8841_-14502
13000004088866,train,8729_-14468
13000004091170,train,8841_-14502
13000004094130,train,8729_-14468
13000004096166,train,8841_-14502
13000004098917,train,8729_-14468
13000004101149,train,8841_-14502
13000004103714,train,8729_-14468
13000004105634,train,8863_-14478
13000004106111,train,8841_-14502
13000004108999,train,8729_-14468
13000004110667,train,8863_-14478
13000004111052,train,8841_-14502
13000004113432,val,8749_-14451
13000004113814,train,8729_-14468
13000004115685,train,8863_-14478
13000004116002,train,8841_-14502
13000004118176,val,8749_-14451
13000004119120,train,8729_-14468
13000004120681,train,8863_-14478
13000004121167,train,8841_-14502
13000004122799,train,8994_-14641
13000004123391,val,8749_-14451
13000004123957,train,8729_-14468
13000004125644,train,8863_-14478
13000004126114,train,8841_-14502
13000004127809,train,8994_-14641
13000004128620,val,8749_-14451
13000004128797,train,8729_-14468
13000004130574,train,8863_-14478
13000004131056,train,8841_-14502
13000004132823,train,8994_-14641
13000004134139,train,8729_-14468
13000004135863,train,8863_-14478
13000004135996,train,8841_-14502
13000004137839,train,8994_-14641
13000004138662,train,8669_-14484
13000004139001,train,8729_-14468
13000004140710,train,8863_-14478
13000004140970,train,8841_-14502
13000004142850,train,8994_-14641
13000004143836,train,8669_-14484
13000004143879,train,8729_-14468
13000004145531,train,8863_-14478
13000004146043,train,8841_-14502
13000004147868,train,8994_-14641
13000004148069,train,8763_-14505
13000004148767,train,8729_-14468
13000004149013,train,8669_-14484
13000004150721,train,8863_-14478
13000004152885,train,8994_-14641
13000004153310,train,8763_-14505
13000004153710,train,8669_-14484
13000004154151,train,8729_-14468
13000004155892,train,8863_-14478
13000004156529,train,8808_-14422
13000004157206,train,8785_-14427
13000004157908,train,8994_-14641
13000004158076,train,8763_-14505
13000004158879,train,8669_-14484
13000004159060,train,8729_-14468
13000004160642,train,8863_-14478
13000004161659,train,8808_-14422
13000004162065,train,8785_-14427
13000004162926,train,8994_-14641
13000004163318,train,8763_-14505
13000004163976,train,8729_-14468
13000004166358,train,8808_-14422
13000004167412,train,8785_-14427
13000004167944,train,8994_-14641
13000004168085,train,8763_-14505
13000004168905,train,8729_-14468
13000004169622,train,8607_-14494
13000004171486,train,8808_-14422
13000004172281,train,8785_-14427
13000004173840,train,8729_-14468
13000004174422,train,8607_-14494
13000004176613,train,8808_-14422
13000004177153,train,8785_-14427
13000004178783,train,8729_-14468
13000004179702,train,8607_-14494
13000004182021,train,8785_-14427
13000004183736,train,8729_-14468
13000004184497,train,8607_-14494
13000004187380,train,8785_-14427
13000004189188,train,8729_-14468
13000004189772,train,8607_-14494
13000004192250,train,8785_-14427
13000004194150,train,8729_-14468
13000004197123,train,8785_-14427
13000004199113,train,8729_-14468
13000004202482,train,8785_-14427
13000004207357,train,8785_-14427
13000004247405,train,8785_-14427
13000004252295,train,8785_-14427
13000004256028,train,8841_-14502
13000004257188,train,8785_-14427
13000004259736,train,8607_-14494
13000004261128,train,8841_-14502
13000004262081,train,8785_-14427
13000004264534,train,8607_-14494
13000004266140,train,8841_-14502
13000004267464,train,8785_-14427
13000004269331,train,8607_-14494
13000004271101,train,8841_-14502
13000004274609,train,8607_-14494
13000004276026,train,8841_-14502
13000004279415,train,8607_-14494
13000004283409,train,8763_-14504
13000004284703,train,8607_-14494
13000004286029,train,8841_-14502
13000004288082,train,8762_-14504
13000004289516,train,8607_-14494
13000004291075,train,8841_-14502
13000004293213,train,8762_-14504
13000004294332,train,8607_-14494
13000004296145,train,8841_-14502
13000004298336,train,8762_-14504
13000004299631,train,8607_-14494
13000004301027,train,8841_-14502
13000004303452,train,8762_-14504
13000004304456,train,8607_-14494
13000004306137,train,8841_-14502
13000004311024,train,8841_-14502
13000004313521,train,8750_-14450
13000004316051,train,8841_-14502
13000004318273,train,8750_-14450
13000004319199,train,8729_-14467
13000004321018,train,8841_-14502
13000004323495,train,8750_-14450
13000004324161,train,8729_-14467
13000004326152,train,8841_-14502
13000004328246,train,8750_-14450
13000004329125,train,8729_-14467
13000004330984,train,8841_-14502
13000004333464,train,8750_-14450
13000004334086,train,8729_-14467
13000004336046,train,8841_-14502
13000004336816,val,8891_-14625
13000004339045,train,8729_-14467
13000004341988,val,8891_-14625
13000004343566,train,8668_-14484
13000004344009,train,8729_-14467
13000004346960,val,8891_-14625
13000004348260,train,8762_-14504
13000004348880,train,8668_-14484
13000004348967,train,8729_-14467
13000004351934,val,8891_-14625
13000004353317,train,8762_-14504
13000004353710,train,8668_-14484
13000004353925,train,8729_-14467
13000004356548,train,8808_-14422
13000004356924,val,8891_-14625
13000004358368,train,8762_-14504
13000004358550,train,8668_-14484
13000004358883,train,8729_-14467
13000004361623,train,8808_-14422
13000004361885,val,8891_-14625
13000004363410,train,8762_-14504
13000004363834,train,8729_-14467
13000004363874,train,8668_-14484
13000004366700,train,8808_-14422
13000004366904,val,8891_-14625
13000004368446,train,8762_-14504
13000004368782,train,8729_-14467
13000004371354,train,8808_-14422
13000004371950,val,8891_-14625
13000004376431,train,8808_-14422
13000004376929,val,8891_-14625
13000004381933,val,8891_-14625
13000004384074,test,8730_-14467
13000004389001,test,8730_-14467
13000004393924,test,8730_-14467
13000004398841,test,8730_-14467
13000004401877,val,8891_-14625
13000004406939,val,8891_-14625
13000004411938,val,8891_-14625
13000004417031,val,8891_-14625
13000004421941,val,8891_-14625
13000004430681,train,8864_-14477
13000004431906,val,8891_-14625
13000004435900,train,8864_-14477
13000004437022,val,8891_-14625
13000004440731,train,8864_-14477
13000004442007,val,8891_-14625
13000004445581,train,8864_-14477
13000004446833,val,8891_-14625
13000004447211,train,8784_-14427
13000004448912,train,8894_-14606
13000004450858,train,8864_-14477
13000004451947,val,8891_-14625
13000004452107,train,8784_-14427
13000004453987,train,8894_-14606
13000004455751,train,8864_-14477
13000004457013,train,8784_-14427
13000004457046,val,8891_-14625
13000004459103,train,8894_-14606
13000004460659,train,8864_-14477
13000004461820,val,8891_-14625
13000004462412,train,8784_-14427
13000004463906,train,8894_-14606
13000004465579,train,8864_-14477
13000004466833,val,8891_-14625
13000004467323,train,8784_-14427
13000004469088,train,8894_-14606
13000004470919,train,8864_-14477
13000004473936,train,8894_-14606
13000004476841,val,8891_-14625
13000004513287,train,8750_-14449
13000004518444,train,8750_-14449
13000004519099,test,8730_-14467
13000004523607,train,8750_-14449
13000004523994,test,8730_-14467
13000004528294,train,8750_-14449
13000004528896,test,8730_-14467
13000004533455,train,8750_-14449
13000004533791,test,8730_-14467
13000004539183,test,8730_-14467
13000004543629,train,8668_-14484
13000004544084,test,8730_-14467
13000004548269,train,8762_-14504
13000004548959,train,8668_-14484
13000004548989,test,8730_-14467
13000004550574,train,8864_-14477
13000004553455,train,8762_-14504
13000004553806,train,8668_-14484
13000004553909,test,8730_-14467
13000004555739,train,8864_-14477
13000004556440,test,8809_-14422
13000004558176,train,8762_-14504
13000004558650,train,8668_-14484
13000004558814,test,8730_-14467
13000004560906,train,8864_-14476
13000004561481,test,8809_-14422
13000004563376,train,8762_-14504
13000004564380,train,8606_-14494
13000004565649,train,8864_-14476
13000004568108,train,8762_-14504
13000004569658,train,8606_-14494
13000004570809,train,8864_-14476
13000004574452,train,8606_-14494
13000004575553,train,8864_-14476
13000004579724,train,8606_-14494
13000004580736,train,8864_-14476
13000004584516,train,8606_-14494
13000004585902,train,8864_-14476
13000004593760,test,8730_-14467
13000004599184,test,8730_-14467
13000004604104,test,8730_-14467
13000004609028,test,8730_-14467
13000004613958,test,8730_-14467
13000004642005,train,8891_-14624
13000004644126,test,8730_-14467
13000004647012,train,8891_-14624
13000004649091,test,8730_-14467
13000004652029,train,8891_-14624
13000004652045,train,8784_-14427
13000004654053,test,8730_-14467
13000004657061,train,8891_-14624
13000004657386,train,8784_-14427
13000004659020,test,8730_-14467
13000004661808,train,8891_-14624
13000004662241,train,8784_-14427
13000004663977,test,8730_-14467
13000004666843,train,8891_-14624
13000004667099,train,8784_-14427
13000004668944,test,8730_-14467
13000004672442,train,8784_-14427
13000004673910,test,8730_-14467
13000004678873,test,8730_-14467
13000004683849,test,8730_-14467
13000004688817,test,8730_-14467
13000004713230,train,8750_-14449
13000004714196,test,8730_-14467
13000004718370,train,8750_-14449
13000004719167,test,8730_-14467
13000004721291,train,8848_-14502
13000004723511,train,8750_-14449
13000004724137,test,8730_-14467
13000004726372,train,8848_-14502
13000004728183,train,8750_-14449
13000004729097,test,8730_-14467
13000004731444,train,8848_-14502
13000004733327,train,8750_-14449
13000004734047,test,8730_-14467
13000004736500,train,8848_-14502
13000004738693,train,8667_-14484
13000004741547,train,8848_-14502
13000004743937,train,8667_-14484
13000004746577,train,8848_-14502
13000004748347,train,8761_-14503
13000004748706,train,8667_-14484
13000004751595,train,8848_-14502
13000004753110,train,8761_-14503
13000004753949,train,8667_-14484
13000004756584,train,8809_-14421
13000004758346,train,8761_-14503
13000004758714,train,8667_-14484
13000004761662,train,8810_-14421
13000004763106,train,8761_-14503
13000004764435,train,8605_-14494
13000004766320,train,8810_-14421
13000004768343,train,8761_-14503
13000004769718,train,8605_-14494
13000004771397,train,8810_-14421
13000004774517,train,8605_-14494
13000004776481,train,8810_-14421
13000004779314,train,8605_-14494
13000004782068,train,8890_-14623
13000004784590,train,8605_-14494
13000004787012,train,8890_-14623
13000004792017,train,8890_-14623
13000004794146,train,8730_-14466
13000004797044,train,8890_-14623
13000004798975,train,8730_-14466
13000004802044,train,8890_-14623
13000004803784,train,8730_-14466
13000004806977,train,8890_-14623
13000004809076,train,8730_-14466
13000004811853,train,8890_-14623
13000004813875,train,8730_-14466
13000004815061,val,8886_-14379
13000004816969,train,8890_-14623
13000004819160,train,8731_-14466
13000004819886,val,8886_-14379
13000004821984,train,8890_-14623
13000004823951,train,8731_-14466
13000004826938,train,8890_-14623
13000004828740,train,8731_-14466
13000004831824,train,8890_-14623
13000004834016,train,8731_-14466
13000004838803,train,8731_-14466
13000004844077,train,8731_-14466
13000004848865,train,8731_-14466
13000004852326,train,8783_-14427
13000004854144,train,8731_-14466
13000004857119,train,8783_-14427
13000004862395,train,8783_-14427
13000004867189,train,8783_-14427
13000004872466,train,8783_-14427
13000004877259,train,8783_-14427
13000004882056,train,8783_-14427
13000004887331,train,8783_-14427
13000004892073,train,8890_-14623
13000004892129,train,8783_-14427
13000004896862,train,8890_-14623
13000004897409,train,8783_-14427
13000004901954,train,8890_-14623
13000004902204,train,8783_-14427
13000004907007,train,8783_-14427
13000004907046,train,8890_-14623
13000004911834,train,8890_-14623
13000004912286,train,8783_-14427
13000004913298,train,8750_-14448
13000004916900,train,8890_-14623
13000004918451,train,8750_-14448
13000004923599,train,8750_-14448
13000004924365,train,8605_-14494
13000004928287,train,8750_-14448
13000004929625,train,8605_-14494
13000004933441,train,8751_-14448
13000004934404,train,8605_-14494
13000004938737,train,8667_-14484
13000004939665,train,8605_-14494
13000004943943,train,8667_-14484
13000004944448,train,8605_-14494
13000004946984,train,8890_-14623
13000004948513,train,8761_-14503
13000004948673,train,8667_-14484
13000004952062,train,8890_-14623
13000004953265,train,8761_-14503
13000004953868,train,8667_-14484
13000004956323,train,8810_-14421
13000004956837,train,8890_-14623
13000004958493,train,8761_-14503
13000004958587,train,8667_-14484
13000004961402,train,8810_-14421
13000004961872,train,8890_-14623
13000004963243,train,8761_-14503
13000004966477,train,8810_-14421
13000004966901,train,8890_-14623
13000004968468,train,8761_-14503
13000004970184,val,8886_-14379
13000004971555,train,8810_-14421
13000004971936,train,8890_-14623
13000004975136,val,8886_-14379
13000004976633,train,8810_-14421
13000004976963,train,8890_-14623
13000004980085,val,8886_-14379
13000004981944,train,8890_-14623
13000004985021,val,8886_-14379
13000004989934,val,8886_-14379
13000004995207,val,8886_-14379
13000005000087,val,8886_-14379
13000005001924,train,8890_-14623
13000005004653,val,8892_-14634
13000005004956,val,8886_-14379
13000005006990,train,8890_-14623
13000005009542,val,8892_-14634
13000005010185,val,8886_-14379
13000005012039,train,8890_-14623
13000005014408,val,8892_-14634
13000005015021,val,8886_-14379
13000005016799,train,8890_-14623
13000005019501,train,8605_-14494
13000005019842,val,8886_-14379
13000005021800,train,8890_-14623
13000005024761,train,8605_-14494
13000005025025,val,8886_-14379
13000005029541,train,8605_-14494
13000005030174,val,8886_-14379
13000005031989,train,8890_-14623
13000005034324,train,8605_-14494
13000005034942,val,8886_-14379
13000005036874,train,8890_-14623
13000005040058,val,8886_-14379
13000005041984,train,8890_-14623
13000005045152,val,8886_-14379
13000005046802,train,8890_-14623
13000005049087,train,8731_-14466
13000005049854,val,8886_-14379
13000005052433,train,8783_-14427
13000005053962,train,8731_-14466
13000005054901,val,8886_-14379
13000005057376,train,8783_-14427
13000005058835,train,8731_-14466
13000005059946,val,8886_-14379
13000005060153,train,8881_-14384
13000005062320,train,8783_-14427
13000005063711,train,8731_-14466
13000005065219,train,8881_-14384
13000005067265,train,8783_-14427
13000005069071,train,8731_-14466
13000005070286,train,8881_-14384
13000005072213,train,8783_-14427
13000005073946,train,8731_-14466
13000005074895,train,8881_-14384
13000005078820,train,8731_-14466
13000005079961,train,8881_-14384
13000005084180,train,8731_-14466
13000005089056,train,8731_-14466
13000005093939,train,8731_-14466
13000005098817,train,8731_-14466
13000005104185,train,8731_-14466
13000005109065,train,8731_-14466
13000005113451,train,8751_-14448
13000005113942,train,8731_-14466
13000005118189,train,8751_-14448
13000005118816,train,8731_-14466
13000005121812,train,8890_-14622
13000005123398,train,8751_-14448
13000005124158,train,8731_-14466
13000005126793,train,8890_-14622
13000005128607,train,8751_-14448
13000005129026,train,8731_-14466
13000005131927,train,8890_-14622
13000005133342,train,8751_-14448
13000005133884,train,8731_-14466
13000005136916,train,8890_-14622
13000005138734,train,8731_-14466
13000005138974,train,8666_-14484
13000005141911,train,8890_-14622
13000005143674,train,8666_-14484
13000005144067,train,8731_-14466
13000005146868,train,8890_-14622
13000005148851,train,8666_-14484
13000005148910,train,8731_-14466
13000005150155,train,8886_-14378
13000005153557,train,8666_-14484
13000005154499,val,8892_-14634
13000005155050,train,8886_-14378
13000005156421,train,8811_-14421
13000005158415,test,8760_-14502
13000005158742,train,8666_-14484
13000005159418,val,8892_-14634
13000005159875,train,8886_-14378
13000005161534,train,8811_-14421
13000005163178,test,8760_-14502
13000005164598,val,8892_-14634
13000005164966,train,8886_-14378
13000005166648,train,8811_-14421
13000005168420,test,8760_-14502
13000005169468,val,8892_-14634
13000005169981,train,8886_-14378
13000005171339,train,8811_-14421
13000005174620,val,8892_-14634
13000005174928,train,8886_-14378
13000005176452,train,8811_-14421
13000005179468,val,8892_-14634
13000005180116,train,8886_-14378
13000005184601,val,8892_-14634
13000005184926,train,8886_-14378
13000005189450,val,8892_-14634
13000005190025,train,8886_-14378
13000005193833,val,8732_-14466
13000005194591,val,8892_-14634
13000005195121,train,8886_-14378
13000005199126,val,8732_-14466
13000005199460,val,8892_-14634
13000005199888,train,8886_-14378
13000005203936,val,8732_-14466
13000005204631,val,8892_-14634
13000005204974,train,8886_-14378
13000005208739,val,8732_-14466
13000005209539,val,8892_-14634
13000005210054,train,8886_-14378
13000005214024,val,8732_-14466
13000005214456,val,8892_-14634
13000005215139,train,8886_-14378
13000005218824,val,8732_-14466
13000005219671,val,8892_-14634
13000005219899,train,8886_-14378
13000005224103,val,8732_-14466
13000005224589,val,8892_-14634
13000005224957,train,8886_-14378
13000005226453,train,8849_-14500
13000005228899,val,8732_-14466
13000005229505,val,8892_-14634
13000005230004,train,8886_-14378
13000005231690,train,8849_-14500
13000005234170,val,8732_-14466
13000005235029,train,8886_-14378
13000005236477,train,8849_-14500
13000005238961,val,8732_-14466
13000005239593,val,8892_-14634
13000005240057,train,8886_-14378
13000005241685,train,8849_-14500
13000005242066,test,8782_-14427
13000005243750,val,8732_-14466
13000005244465,val,8892_-14634
13000005245083,train,8886_-14378
13000005246441,train,8849_-14500
13000005247321,test,8782_-14427
13000005249019,val,8732_-14466
13000005249609,val,8892_-14634
13000005250099,train,8886_-14378
13000005251618,train,8849_-14500
13000005252096,test,8782_-14427
13000005253807,val,8732_-14466
13000005254467,val,8892_-14634
13000005255120,train,8886_-14378
13000005256349,train,8849_-14500
13000005257341,test,8782_-14427
13000005259070,val,8732_-14466
13000005259616,val,8892_-14634
13000005260128,train,8886_-14378
13000005260274,val,8882_-14384
13000005261499,train,8849_-14500
13000005262106,test,8782_-14427
13000005263851,val,8732_-14466
13000005264491,val,8892_-14634
13000005264855,val,8882_-14384
13000005265123,train,8886_-14378
13000005266640,train,8849_-14500
13000005269107,val,8732_-14466
13000005269670,val,8892_-14634
13000005269891,val,8882_-14384
13000005270118,train,8886_-14378
13000005273888,val,8732_-14466
13000005274576,val,8892_-14634
13000005274925,val,8882_-14384
13000005275133,train,8886_-14378
13000005279149,val,8732_-14466
13000005279492,val,8892_-14634
13000005279852,train,8886_-14378
13000005279958,val,8882_-14384
13000005283935,val,8732_-14466
13000005284413,val,8892_-14634
13000005284886,train,8886_-14378
13000005289626,val,8892_-14634
13000005289908,train,8886_-14378
13000005293992,train,8732_-14465
13000005294558,val,8892_-14634
13000005294907,train,8886_-14378
13000005298785,train,8732_-14465
13000005299462,val,8892_-14634
13000005299884,train,8886_-14378
13000005303023,train,8994_-14636
13000005304057,train,8732_-14465
13000005304609,val,8892_-14634
13000005308018,train,8994_-14636
13000005308855,train,8732_-14465
13000005309430,val,8892_-14634
13000005311495,train,8811_-14421
13000005313018,train,8994_-14636
13000005314133,train,8732_-14465
13000005314493,val,8892_-14634
13000005316591,train,8811_-14421
13000005318037,train,8994_-14636
13000005318191,train,8751_-14447
13000005318935,train,8732_-14465
13000005319512,val,8892_-14634
13000005321692,train,8811_-14421
13000005323042,train,8994_-14636
13000005323394,train,8751_-14447
13000005323733,train,8732_-14465
13000005324450,val,8892_-14634
13000005326368,train,8811_-14421
13000005328043,train,8994_-14636
13000005328585,train,8751_-14447
13000005329015,train,8732_-14465
13000005329579,val,8892_-14634
13000005331476,train,8811_-14421
13000005333047,train,8994_-14636
13000005333303,train,8751_-14447
13000005333818,train,8732_-14465
13000005334659,val,8892_-14634
13000005336582,train,8811_-14421
13000005339098,train,8732_-14465
13000005339421,val,8892_-14634
13000005341691,train,8811_-14421
13000005346375,train,8811_-14421
13000005348334,test,8760_-14502
13000005350124,train,8886_-14377
13000005351484,train,8811_-14421
13000005353096,test,8760_-14502
13000005353907,test,8665_-14484
13000005355047,train,8886_-14377
13000005356598,train,8811_-14421
13000005358327,test,8760_-14502
13000005358731,test,8665_-14484
13000005359990,train,8886_-14377
13000005361708,train,8811_-14421
13000005363074,test,8760_-14502
13000005363562,test,8665_-14484
13000005364395,train,8604_-14495
13000005364943,train,8886_-14377
13000005366391,train,8811_-14421
13000005368284,test,8760_-14502
13000005369686,train,8604_-14495
13000005369915,train,8886_-14377
13000005371497,train,8811_-14421
13000005374493,train,8604_-14495
13000005374895,train,8886_-14377
13000005376604,train,8811_-14421
13000005379786,train,8604_-14495
13000005379893,train,8886_-14377
13000005384593,train,8604_-14495
13000005392467,train,8782_-14428
13000005397316,train,8782_-14428
13000005402170,train,8782_-14428
13000005407031,train,8782_-14428
13000005409621,train,8893_-14634
13000005412373,train,8782_-14428
13000005414452,train,8893_-14634
13000005417238,train,8782_-14428
13000005419583,train,8893_-14634
13000005422109,train,8782_-14428
13000005424470,train,8893_-14634
13000005427477,train,8782_-14428
13000005429658,train,8893_-14634
13000005430093,train,8886_-14377
13000005432357,train,8782_-14428
13000005434576,train,8893_-14634
13000005435094,train,8886_-14377
13000005437244,train,8782_-14428
13000005439513,train,8893_-14634
13000005440095,train,8886_-14377
13000005442142,train,8782_-14428
13000005443990,train,8732_-14465
13000005445085,train,8886_-14377
13000005447040,train,8782_-14428
13000005448802,train,8732_-14465
13000005450060,train,8886_-14377
13000005452441,train,8782_-14428
13000005454088,train,8732_-14465
13000005454999,train,8886_-14377
13000005457350,train,8782_-14428
13000005458904,train,8732_-14465
13000005459859,train,8886_-14377
13000005460126,train,8883_-14384
13000005463712,train,8732_-14465
13000005464905,train,8886_-14377
13000005465240,train,8883_-14384
13000005467779,train,8994_-14636
13000005469850,train,8886_-14377
13000005469891,train,8883_-14384
13000005473016,train,8994_-14636
13000005475001,train,8883_-14384
13000005475058,train,8886_-14377
13000005477846,train,8994_-14636
13000005479971,train,8886_-14377
13000005480112,train,8883_-14384
13000005483078,train,8994_-14636
13000005484905,train,8886_-14377
13000005485217,train,8883_-14384
13000005487908,train,8994_-14636
13000005489853,train,8883_-14384
13000005489856,train,8886_-14377
13000005492741,train,8994_-14636
13000005494848,train,8886_-14377
13000005494957,train,8883_-14384
13000005497980,train,8994_-14636
13000005499911,train,8886_-14377
13000005500059,train,8883_-14384
13000005502823,train,8994_-14636
13000005505051,train,8886_-14377
13000005505165,train,8883_-14384
13000005508921,train,8732_-14465
13000005509954,train,8886_-14377
13000005510271,train,8883_-14384
13000005513725,train,8732_-14465
13000005514911,train,8883_-14384
13000005514913,train,8886_-14377
13000005519021,train,8732_-14465
13000005519936,train,8886_-14377
13000005520013,train,8883_-14384
13000005523828,train,8732_-14465
13000005525013,train,8886_-14377
13000005529122,train,8732_-14465
13000005530137,train,8886_-14377
13000005533926,train,8732_-14465
13000005534476,train,8893_-14634
13000005534973,train,8886_-14377
13000005538737,train,8732_-14465
13000005538813,test,8665_-14484
13000005539560,train,8893_-14634
13000005543668,test,8665_-14484
13000005544029,train,8732_-14465
13000005544621,train,8893_-14634
13000005546608,test,8850_-14500
13000005548353,train,8759_-14502
13000005548841,train,8732_-14465
13000005549001,test,8665_-14484
13000005549640,train,8893_-14634
13000005549965,train,8886_-14377
13000005551390,test,8850_-14500
13000005553382,train,8759_-14502
13000005553853,test,8665_-14484
13000005554137,train,8732_-14465
13000005554597,train,8893_-14634
13000005554887,train,8886_-14377
13000005556345,train,8812_-14422
13000005556569,test,8850_-14500
13000005558413,train,8759_-14502
13000005558697,test,8665_-14484
13000005558951,train,8732_-14465
13000005559490,train,8893_-14634
13000005560148,train,8886_-14377
13000005561348,test,8850_-14500
13000005561409,train,8812_-14422
13000005562319,train,8782_-14429
13000005563446,train,8759_-14502
13000005564574,train,8893_-14634
13000005564654,test,8603_-14495
13000005565111,train,8886_-14377
13000005566480,train,8812_-14422
13000005566526,test,8850_-14500
13000005567193,train,8782_-14429
13000005568482,train,8759_-14502
13000005569433,test,8603_-14495
13000005570108,train,8886_-14377
13000005571301,test,8850_-14500
13000005571545,train,8812_-14422
13000005572064,train,8782_-14429
13000005574691,test,8603_-14495
13000005575134,train,8886_-14377
13000005576475,test,8850_-14500
13000005576616,train,8812_-14422
13000005577422,train,8782_-14429
13000005579474,test,8603_-14495
13000005580167,train,8886_-14377
13000005581650,test,8850_-14500
13000005582290,train,8782_-14429
13000005584468,train,8893_-14634
13000005584738,test,8603_-14495
13000005584869,train,8886_-14377
13000005586423,test,8850_-14500
13000005587160,train,8782_-14429
13000005589426,train,8893_-14634
13000005589915,train,8886_-14377
13000005592033,train,8782_-14429
13000005594503,train,8893_-14634
13000005594952,train,8886_-14377
13000005597391,train,8782_-14429
13000005599603,train,8893_-14634
13000005599997,train,8886_-14377
13000005602267,train,8782_-14429
13000005603465,val,8752_-14446
13000005604454,train,8893_-14634
13000005607144,train,8782_-14429
13000005608626,val,8752_-14446
13000005609555,train,8893_-14634
13000005612023,train,8782_-14429
13000005613327,val,8752_-14446
13000005614547,train,8893_-14634
13000005617393,train,8782_-14429
13000005618486,val,8752_-14446
13000005623172,val,8752_-14446
13000005637421,train,8782_-14429
13000005642306,train,8782_-14429
13000005643938,test,8732_-14464
13000005647194,train,8782_-14429
13000005648823,test,8732_-14464
13000005652083,train,8782_-14429
13000005653716,test,8732_-14464
13000005657453,train,8782_-14429
13000005659111,test,8732_-14464
13000005660217,test,8883_-14385
13000005664028,test,8732_-14464
13000005665244,test,8883_-14385
13000005668960,test,8732_-14464
13000005670262,test,8883_-14385
13000005673897,test,8732_-14464
13000005675276,test,8883_-14385
13000005678851,test,8732_-14464
13000005680283,test,8883_-14385
13000005683814,test,8732_-14464
13000005684978,train,8886_-14376
13000005688781,test,8732_-14464
13000005689915,train,8886_-14376
13000005693767,test,8732_-14464
13000005694853,train,8886_-14376
13000005698749,test,8732_-14464
13000005700148,train,8886_-14376
13000005703742,test,8732_-14464
13000005705101,train,8886_-14376
13000005708425,val,8752_-14446
13000005708731,test,8732_-14464
13000005710061,train,8886_-14376
13000005712483,train,8782_-14429
13000005713480,val,8752_-14446
13000005713726,test,8732_-14464
13000005715025,train,8886_-14376
13000005717348,train,8782_-14429
13000005718544,val,8752_-14446
13000005718724,test,8732_-14464
13000005719996,train,8886_-14376
13000005722219,train,8782_-14429
13000005723601,val,8752_-14446
13000005724974,train,8886_-14376
13000005727089,train,8782_-14429
13000005728216,val,8752_-14446
13000005732457,train,8782_-14429
13000005734353,train,8603_-14494
13000005737343,train,8782_-14429
13000005738995,train,8664_-14484
13000005739607,train,8603_-14494
13000005742234,train,8782_-14429
13000005743840,train,8664_-14484
13000005744384,train,8603_-14494
13000005747128,train,8782_-14429
13000005748108,train,8759_-14501
13000005748687,train,8664_-14484
13000005749637,train,8603_-14494
13000005752022,train,8782_-14429
13000005753341,train,8759_-14501
13000005754013,train,8664_-14484
13000005754412,train,8603_-14494
13000005756643,train,8812_-14422
13000005757410,train,8782_-14429
13000005758100,train,8759_-14501
13000005758860,train,8664_-14484
13000005759663,train,8603_-14494
13000005761697,train,8812_-14422
13000005762308,train,8782_-14429
13000005763337,train,8759_-14501
13000005764438,train,8603_-14494
13000005766322,train,8812_-14422
13000005767208,train,8782_-14429
13000005768098,train,8759_-14501
13000005769686,train,8603_-14494
13000005771363,train,8812_-14422
13000005772103,train,8782_-14429
13000005774457,train,8603_-14494
13000005776405,train,8812_-14422
13000005777495,train,8782_-14429
13000005779705,train,8603_-14494
13000005784473,train,8603_-14494
13000005799174,test,8733_-14464
13000005804153,test,8733_-14464
13000005809130,test,8733_-14464
13000005814104,test,8733_-14464
13000005819074,test,8733_-14464
13000005824037,test,8733_-14464
13000005827387,train,8782_-14430
13000005829003,test,8733_-14464
13000005832262,train,8782_-14430
13000005833965,test,8733_-14464
13000005837136,train,8782_-14430
13000005838924,test,8733_-14464
13000005842490,train,8782_-14430
13000005843884,test,8733_-14464
13000005847362,train,8782_-14430
13000005857106,train,8782_-14430
13000005859970,test,8883_-14385
13000005862466,train,8782_-14430
13000005864945,test,8883_-14385
13000005867345,train,8782_-14430
13000005869915,test,8883_-14385
13000005872220,train,8782_-14430
13000005874890,test,8883_-14385
13000005877090,train,8782_-14430
13000005879861,test,8883_-14385
13000005882451,train,8782_-14430
13000005887321,train,8782_-14430
13000005892194,train,8782_-14430
13000005897065,train,8782_-14430
13000005902421,train,8782_-14430
13000005907293,train,8782_-14430
13000005912158,train,8782_-14430
13000005913186,val,8753_-14445
13000005918420,val,8753_-14445
13000005923646,val,8753_-14445
13000005928402,val,8753_-14445
13000005933624,val,8753_-14445
13000005938992,train,8664_-14484
13000005943766,train,8664_-14484
13000005943948,test,8733_-14464
13000005947279,train,8781_-14430
13000005948911,test,8733_-14464
13000005949018,train,8664_-14484
13000005952173,train,8781_-14430
13000005953355,train,8758_-14501
13000005953786,train,8664_-14484
13000005953869,test,8733_-14464
13000005956504,val,8813_-14422
13000005957063,train,8781_-14430
13000005958120,train,8758_-14501
13000005958560,train,8664_-14484
13000005958832,test,8733_-14464
13000005961353,val,8813_-14422
13000005962449,train,8781_-14430
13000005963362,train,8758_-14501
13000005963786,test,8733_-14464
13000005966647,val,8813_-14422
13000005967335,train,8781_-14430
13000005968127,train,8758_-14501
13000005969511,train,8602_-14494
13000005971512,val,8813_-14422
13000005972223,train,8781_-14430
13000005973370,train,8758_-14501
13000005974780,train,8602_-14494
13000005976382,val,8813_-14422
13000005977117,train,8781_-14430
13000005979565,train,8602_-14494
13000005982492,train,8781_-14430
13000005984344,train,8602_-14494
13000005987385,train,8781_-14430
13000005989593,train,8602_-14494
13000005992277,train,8781_-14430
13000005997174,train,8781_-14430
13000006057777,val,8992_-14634
13000006060176,train,8884_-14386
13000006062854,val,8992_-14634
13000006065278,train,8884_-14386
13000006067908,val,8992_-14634
13000006069929,train,8884_-14386
13000006072951,val,8992_-14634
13000006075055,train,8884_-14386
13000006077977,val,8992_-14634
13000006080182,train,8884_-14386
13000006083005,val,8992_-14634
13000006088041,val,8992_-14634
13000006093091,val,8992_-14634
13000006097734,val,8992_-14634
13000006102806,val,8992_-14634
13000006103861,test,8733_-14464
13000006107891,val,8992_-14634
13000006108731,test,8733_-14464
13000006112980,val,8992_-14634
13000006113397,val,8753_-14445
13000006114080,test,8733_-14464
13000006118529,val,8753_-14445
13000006118946,test,8733_-14464
13000006121505,train,8852_-14500
13000006123195,val,8753_-14445
13000006123603,train,8663_-14484
13000006123809,test,8733_-14464
13000006126483,train,8852_-14500
13000006128327,val,8753_-14445
13000006128790,train,8663_-14484
13000006129152,test,8733_-14464
13000006131445,train,8852_-14500
13000006132210,train,8781_-14430
13000006133455,val,8753_-14445
13000006133978,train,8663_-14484
13000006134010,test,8733_-14464
13000006136391,train,8852_-14500
13000006137103,train,8781_-14430
13000006138685,train,8663_-14484
13000006138863,test,8734_-14464
13000006141306,train,8852_-14500
13000006142473,train,8781_-14430
13000006143721,test,8734_-14464
13000006143870,train,8663_-14484
13000006146603,train,8852_-14500
13000006147354,train,8781_-14430
13000006148301,train,8758_-14500
13000006148578,train,8663_-14484
13000006149059,test,8734_-14464
13000006151523,train,8852_-14500
13000006151722,val,8813_-14422
13000006152232,train,8781_-14430
13000006153468,train,8758_-14500
13000006153749,train,8663_-14484
13000006153917,test,8734_-14464
13000006156462,train,8852_-14500
13000006157115,train,8781_-14431
13000006158165,train,8758_-14500
13000006158770,test,8734_-14464
13000006158920,train,8663_-14484
13000006162489,train,8781_-14431
13000006163325,train,8758_-14500
13000006164110,test,8734_-14464
13000006167378,train,8781_-14431
13000006168480,train,8758_-14500
13000006169455,val,8601_-14494
13000006172270,train,8781_-14431
13000006174650,val,8601_-14494
13000006177158,train,8781_-14431
13000006179374,val,8601_-14494
13000006182049,train,8781_-14431
13000006184570,val,8601_-14494
13000006187428,train,8781_-14431
13000006189761,val,8601_-14494
13000006192317,train,8781_-14431
13000006197209,train,8781_-14431
13000006202094,train,8781_-14431
13000006207473,train,8781_-14431
13000006212359,train,8781_-14431
13000006217246,train,8781_-14431
13000006222132,train,8781_-14431
13000006225062,train,8888_-14376
13000006227012,train,8781_-14431
13000006229849,train,8888_-14376
13000006232383,train,8781_-14431
13000006235031,train,8888_-14376
13000006240196,train,8888_-14376
13000006244945,train,8888_-14376
13000006250067,train,8888_-14376
13000006255161,train,8888_-14376
13000006255236,train,8884_-14387
13000006259836,train,8888_-14376
13000006259900,train,8884_-14387
13000006265026,train,8884_-14387
13000006270159,train,8884_-14387
13000006275289,train,8884_-14387
13000006279956,train,8884_-14387
13000006285086,train,8884_-14387
13000006290220,train,8884_-14387
13000006294894,train,8884_-14387
13000006300039,train,8884_-14387
13000006305191,train,8884_-14387
13000006313292,train,8754_-14445
13000006318429,train,8754_-14445
13000006323578,train,8754_-14445
13000006324036,test,8734_-14464
13000006328259,train,8754_-14445
13000006328830,test,8734_-14464
13000006333424,train,8754_-14445
13000006334102,test,8734_-14464
13000006338897,test,8734_-14464
13000006343909,train,8663_-14484
13000006344171,test,8734_-14464
13000006348653,train,8663_-14484
13000006353431,train,8758_-14499
13000006353888,train,8663_-14484
13000006356542,train,8814_-14422
13000006358075,train,8758_-14499
13000006358644,train,8663_-14484
13000006361407,train,8814_-14422
13000006363180,train,8758_-14499
13000006363891,train,8663_-14484
13000006366718,train,8814_-14422
13000006368276,train,8758_-14499
13000006369791,val,8601_-14494
13000006371580,train,8814_-14422
13000006373361,train,8758_-14499
13000006374651,val,8601_-14494
13000006376444,train,8814_-14422
13000006379509,val,8601_-14494
13000006381745,train,8814_-14422
13000006384368,val,8601_-14494
13000006386608,train,8814_-14422
13000006389713,val,8601_-14494
13000006391466,train,8814_-14422
13000006429099,test,8734_-14464
13000006433902,test,8734_-14464
13000006439180,test,8734_-14464
13000006443980,test,8734_-14464
13000006448781,test,8734_-14464
13000006459904,train,8884_-14387
13000006465041,train,8884_-14387
13000006470179,train,8884_-14387
13000006474853,train,8885_-14387
13000006479993,train,8885_-14387
13000006486455,test,8853_-14499
13000006491289,test,8853_-14499
13000006496507,test,8853_-14499
13000006501351,test,8853_-14499
13000006506581,test,8853_-14499
13000006507056,test,8780_-14431
13000006511445,test,8853_-14499
13000006513295,train,8754_-14445
13000006516292,test,8853_-14499
13000006518543,train,8754_-14445
13000006521510,test,8853_-14499
13000006523311,train,8754_-14445
13000006526364,test,8853_-14499
13000006528554,train,8754_-14445
13000006531603,test,8853_-14499
13000006533325,train,8754_-14445
13000006536489,test,8853_-14499
13000006541390,test,8853_-14499
13000006543780,train,8662_-14484
13000006543829,train,8735_-14464
13000006546312,test,8853_-14499
13000006548634,train,8662_-14484
13000006549192,train,8735_-14464
13000006551618,test,8853_-14499
13000006553219,train,8757_-14499
13000006553982,train,8662_-14484
13000006554070,train,8735_-14464
13000006556414,train,8815_-14422
13000006556541,test,8853_-14499
13000006557127,train,8780_-14432
13000006558344,train,8757_-14499
13000006558847,train,8662_-14484
13000006558956,train,8735_-14464
13000006561452,test,8853_-14499
13000006561718,train,8815_-14422
13000006562467,train,8780_-14432
13000006563475,train,8757_-14499
13000006563716,train,8662_-14484
13000006563845,train,8735_-14464
13000006564406,val,8600_-14494
13000006566353,test,8853_-14499
13000006566577,train,8815_-14422
13000006567328,train,8780_-14432
13000006568145,train,8757_-14499
13000006569738,val,8600_-14494
13000006571438,train,8815_-14422
13000006571610,test,8853_-14499
13000006572180,train,8780_-14432
13000006573288,train,8757_-14499
13000006574589,val,8600_-14494
13000006576472,test,8853_-14499
13000006576743,train,8815_-14422
13000006577038,train,8780_-14432
13000006579438,val,8600_-14494
13000006581305,test,8853_-14499
13000006584766,val,8600_-14494
13000006586467,test,8853_-14499
13000006591540,test,8853_-14499
13000006593735,train,8735_-14464
13000006596452,test,8853_-14499
13000006599139,train,8735_-14464
13000006601507,test,8853_-14499
13000006604057,train,8735_-14464
13000006606338,test,8853_-14499
13000006608978,train,8735_-14464
13000006611276,test,8853_-14499
13000006613898,train,8735_-14464
13000006616302,test,8853_-14499
13000006618832,train,8735_-14464
13000006621362,test,8853_-14499
13000006623764,train,8735_-14464
13000006626461,test,8853_-14499
13000006629194,train,8735_-14464
13000006631372,test,8853_-14499
13000006634133,train,8735_-14464
13000006639075,train,8735_-14464
13000006642430,train,8780_-14432
13000006644021,train,8735_-14464
13000006647332,train,8780_-14432
13000006652236,train,8780_-14432
13000006657144,train,8780_-14432
13000006660230,train,8885_-14388
13000006662056,train,8780_-14432
13000006665210,train,8885_-14388
13000006670176,train,8885_-14388
13000006675150,train,8885_-14388
13000006680117,train,8885_-14388
13000006708245,train,8755_-14444
13000006712434,train,8780_-14432
13000006713405,train,8755_-14444
13000006717315,train,8780_-14432
13000006718573,train,8755_-14444
13000006722193,train,8780_-14432
13000006723262,train,8755_-14444
13000006727078,train,8780_-14432
13000006728429,train,8755_-14444
13000006732447,train,8780_-14432
13000006737327,train,8780_-14432
13000006742214,train,8780_-14432
13000006743575,test,8661_-14485
13000006744098,train,8735_-14464
13000006747091,train,8780_-14432
13000006748868,test,8661_-14485
13000006749049,train,8735_-14464
13000006752465,train,8780_-14432
13000006753671,test,8661_-14485
13000006753991,train,8735_-14464
13000006754467,val,8600_-14494
13000006756424,train,8815_-14422
13000006757337,train,8780_-14432
13000006758371,val,8757_-14498
13000006758940,train,8735_-14464
13000006758951,test,8661_-14485
13000006759663,val,8600_-14494
13000006761363,train,8815_-14422
13000006762212,train,8780_-14432
13000006763136,val,8757_-14498
13000006763739,test,8661_-14485
13000006763879,train,8735_-14464
13000006764381,val,8600_-14494
13000006766786,train,8815_-14422
13000006767085,train,8780_-14432
13000006768375,val,8757_-14498
13000006769558,val,8600_-14494
13000006771715,train,8815_-14422
13000006773137,val,8757_-14498
13000006774736,val,8600_-14494
13000006776635,train,8815_-14422
13000006778373,val,8757_-14498
13000006779437,val,8600_-14494
13000006784608,val,8600_-14494
13000006789777,val,8600_-14494
13000006794476,val,8600_-14494
13000006799641,val,8600_-14494
13000006801408,train,8853_-14498
13000006804336,val,8600_-14494
13000006806282,train,8853_-14498
13000006809498,val,8600_-14494
13000006811383,train,8853_-14498
13000006814658,val,8600_-14494
13000006816436,train,8853_-14498
13000006821456,train,8853_-14498
13000006826424,train,8853_-14498
13000006831374,train,8853_-14498
13000006836290,train,8853_-14498
13000006841466,train,8853_-14498
13000006842089,test,8780_-14433
13000006846335,train,8853_-14498
13000006847380,test,8780_-14433
13000006851441,train,8853_-14498
13000006852185,test,8780_-14433
13000006856263,train,8853_-14498
13000006857464,test,8780_-14433
13000006859919,train,8885_-14388
13000006861324,train,8853_-14498
13000006862249,test,8780_-14433
13000006864976,train,8885_-14388
13000006866368,train,8853_-14498
13000006870027,train,8885_-14388
13000006871413,train,8853_-14498
13000006875082,train,8885_-14388
13000006876462,train,8853_-14498
13000006880133,train,8885_-14388
13000006881519,train,8853_-14498
13000006885191,train,8885_-14388
13000006885538,train,8870_-14472
13000006886302,train,8853_-14498
13000006890243,train,8885_-14388
13000006890827,train,8870_-14472
13000006891361,train,8853_-14498
13000006894841,train,8885_-14388
13000006895798,train,8870_-14472
13000006899902,train,8885_-14388
13000006900775,train,8870_-14472
13000006901468,train,8853_-14498
13000006904954,train,8885_-14388
13000006905743,train,8870_-14472
13000006906486,train,8853_-14498
13000006910014,train,8885_-14388
13000006910701,train,8870_-14472
13000006911471,train,8853_-14498
13000006913635,train,8755_-14444
13000006915071,train,8885_-14388
13000006915649,train,8870_-14472
13000006916421,train,8853_-14498
13000006918306,train,8755_-14444
13000006920558,train,8870_-14472
13000006921338,train,8853_-14498
13000006923446,train,8755_-14444
13000006925762,train,8870_-14472
13000006926502,train,8853_-14498
13000006928585,train,8755_-14444
13000006930560,train,8870_-14472
13000006931396,train,8853_-14498
13000006933256,train,8755_-14444
13000006936271,train,8854_-14498
13000006938657,test,8661_-14485
13000006941364,train,8854_-14498
13000006943897,test,8661_-14485
13000006946434,train,8854_-14498
13000006948658,test,8661_-14485
13000006951513,train,8854_-14498
13000006953894,test,8661_-14485
13000006956355,train,8816_-14422
13000006958061,val,8757_-14497
13000006958659,test,8661_-14485
13000006961755,train,8816_-14422
13000006963310,val,8757_-14497
13000006966668,train,8816_-14422
13000006968082,val,8757_-14497
13000006971578,train,8816_-14422
13000006973333,val,8757_-14497
13000006976486,train,8816_-14422
13000006978103,val,8757_-14497
13000006981373,train,8854_-14498
13000006986286,train,8854_-14498
13000006991438,train,8854_-14498
13000006996327,train,8854_-14498
13000007001426,train,8854_-14498
13000007006442,train,8854_-14498
13000007011385,train,8854_-14498
13000007016377,train,8854_-14498
13000007021455,train,8854_-14498
13000007026331,train,8854_-14498
13000007030549,train,8870_-14471
13000007035672,train,8870_-14471
13000007040794,train,8870_-14471
13000007042197,train,8779_-14433
13000007045576,train,8870_-14471
13000007046301,train,8854_-14498
13000007047094,train,8779_-14433
13000007050689,train,8870_-14471
13000007051271,train,8854_-14498
13000007052487,train,8779_-14433
13000007055171,train,8886_-14389
13000007055796,train,8870_-14471
13000007056273,train,8854_-14498
13000007057384,train,8779_-14433
13000007060273,train,8886_-14389
13000007060563,train,8870_-14471
13000007061315,train,8854_-14498
13000007062286,train,8779_-14433
13000007064907,train,8886_-14389
13000007065646,train,8870_-14471
13000007066427,train,8854_-14498
13000007067855,train,8990_-14632
13000007070004,train,8886_-14389
13000007070719,train,8870_-14471
13000007071340,train,8854_-14498
13000007072933,train,8990_-14632
13000007075097,train,8886_-14389
13000007075765,train,8870_-14471
13000007078005,train,8990_-14632
13000007080196,train,8886_-14389
13000007080778,train,8870_-14471
13000007083059,train,8990_-14632
13000007085297,train,8886_-14389
13000007085721,train,8870_-14471
13000007088099,train,8990_-14632
13000007089934,train,8886_-14389
13000007090598,train,8870_-14471
13000007093126,train,8990_-14632
13000007095034,train,8886_-14389
13000007095726,train,8870_-14471
13000007097713,train,8990_-14632
13000007100122,train,8886_-14389
13000007100802,train,8870_-14471
13000007101296,train,8854_-14498
13000007103120,train,8990_-14632
13000007105218,train,8886_-14389
13000007105528,train,8870_-14471
13000007108114,train,8990_-14632
13000007108451,train,8756_-14444
13000007110536,train,8870_-14471
13000007113100,train,8990_-14632
13000007113180,train,8756_-14444
13000007115812,train,8870_-14471
13000007118089,train,8990_-14632
13000007118374,train,8756_-14444
13000007120730,train,8870_-14471
13000007123072,train,8990_-14632
13000007123577,train,8756_-14444
13000007125583,train,8870_-14471
13000007128301,train,8756_-14444
13000007130652,train,8870_-14471
13000007133501,train,8756_-14444
13000007135594,train,8870_-14471
13000007138761,train,8660_-14485
13000007140691,train,8870_-14471
13000007144011,train,8660_-14485
13000007145646,train,8870_-14471
13000007148777,train,8660_-14485
13000007149957,test,8890_-14375
13000007150717,train,8870_-14471
13000007151314,val,8854_-14497
13000007154024,train,8660_-14485
13000007154913,test,8890_-14375
13000007155625,train,8870_-14471
13000007156439,val,8854_-14497
13000007156665,train,8816_-14422
13000007158266,val,8757_-14497
13000007158788,train,8660_-14485
13000007159860,test,8890_-14375
13000007161270,val,8854_-14497
13000007161543,train,8816_-14422
13000007163437,val,8757_-14497
13000007166348,val,8854_-14497
13000007166429,train,8816_-14422
13000007168131,val,8757_-14497
13000007168950,val,8736_-14463
13000007169667,train,8599_-14495
13000007171310,train,8816_-14422
13000007171394,val,8854_-14497
13000007172908,train,8990_-14632
13000007173291,val,8757_-14497
13000007173811,val,8736_-14463
13000007174515,train,8599_-14495
13000007176421,val,8854_-14497
13000007176683,train,8816_-14422
13000007177420,val,8779_-14434
13000007177930,train,8990_-14632
13000007178450,val,8757_-14497
13000007179159,val,8736_-14463
13000007179366,train,8599_-14495
13000007181419,val,8854_-14497
13000007182340,val,8779_-14434
13000007182953,train,8990_-14632
13000007183134,val,8757_-14497
13000007184022,val,8736_-14463
13000007184701,train,8599_-14495
13000007186387,val,8854_-14497
13000007187253,val,8779_-14434
13000007187974,train,8990_-14632
13000007188883,val,8736_-14463
13000007191341,val,8854_-14497
13000007192175,val,8779_-14434
13000007192987,train,8990_-14632
13000007196317,val,8854_-14497
13000007197101,val,8779_-14434
13000007198002,train,8990_-14632
13000007201308,val,8854_-14497
13000007202021,val,8779_-14434
13000007203013,train,8990_-14632
13000007206298,val,8854_-14497
13000007207438,val,8779_-14434
13000007208025,train,8990_-14632
13000007208404,val,8757_-14496
13000007211495,val,8854_-14497
13000007212363,val,8779_-14434
13000007213046,train,8990_-14632
13000007216362,val,8854_-14497
13000007217297,val,8779_-14434
13000007218063,train,8990_-14632
13000007221374,val,8854_-14497
13000007222225,val,8779_-14434
13000007223083,train,8990_-14632
13000007225295,train,8886_-14390
13000007226471,val,8854_-14497
13000007227165,val,8779_-14434
13000007228100,train,8990_-14632
13000007229929,train,8886_-14390
13000007231261,val,8854_-14497
13000007232101,val,8779_-14434
13000007233114,train,8990_-14632
13000007235021,train,8886_-14390
13000007236408,val,8854_-14497
13000007240102,train,8886_-14390
13000007241277,val,8854_-14497
13000007242461,val,8779_-14434
13000007245191,train,8886_-14390
13000007246290,val,8854_-14497
13000007247399,val,8779_-14434
13000007250275,train,8886_-14390
13000007251287,val,8854_-14497
13000007252341,val,8779_-14434
13000007254905,train,8886_-14390
13000007257285,val,8779_-14434
13000007259993,train,8886_-14390
13000007262238,val,8779_-14434
13000007265073,train,8886_-14390
13000007270161,train,8886_-14390
13000007275242,train,8886_-14390
13000007279867,train,8886_-14390
13000007284948,train,8886_-14390
13000007313541,train,8756_-14444
13000007318234,train,8756_-14444
13000007320712,test,8870_-14470
13000007323399,train,8756_-14444
13000007325547,test,8870_-14470
13000007326410,val,8854_-14497
13000007328554,train,8756_-14444
13000007330598,test,8870_-14470
13000007331411,val,8854_-14497
13000007333245,train,8756_-14444
13000007333794,train,8737_-14463
13000007335592,test,8870_-14470
13000007336302,val,8854_-14497
13000007338940,train,8660_-14485
13000007339061,train,8737_-14463
13000007340546,test,8870_-14470
13000007341346,val,8854_-14497
13000007343766,train,8660_-14485
13000007343839,train,8737_-14463
13000007345701,test,8870_-14470
13000007346291,val,8854_-14497
13000007348593,train,8660_-14485
13000007349098,train,8737_-14463
13000007350574,test,8870_-14470
13000007351416,val,8854_-14497
13000007353875,train,8737_-14463
13000007353904,train,8660_-14485
13000007355646,test,8870_-14470
13000007356441,val,8854_-14497
13000007356678,test,8817_-14422
13000007358454,train,8756_-14496
13000007358728,train,8660_-14485
13000007360675,test,8870_-14470
13000007361322,val,8854_-14497
13000007361556,test,8817_-14422
13000007363237,train,8756_-14496
13000007364414,train,8598_-14495
13000007365714,test,8870_-14470
13000007366329,val,8854_-14497
13000007366430,test,8817_-14422
13000007368502,train,8756_-14496
13000007369759,train,8598_-14495
13000007370597,test,8870_-14470
13000007371448,val,8854_-14497
13000007371788,test,8817_-14422
13000007373288,train,8756_-14496
13000007374623,train,8598_-14495
13000007375571,test,8870_-14470
13000007376656,test,8817_-14422
13000007378077,train,8756_-14496
13000007379487,train,8598_-14495
13000007380607,test,8870_-14470
13000007381326,val,8854_-14497
13000007383347,train,8756_-14496
13000007384349,train,8598_-14495
13000007385661,test,8870_-14470
13000007386371,val,8854_-14497
13000007388139,train,8756_-14496
13000007389900,train,8886_-14390
13000007390672,test,8870_-14470
13000007391464,val,8854_-14497
13000007393412,train,8756_-14496
13000007394945,train,8886_-14390
13000007395647,test,8870_-14470
13000007396581,val,8854_-14497
13000007398208,train,8756_-14496
13000007399989,train,8886_-14390
13000007400573,test,8870_-14470
13000007401415,val,8854_-14497
13000007405031,train,8886_-14390
13000007405724,test,8870_-14470
13000007406275,val,8854_-14497
13000007410069,train,8886_-14390
13000007410615,test,8870_-14470
13000007411483,val,8854_-14497
13000007415099,train,8886_-14390
13000007415757,test,8870_-14470
13000007416384,val,8854_-14497
13000007420128,train,8886_-14390
13000007420711,test,8870_-14470
13000007421305,val,8854_-14497
13000007425165,train,8885_-14390
13000007425721,test,8870_-14470
13000007426553,val,8854_-14497
13000007430205,train,8885_-14390
13000007430514,test,8870_-14470
13000007435246,train,8885_-14390
13000007435591,test,8870_-14470
13000007440292,train,8885_-14390
13000007440702,test,8870_-14470
13000007445604,test,8870_-14470
13000007447233,val,8779_-14434
13000007450567,test,8870_-14470
13000007452145,val,8779_-14434
13000007455609,test,8870_-14470
13000007457048,val,8779_-14434
13000007462446,val,8779_-14434
13000007467342,val,8779_-14434
13000007503916,train,8737_-14463
13000007508793,train,8737_-14463
13000007513183,test,8757_-14444
13000007514160,train,8737_-14463
13000007518298,test,8757_-14444
13000007523405,test,8757_-14444
13000007528522,test,8757_-14444
13000007533631,test,8757_-14444
13000007535223,train,8891_-14374
13000007540200,train,8891_-14374
13000007542975,train,8989_-14631
13000007543664,train,8659_-14485
13000007545175,train,8891_-14374
13000007547788,train,8989_-14631
13000007548674,train,8659_-14485
13000007550149,train,8891_-14374
13000007552959,train,8989_-14631
13000007553682,train,8659_-14485
13000007555119,train,8891_-14374
13000007556384,val,8818_-14422
13000007558079,train,8989_-14631
13000007558693,train,8659_-14485
13000007560097,train,8891_-14374
13000007561322,val,8818_-14422
13000007562762,train,8989_-14630
13000007563710,train,8659_-14485
13000007565072,train,8891_-14374
13000007566747,val,8818_-14422
13000007567793,train,8989_-14630
13000007568463,train,8756_-14495
13000007569688,train,8598_-14496
13000007570057,train,8891_-14374
13000007571685,val,8818_-14422
13000007572772,train,8989_-14630
13000007573259,train,8756_-14495
13000007574408,train,8598_-14496
13000007575048,train,8891_-14374
13000007576615,val,8818_-14422
13000007577712,train,8989_-14630
13000007578059,train,8756_-14495
13000007579594,train,8598_-14496
13000007580046,train,8891_-14374
13000007582984,train,8989_-14630
13000007583341,train,8756_-14495
13000007584777,train,8598_-14496
13000007585059,train,8891_-14374
13000007587838,train,8989_-14630
13000007588143,train,8756_-14495
13000007589484,train,8598_-14496
13000007593013,train,8989_-14630
13000007597774,train,8989_-14630
13000007600019,train,8885_-14391
13000007602861,train,8989_-14630
13000007604949,train,8885_-14391
13000007607902,train,8989_-14630
13000007609870,train,8885_-14391
13000007612890,train,8989_-14630
13000007615235,train,8885_-14391
13000007617830,train,8989_-14630
13000007620151,train,8885_-14391
13000007622723,train,8989_-14630
13000007625069,train,8885_-14391
13000007627910,train,8989_-14630
13000007629991,train,8885_-14391
13000007632716,train,8989_-14630
13000007634908,train,8885_-14391
13000007637811,train,8989_-14630
13000007640279,train,8885_-14391
13000007642872,train,8989_-14630
13000007645197,train,8885_-14391
13000007647453,train,8778_-14435
13000007647901,train,8989_-14630
13000007650120,train,8885_-14391
13000007652312,train,8778_-14435
13000007652914,train,8989_-14630
13000007655042,train,8885_-14391
13000007657176,train,8778_-14435
13000007657909,train,8989_-14630
13000007659961,train,8885_-14391
13000007662038,train,8778_-14435
13000007662886,train,8989_-14630
13000007663886,train,8738_-14462
13000007664887,train,8885_-14391
13000007667391,train,8778_-14435
13000007667834,train,8989_-14630
13000007668769,train,8738_-14462
13000007670274,train,8885_-14391
13000007672749,train,8989_-14630
13000007674139,train,8738_-14462
13000007675233,train,8885_-14391
13000007677964,train,8989_-14630
13000007679021,train,8738_-14462
13000007680205,train,8885_-14391
13000007682822,train,8989_-14630
13000007687975,train,8989_-14630
13000007692784,train,8989_-14630
13000007708471,train,8757_-14443
13000007713634,train,8757_-14443
13000007718328,train,8757_-14443
13000007719061,train,8738_-14462
13000007723492,train,8757_-14443
13000007723946,train,8738_-14462
13000007728195,train,8757_-14443
13000007728829,train,8738_-14462
13000007733365,train,8757_-14443
13000007733717,train,8738_-14462
13000007739017,train,8659_-14485
13000007739094,train,8738_-14462
13000007743947,train,8659_-14485
13000007743986,train,8738_-14462
13000007744840,train,8885_-14391
13000007748861,train,8659_-14485
13000007748878,train,8738_-14462
13000007749945,train,8885_-14391
13000007753763,train,8659_-14486
13000007753770,train,8738_-14462
13000007755044,train,8885_-14391
13000007756588,val,8818_-14422
13000007758652,train,8659_-14486
13000007759156,train,8738_-14462
13000007760136,train,8885_-14391
13000007761467,val,8818_-14422
13000007764054,train,8738_-14462
13000007764468,train,8597_-14496
13000007765234,train,8885_-14392
13000007766341,val,8818_-14422
13000007769702,train,8597_-14496
13000007769868,train,8885_-14392
13000007771709,val,8818_-14422
13000007774470,train,8597_-14496
13000007774963,train,8885_-14392
13000007776583,val,8818_-14422
13000007779721,train,8597_-14496
13000007780059,train,8885_-14392
13000007781464,val,8818_-14422
13000007784501,train,8597_-14496
13000007785144,train,8885_-14392
13000007786340,val,8818_-14422
13000007789771,train,8597_-14496
13000007791704,val,8818_-14422
13000007833930,train,8738_-14462
13000007838807,train,8738_-14462
13000007842013,train,8778_-14435
13000007844168,train,8738_-14462
13000007847278,train,8778_-14435
13000007849043,train,8738_-14462
13000007852062,train,8777_-14435
13000007853918,train,8738_-14462
13000007857325,train,8777_-14435
13000007862103,train,8777_-14435
13000007913260,train,8758_-14443
13000007913482,train,8757_-14494
13000007918289,train,8757_-14494
13000007918416,train,8758_-14443
13000007923098,train,8757_-14494
13000007923579,train,8758_-14443
13000007928267,train,8758_-14443
13000007928389,train,8757_-14494
13000007930100,train,8885_-14392
13000007933196,train,8757_-14494
13000007933423,train,8758_-14443
13000007935208,train,8885_-14392
13000007938480,train,8757_-14494
13000007938725,train,8658_-14486
13000007939853,train,8885_-14392
13000007943284,train,8757_-14494
13000007943580,train,8658_-14486
13000007948087,train,8757_-14494
13000007948919,train,8658_-14486
13000007953372,train,8757_-14494
13000007953781,train,8658_-14486
13000007956465,train,8819_-14422
13000007958176,train,8757_-14494
13000007958638,train,8658_-14486
13000007961792,train,8819_-14422
13000007963469,train,8757_-14494
13000007966645,train,8819_-14422
13000007968282,train,8757_-14494
13000007969412,train,8597_-14496
13000007971492,train,8819_-14422
13000007973098,train,8757_-14493
13000007974690,train,8597_-14496
13000007976338,train,8819_-14422
13000007978394,train,8757_-14493
13000007979487,train,8597_-14496
13000007983206,train,8757_-14493
13000007984755,train,8597_-14496
13000007988498,train,8757_-14493
13000007989538,train,8597_-14496
13000007998722,train,8739_-14462
13000008004135,train,8739_-14462
13000008009057,train,8739_-14462
13000008013982,train,8739_-14462
13000008018904,train,8739_-14462
13000008042283,train,8777_-14435
13000008047189,train,8777_-14435
13000008049872,val,8884_-14392
13000008052098,train,8777_-14435
13000008054979,val,8884_-14392
13000008057014,train,8777_-14435
13000008060091,val,8884_-14392
13000008062423,train,8777_-14435
13000008065203,val,8884_-14393
13000008069857,val,8884_-14393
13000008074978,val,8884_-14393
13000008080094,val,8884_-14393
13000008084705,train,8596_-14496
13000008085211,val,8884_-14393
13000008089489,train,8596_-14496
13000008089859,val,8884_-14393
13000008093163,train,8757_-14493
13000008094746,train,8596_-14496
13000008098444,train,8757_-14493
13000008099521,train,8596_-14496
13000008103245,train,8757_-14493
13000008103790,train,8658_-14486
13000008104768,train,8596_-14496
13000008108047,train,8757_-14493
13000008108667,train,8658_-14486
13000008109535,train,8596_-14496
13000008113331,train,8757_-14493
13000008113348,train,8759_-14443
13000008114031,train,8658_-14486
13000008114774,train,8596_-14496
13000008118129,train,8757_-14493
13000008118482,train,8759_-14443
13000008118911,train,8658_-14486
13000008119535,train,8596_-14496
13000008123404,train,8757_-14493
13000008123619,train,8759_-14443
13000008123788,train,8658_-14486
13000008124768,train,8596_-14496
13000008128203,train,8757_-14493
13000008128285,train,8759_-14443
13000008129520,train,8596_-14496
13000008133423,train,8759_-14443
13000008133483,train,8757_-14493
13000008138285,train,8757_-14493
13000008143084,train,8757_-14493
13000008156550,train,8819_-14422
13000008161316,train,8819_-14422
13000008164566,train,8596_-14496
13000008166561,train,8819_-14422
13000008168521,train,8757_-14493
13000008169760,train,8596_-14496
13000008171323,train,8819_-14422
13000008173319,train,8757_-14493
13000008174482,train,8596_-14496
13000008176570,train,8819_-14422
13000008178111,train,8757_-14493
13000008179672,train,8596_-14496
13000008183385,train,8757_-14493
13000008184384,train,8596_-14496
13000008188181,train,8757_-14493
13000008188854,train,8739_-14462
13000008189567,train,8596_-14496
13000008193757,train,8739_-14462
13000008195243,val,8884_-14393
13000008199158,train,8739_-14462
13000008200295,val,8884_-14393
13000008204065,train,8739_-14462
13000008204885,val,8884_-14393
13000008208976,train,8739_-14462
13000008209928,val,8884_-14393
13000008213882,train,8739_-14462
13000008214968,val,8884_-14393
13000008218794,train,8739_-14462
13000008220009,val,8884_-14393
13000008223705,train,8739_-14462
13000008225039,val,8884_-14393
13000008229099,train,8739_-14462
13000008230066,val,8884_-14393
13000008234004,train,8739_-14462
13000008235088,val,8884_-14393
13000008238902,train,8739_-14462
13000008240106,val,8884_-14393
13000008243212,train,8759_-14443
13000008245124,val,8884_-14393
13000008247148,val,8777_-14436
13000008248390,train,8759_-14443
13000008250132,val,8884_-14393
13000008252093,val,8776_-14436
13000008253567,train,8759_-14443
13000008257030,val,8776_-14436
13000008258281,train,8759_-14443
13000008262474,val,8776_-14436
13000008263469,train,8759_-14443
13000008267413,val,8776_-14436
13000008268176,train,8759_-14443
13000008270169,val,8884_-14393
13000008273360,train,8759_-14443
13000008274147,train,8740_-14462
13000008275178,val,8884_-14393
13000008278532,train,8759_-14443
13000008279038,train,8740_-14462
13000008280190,val,8884_-14393
13000008283237,train,8759_-14443
13000008283924,train,8740_-14462
13000008285203,val,8884_-14393
13000008288411,train,8759_-14443
13000008288808,train,8740_-14462
13000008290217,val,8884_-14393
13000008294176,train,8740_-14462
13000008299058,train,8740_-14462
13000008303943,train,8740_-14462
13000008308825,train,8740_-14462
13000008313333,train,8759_-14443
13000008313711,train,8740_-14462
13000008318508,train,8759_-14443
13000008319085,train,8740_-14462
13000008323203,train,8759_-14443
13000008323971,train,8740_-14462
13000008328365,train,8759_-14443
13000008328860,train,8740_-14462
13000008333532,train,8759_-14443
13000008343836,train,8657_-14486
13000008348744,train,8657_-14486
13000008353651,train,8657_-14486
13000008356717,val,8820_-14422
13000008359040,train,8657_-14486
13000008361575,val,8820_-14422
13000008363936,train,8657_-14486
13000008363981,train,8740_-14462
13000008364751,val,8596_-14497
13000008366431,val,8820_-14422
13000008368851,train,8740_-14462
13000008369623,val,8596_-14497
13000008371781,val,8820_-14422
13000008373090,test,8757_-14492
13000008373724,train,8740_-14462
13000008374497,val,8596_-14497
13000008376646,val,8820_-14422
13000008378346,test,8757_-14492
13000008379079,train,8740_-14462
13000008379368,val,8596_-14497
13000008383126,test,8757_-14492
13000008383950,train,8740_-14462
13000008384720,val,8596_-14497
13000008388384,test,8757_-14492
13000008388820,train,8740_-14462
13000008393164,test,8757_-14492
13000008394183,train,8740_-14462
13000008399057,train,8740_-14462
13000008403932,train,8740_-14462
13000008408812,train,8740_-14462
13000008413243,test,8757_-14492
13000008414176,train,8740_-14462
13000008418498,test,8757_-14492
13000008422417,val,8776_-14436
13000008423279,test,8757_-14492
13000008427324,val,8776_-14436
13000008428062,test,8757_-14492
13000008431425,test,8854_-14493
13000008432236,val,8776_-14436
13000008433322,test,8757_-14492
13000008436284,test,8854_-14493
13000008437144,val,8776_-14436
13000008438102,test,8757_-14492
13000008441505,test,8854_-14493
13000008442037,val,8776_-14436
13000008443357,test,8757_-14492
13000008446339,test,8854_-14493
13000008447413,val,8776_-14436
13000008448135,test,8757_-14492
13000008451535,test,8854_-14493
13000008452291,val,8776_-14436
13000008453390,test,8757_-14492
13000008456340,test,8854_-14493
13000008457167,val,8776_-14436
13000008458166,test,8757_-14492
13000008460108,train,8893_-14372
13000008461491,test,8854_-14493
13000008462043,val,8776_-14436
13000008463419,test,8757_-14492
13000008464972,train,8893_-14372
13000008466607,test,8854_-14493
13000008467402,val,8776_-14436
13000008467739,val,8988_-14627
13000008468192,test,8757_-14492
13000008468782,train,8740_-14462
13000008469850,train,8893_-14372
13000008470041,train,8884_-14394
13000008472913,val,8988_-14627
13000008473441,test,8757_-14492
13000008474142,train,8740_-14462
13000008475150,train,8893_-14372
13000008475158,train,8884_-14394
13000008477723,val,8988_-14627
13000008478210,test,8757_-14492
13000008479017,train,8740_-14462
13000008480065,train,8893_-14372
13000008480277,train,8884_-14394
13000008483888,train,8740_-14462
13000008484937,train,8884_-14394
13000008484993,train,8893_-14372
13000008488762,train,8740_-14462
13000008489944,train,8893_-14372
13000008490068,train,8884_-14394
13000008494123,train,8740_-14462
13000008498998,train,8740_-14462
13000008503869,train,8740_-14462
13000008504878,train,8893_-14372
13000008508740,train,8740_-14462
13000008509879,train,8893_-14372
13000008511263,train,8854_-14492
13000008513248,train,8760_-14444
13000008514096,train,8740_-14462
13000008514895,train,8893_-14372
13000008516533,train,8854_-14492
13000008518419,train,8760_-14444
13000008518965,train,8740_-14462
13000008519919,train,8893_-14372
13000008521417,train,8854_-14492
13000008523584,train,8760_-14444
13000008524953,train,8893_-14372
13000008526282,train,8854_-14492
13000008528286,train,8760_-14444
13000008529993,train,8893_-14372
13000008531454,train,8854_-14492
13000008533453,train,8760_-14444
13000008535036,train,8894_-14372
13000008536603,train,8854_-14492
13000008540084,train,8894_-14372
13000008541349,train,8854_-14492
13000008543969,test,8656_-14486
13000008545129,train,8894_-14372
13000008546388,train,8854_-14492
13000008550169,train,8894_-14372
13000008551354,train,8854_-14492
13000008555198,train,8894_-14372
13000008556579,train,8854_-14492
13000008556708,val,8820_-14422
13000008558198,train,8757_-14491
13000008559663,train,8595_-14497
13000008560216,train,8894_-14372
13000008561419,train,8854_-14492
13000008561610,val,8820_-14422
13000008563439,train,8757_-14491
13000008564516,train,8595_-14497
13000008565212,train,8894_-14372
13000008566507,val,8820_-14422
13000008566564,train,8854_-14492
13000008568207,train,8757_-14491
13000008569370,train,8595_-14497
13000008570197,train,8894_-14372
13000008571396,train,8854_-14492
13000008571408,val,8820_-14422
13000008573453,train,8757_-14491
13000008574707,train,8595_-14497
13000008575161,train,8894_-14372
13000008576558,train,8854_-14492
13000008576792,val,8820_-14422
13000008578225,train,8757_-14491
13000008579555,train,8595_-14497
13000008580111,train,8894_-14372
13000008581420,train,8854_-14492
13000008583480,train,8757_-14491
13000008585045,train,8894_-14372
13000008586304,train,8854_-14492
13000008588260,train,8757_-14491
13000008589961,train,8894_-14372
13000008591561,train,8854_-14492
13000008593518,train,8757_-14491
13000008596570,train,8854_-14492
13000008598303,train,8757_-14491
13000008601298,train,8854_-14492
13000008603090,train,8757_-14491
13000008604940,train,8884_-14395
13000008606434,train,8854_-14492
13000008610061,train,8884_-14395
13000008611275,train,8854_-14492
13000008615190,train,8884_-14395
13000008619765,train,8595_-14497
13000008619849,train,8884_-14395
13000008624593,train,8595_-14497
13000008624977,train,8884_-14395
13000008629420,train,8595_-14497
13000008630107,train,8884_-14395
13000008634730,train,8595_-14497
13000008635234,train,8884_-14395
13000008639108,train,8741_-14462
13000008639557,train,8595_-14497
13000008639892,train,8884_-14395
13000008642132,train,8775_-14436
13000008644003,train,8741_-14462
13000008644380,train,8595_-14497
13000008645010,train,8884_-14395
13000008647474,train,8775_-14436
13000008648903,train,8741_-14462
13000008649684,train,8595_-14497
13000008650127,train,8884_-14395
13000008652332,train,8775_-14436
13000008653803,train,8741_-14462
13000008654499,train,8595_-14497
13000008655230,train,8884_-14395
13000008657193,train,8775_-14436
13000008659196,train,8741_-14462
13000008659314,train,8595_-14497
13000008659870,train,8884_-14395
13000008662046,train,8775_-14436
13000008664098,train,8741_-14462
13000008664605,train,8595_-14497
13000008665012,train,8894_-14371
13000008669000,train,8741_-14462
13000008669414,train,8595_-14497
13000008670007,train,8894_-14371
13000008670064,train,8884_-14395
13000008673907,train,8741_-14462
13000008674686,train,8595_-14497
13000008674997,train,8894_-14371
13000008675157,train,8884_-14395
13000008678811,train,8741_-14462
13000008679969,train,8894_-14371
13000008680240,train,8884_-14395
13000008683718,train,8741_-14462
13000008684861,train,8884_-14395
13000008684929,train,8894_-14371
13000008689114,train,8741_-14462
13000008689888,train,8894_-14371
13000008689937,train,8884_-14395
13000008694856,train,8894_-14371
13000008700208,train,8894_-14371
13000008705184,train,8894_-14371
13000008710172,train,8894_-14371
13000008713488,train,8760_-14444
13000008715170,train,8894_-14371
13000008718187,train,8760_-14444
13000008720182,train,8894_-14371
13000008723353,train,8760_-14444
13000008725207,train,8894_-14371
13000008728524,train,8760_-14444
13000008729853,train,8894_-14371
13000008733221,train,8760_-14444
13000008733330,train,8757_-14491
13000008734897,train,8894_-14371
13000008738125,train,8757_-14491
13000008738397,train,8760_-14444
13000008739952,train,8894_-14371
13000008743384,train,8757_-14491
13000008743563,train,8760_-14444
13000008745028,train,8894_-14371
13000008748175,train,8757_-14491
13000008748267,train,8760_-14444
13000008750121,train,8894_-14371
13000008751315,train,8821_-14422
13000008753432,train,8760_-14444
13000008753435,train,8757_-14491
13000008756696,train,8821_-14422
13000008758221,train,8757_-14490
13000008758605,train,8760_-14444
13000008761576,train,8821_-14422
13000008763302,train,8760_-14444
13000008763487,train,8757_-14490
13000008764340,train,8595_-14497
13000008766461,train,8821_-14422
13000008768261,train,8757_-14490
13000008768470,train,8760_-14444
13000008769515,train,8595_-14497
13000008771349,train,8821_-14422
13000008773047,train,8757_-14490
13000008773636,train,8760_-14444
13000008774686,train,8595_-14497
13000008778314,train,8757_-14490
13000008778333,train,8760_-14444
13000008779381,train,8595_-14498
13000008783094,train,8757_-14490
13000008784548,train,8595_-14498
13000008793863,train,8741_-14461
13000008798741,train,8741_-14461
13000008804108,train,8741_-14461
13000008808986,train,8741_-14461
13000008813865,train,8741_-14461
13000008837270,train,8775_-14437
13000008842135,train,8775_-14437
13000008847484,train,8775_-14437
13000008852350,train,8775_-14437
13000008857208,train,8775_-14437
13000008870213,test,8883_-14395
13000008875225,test,8883_-14395
13000008878421,train,8761_-14444
13000008880243,test,8883_-14395
13000008883568,train,8761_-14444
13000008885260,test,8883_-14395
13000008888254,train,8761_-14444
13000008893403,train,8761_-14444
13000008898561,train,8761_-14444
13000008903248,train,8761_-14444
13000008908404,train,8761_-14444
13000008913565,train,8761_-14444
13000008918257,train,8761_-14444
13000008923431,train,8761_-14444
13000008928599,train,8761_-14444
13000008933303,train,8761_-14444
13000008940096,train,8894_-14370
13000008943835,train,8655_-14487
13000008945251,train,8894_-14370
13000008948728,train,8655_-14487
13000008949435,val,8594_-14498
13000008949976,train,8894_-14370
13000008953623,train,8655_-14487
13000008954745,val,8594_-14498
13000008955129,train,8894_-14370
13000008956325,train,8822_-14422
13000008959000,train,8655_-14487
13000008959573,val,8594_-14498
13000008959855,train,8894_-14370
13000008961774,train,8822_-14422
13000008963892,train,8655_-14487
13000008964399,val,8594_-14498
13000008965016,train,8894_-14370
13000008966730,train,8822_-14422
13000008969714,val,8594_-14498
13000008970182,train,8894_-14370
13000008971679,train,8822_-14422
13000008974539,val,8594_-14498
13000008974916,train,8894_-14370
13000008976636,train,8822_-14422
13000008979371,val,8594_-14498
13000008980078,train,8894_-14370
13000008984682,val,8594_-14498
13000008989515,val,8594_-14498
13000008994347,val,8594_-14498
13000008999662,val,8594_-14498
13000009004495,val,8594_-14498
13000009009324,val,8594_-14498
13000009012923,train,8986_-14626
13000009014637,val,8594_-14498
13000009017829,train,8986_-14626
13000009018383,train,8757_-14490
13000009019469,val,8594_-14498
13000009022733,train,8986_-14626
13000009023133,train,8757_-14490
13000009024782,val,8594_-14498
13000009027958,train,8986_-14626
13000009028359,train,8757_-14490
13000009029611,val,8594_-14498
13000009032860,train,8986_-14626
13000009033112,train,8757_-14490
13000009034440,val,8594_-14498
13000009037322,train,8774_-14437
13000009037770,train,8986_-14626
13000009038338,train,8757_-14490
13000009039753,val,8594_-14498
13000009042166,train,8774_-14437
13000009043014,train,8986_-14626
13000009044588,val,8594_-14498
13000009047492,train,8774_-14437
13000009047943,train,8986_-14626
13000009052327,train,8774_-14437
13000009057155,train,8774_-14437
13000009074853,train,8883_-14396
13000009078291,test,8757_-14489
13000009079927,train,8883_-14396
13000009083058,test,8757_-14489
13000009085003,train,8883_-14396
13000009088300,test,8757_-14489
13000009090088,train,8883_-14396
13000009093063,test,8757_-14489
13000009095171,train,8883_-14396
13000009113286,train,8761_-14444
13000009118456,train,8761_-14444
13000009123622,train,8761_-14444
13000009128325,train,8761_-14444
13000009133501,train,8761_-14444
13000009143114,test,8757_-14489
13000009148362,test,8757_-14489
13000009148557,train,8761_-14444
13000009148972,train,8655_-14487
13000009153134,test,8757_-14489
13000009153269,train,8761_-14444
13000009153817,train,8655_-14487
13000009154729,test,8594_-14499
13000009156351,train,8822_-14421
13000009158451,train,8761_-14444
13000009158661,train,8655_-14487
13000009159496,test,8594_-14499
13000009161710,train,8822_-14421
13000009163637,train,8761_-14444
13000009163991,train,8655_-14487
13000009164745,test,8594_-14499
13000009166575,train,8822_-14421
13000009168351,train,8761_-14444
13000009168830,train,8655_-14487
13000009169513,test,8594_-14499
13000009171440,train,8822_-14421
13000009173535,train,8761_-14444
13000009174750,test,8594_-14499
13000009176790,train,8822_-14421
13000009178252,train,8761_-14444
13000009183430,train,8761_-14444
13000009188611,train,8761_-14444
13000009193314,train,8761_-14444
13000009193969,train,8655_-14487
13000009198490,train,8761_-14444
13000009198796,train,8655_-14487
13000009203201,train,8761_-14444
13000009203606,train,8655_-14487
13000009208371,train,8762_-14444
13000009208899,train,8655_-14487
13000009213555,train,8762_-14444
13000009213703,train,8655_-14487
13000009218175,train,8756_-14489
13000009218259,train,8762_-14444
13000009218991,train,8655_-14487
13000009223439,train,8762_-14444
13000009223453,train,8756_-14489
13000009223790,train,8655_-14487
13000009228256,train,8756_-14489
13000009228588,train,8655_-14487
13000009228616,train,8762_-14444
13000009233062,train,8756_-14489
13000009233866,train,8655_-14487
13000009238341,train,8756_-14489
13000009238655,train,8655_-14487
13000009242394,train,8774_-14437
13000009243137,train,8756_-14489
13000009243927,train,8655_-14487
13000009244947,train,8883_-14397
13000009247277,train,8774_-14437
13000009248408,train,8756_-14489
13000009248710,train,8655_-14487
13000009250031,train,8883_-14397
13000009252156,train,8774_-14437
13000009253204,train,8756_-14489
13000009255122,train,8883_-14397
13000009257038,train,8774_-14437
13000009258478,train,8756_-14489
13000009260208,train,8883_-14397
13000009262411,train,8774_-14437
13000009262939,train,8986_-14625
13000009265299,train,8883_-14397
13000009269925,train,8883_-14397
13000009275020,train,8883_-14397
13000009280115,train,8883_-14397
13000009285213,train,8883_-14397
13000009289847,train,8883_-14397
13000009294944,train,8883_-14397
13000009338410,train,8756_-14489
13000009343197,train,8756_-14489
13000009348465,train,8756_-14489
13000009353259,train,8756_-14489
13000009356585,train,8823_-14421
13000009358061,train,8756_-14489
13000009361364,test,8855_-14489
13000009361420,train,8823_-14421
13000009363444,test,8762_-14443
13000009366608,test,8855_-14489
13000009366737,train,8823_-14421
13000009368613,test,8762_-14443
13000009371502,test,8855_-14489
13000009371580,train,8823_-14421
13000009373316,test,8762_-14443
13000009376404,test,8855_-14489
13000009376422,train,8823_-14421
13000009378495,test,8762_-14443
13000009381313,test,8855_-14489
13000009383202,test,8762_-14443
13000009386597,test,8855_-14489
13000009388389,test,8762_-14443
13000009391500,test,8855_-14489
13000009393567,test,8762_-14443
13000009396395,test,8855_-14489
13000009398280,test,8762_-14443
13000009401289,test,8855_-14489
13000009403462,test,8762_-14443
13000009417792,train,8985_-14625
13000009418936,val,8654_-14487
13000009422860,train,8985_-14625
13000009423804,val,8654_-14487
13000009427903,train,8985_-14625
13000009428681,val,8654_-14487
13000009432889,train,8985_-14625
13000009433562,val,8654_-14487
13000009437798,train,8985_-14625
13000009438930,val,8654_-14487
13000009442937,train,8985_-14625
13000009443815,val,8654_-14487
13000009447364,train,8773_-14438
13000009447717,train,8985_-14625
13000009448698,val,8654_-14487
13000009452232,train,8773_-14438
13000009452737,train,8985_-14625
13000009453587,val,8654_-14487
13000009457105,train,8773_-14438
13000009457706,train,8985_-14625
13000009458957,val,8654_-14487
13000009462458,train,8773_-14438
13000009463848,val,8654_-14487
13000009467328,train,8773_-14438
13000009468735,val,8654_-14487
13000009473624,val,8654_-14487
13000009475205,train,8883_-14397
13000009479004,val,8654_-14487
13000009480293,train,8883_-14397
13000009483894,val,8654_-14487
13000009484919,train,8883_-14397
13000009489998,train,8883_-14397
13000009495081,train,8883_-14397
13000009513346,test,8762_-14443
13000009518523,test,8762_-14443
13000009523231,test,8762_-14443
13000009528416,test,8762_-14443
13000009533308,train,8755_-14489
13000009533592,test,8762_-14443
13000009538518,train,8755_-14489
13000009543257,train,8755_-14489
13000009546378,test,8855_-14489
13000009548474,train,8755_-14489
13000009551395,test,8855_-14489
13000009553217,train,8755_-14489
13000009554423,train,8594_-14500
13000009556397,test,8855_-14489
13000009556628,train,8823_-14421
13000009558669,val,8654_-14487
13000009559694,train,8594_-14500
13000009561385,test,8855_-14489
13000009561521,train,8823_-14421
13000009564031,val,8654_-14487
13000009564480,train,8594_-14500
13000009566345,test,8855_-14489
13000009566413,train,8823_-14421
13000009568911,val,8654_-14487
13000009569750,train,8594_-14500
13000009571286,test,8855_-14489
13000009571311,train,8823_-14421
13000009573784,val,8654_-14487
13000009574540,train,8594_-14500
13000009576578,test,8855_-14489
13000009576692,train,8823_-14421
13000009578669,val,8654_-14487
13000009581476,test,8855_-14489
13000009583558,val,8654_-14487
13000009586358,test,8855_-14489
13000009588936,val,8654_-14487
13000009591608,test,8855_-14488
13000009593826,val,8654_-14487
13000009596474,test,8855_-14488
13000009598717,val,8654_-14487
13000009609491,train,8594_-14500
13000009614756,train,8594_-14500
13000009619545,train,8594_-14500
13000009624333,train,8594_-14500
13000009629603,train,8594_-14500
13000009631334,test,8855_-14488
13000009634390,train,8594_-14500
13000009636485,test,8855_-14488
13000009639656,train,8594_-14500
13000009641612,test,8855_-14488
13000009644443,train,8594_-14500
13000009646354,test,8855_-14488
13000009647024,train,8773_-14438
13000009648269,train,8763_-14443
13000009649706,train,8594_-14500
13000009651439,test,8855_-14488
13000009652331,train,8773_-14438
13000009652779,train,8985_-14625
13000009653440,train,8763_-14443
13000009654499,train,8594_-14500
13000009656505,test,8855_-14488
13000009657154,train,8773_-14438
13000009657862,train,8985_-14625
13000009658604,train,8763_-14443
13000009659768,train,8594_-14500
13000009661562,test,8855_-14488
13000009662453,train,8773_-14438
13000009662831,train,8985_-14625
13000009663305,train,8763_-14443
13000009664557,train,8594_-14501
13000009666613,test,8855_-14488
13000009667270,train,8773_-14438
13000009667897,train,8985_-14625
13000009668476,train,8763_-14443
13000009671294,test,8855_-14488
13000009672862,train,8985_-14625
13000009673179,train,8763_-14443
13000009674870,train,8882_-14398
13000009676322,test,8855_-14488
13000009677765,train,8985_-14625
13000009678364,train,8763_-14443
13000009679999,train,8882_-14398
13000009681331,test,8855_-14488
13000009683546,train,8763_-14443
13000009685137,train,8882_-14398
13000009688270,train,8763_-14443
13000009690275,train,8882_-14398
13000009693461,train,8763_-14443
13000009694949,train,8882_-14398
13000009698188,train,8763_-14443
13000009713342,train,8763_-14443
13000009718552,train,8763_-14443
13000009723301,train,8763_-14443
13000009728524,train,8763_-14443
13000009728981,train,8653_-14487
13000009733089,train,8755_-14489
13000009733281,train,8763_-14443
13000009733894,train,8653_-14487
13000009738334,train,8755_-14489
13000009738799,train,8653_-14487
13000009743102,train,8755_-14489
13000009743720,train,8653_-14487
13000009748347,train,8755_-14489
13000009748634,train,8653_-14487
13000009753114,train,8755_-14489
13000009753553,train,8653_-14487
13000009754447,train,8593_-14501
13000009758968,train,8653_-14487
13000009759744,train,8593_-14501
13000009761418,train,8824_-14421
13000009763897,train,8653_-14487
13000009764561,train,8593_-14501
13000009766335,train,8824_-14421
13000009768826,train,8653_-14487
13000009769382,train,8593_-14501
13000009771743,train,8824_-14421
13000009774688,train,8593_-14501
13000009776429,test,8855_-14488
13000009776664,train,8824_-14421
13000009781513,test,8855_-14488
13000009781585,train,8824_-14421
13000009786600,test,8855_-14488
13000009791317,test,8855_-14488
13000009796380,test,8855_-14488
13000009797812,train,8984_-14626
13000009801428,test,8855_-14488
13000009802833,train,8984_-14626
13000009806459,test,8855_-14488
13000009807803,train,8984_-14626
13000009811473,test,8855_-14488
13000009812744,train,8984_-14626
13000009816473,test,8855_-14488
13000009817840,train,8984_-14626
13000009821468,test,8855_-14488
13000009822751,train,8984_-14626
13000009826446,test,8855_-14488
13000009827722,train,8984_-14626
13000009832759,train,8984_-14626
13000009837743,train,8984_-14626
13000009841434,train,8824_-14421
13000009842779,train,8984_-14626
13000009846399,train,8824_-14421
13000009847273,train,8772_-14438
13000009851365,train,8824_-14421
13000009852155,train,8772_-14438
13000009856325,train,8824_-14421
13000009857034,train,8772_-14438
13000009861784,train,8824_-14421
13000009862408,train,8772_-14438
13000009862823,train,8984_-14626
13000009866746,train,8824_-14421
13000009867291,train,8772_-14438
13000009867797,train,8984_-14626
13000009870015,test,8882_-14399
13000009871713,train,8824_-14421
13000009872739,train,8984_-14626
13000009875080,test,8882_-14399
13000009876672,train,8824_-14421
13000009877756,train,8984_-14626
13000009880155,test,8882_-14399
13000009881638,train,8824_-14421
13000009882831,train,8984_-14626
13000009885223,test,8882_-14399
13000009890296,test,8882_-14399
13000009913545,train,8763_-14443
13000009916379,train,8856_-14487
13000009918222,train,8763_-14443
13000009921487,train,8856_-14487
13000009923371,train,8763_-14443
13000009926555,train,8856_-14487
13000009928514,train,8763_-14443
13000009931551,train,8856_-14487
13000009933193,train,8763_-14443
13000009933244,val,8754_-14489
13000009938502,val,8754_-14489
13000009943285,val,8754_-14489
13000009944418,train,8593_-14502
13000009948071,val,8754_-14489
13000009949640,train,8593_-14502
13000009953341,val,8754_-14489
13000009954386,train,8593_-14502
13000009959601,train,8593_-14502
13000009961302,train,8856_-14487
13000009961587,train,8824_-14421
13000009963601,train,8653_-14487
13000009964340,train,8593_-14502
13000009966359,train,8856_-14487
13000009966491,train,8824_-14421
13000009968901,train,8653_-14487
13000009971385,train,8824_-14421
13000009971421,train,8856_-14487
13000009973444,train,8764_-14443
13000009973743,train,8653_-14487
13000009976493,train,8856_-14487
13000009976771,train,8824_-14421
13000009978597,train,8653_-14487
13000009978602,train,8764_-14442
13000009981554,train,8856_-14487
13000009981655,train,8824_-14421
13000009983286,train,8764_-14442
13000009983942,train,8653_-14487
13000009986279,train,8856_-14487
13000009988441,train,8764_-14442
13000009988809,train,8653_-14487
13000009991319,train,8856_-14487
13000009993597,train,8764_-14442
13000009993679,train,8653_-14487
13000009996354,train,8856_-14487
13000009998553,train,8653_-14487
13000010001385,train,8856_-14487
13000010003909,train,8653_-14487
13000010006405,train,8856_-14487
13000010011441,train,8856_-14487
13000010016483,train,8856_-14487
13000010021548,train,8856_-14487
13000010026309,train,8856_-14487
13000010031412,train,8856_-14487
13000010036538,train,8856_-14487
13000010047059,train,8772_-14438
13000010051322,train,8856_-14487
13000010052496,train,8772_-14438
13000010056465,train,8856_-14487
13000010057440,train,8772_-14438
13000010061290,train,8856_-14487
13000010062388,train,8772_-14438
13000010066415,train,8856_-14487
13000010067331,train,8772_-14438
13000010070241,train,8881_-14399
13000010071521,train,8856_-14487
13000010075295,train,8881_-14399
13000010076280,train,8856_-14487
13000010079884,train,8881_-14399
13000010081341,train,8856_-14487
13000010084925,train,8881_-14399
13000010086376,train,8856_-14487
13000010089979,train,8881_-14399
13000010095033,train,8881_-14399
13000010100094,train,8881_-14399
13000010105158,train,8881_-14399
13000010110226,train,8881_-14399
13000010113371,train,8764_-14442
13000010115282,train,8881_-14399
13000010118471,train,8764_-14442
13000010119682,train,8593_-14502
13000010119880,train,8881_-14399
13000010123565,train,8764_-14442
13000010124432,train,8593_-14502
13000010124942,train,8881_-14399
13000010128201,train,8764_-14442
13000010129664,train,8593_-14502
13000010129997,train,8881_-14399
13000010133302,train,8764_-14442
13000010134417,train,8593_-14502
13000010135056,train,8881_-14399
13000010138268,val,8754_-14489
13000010138403,train,8764_-14442
13000010139655,train,8593_-14502
13000010140106,train,8881_-14399
13000010143135,val,8754_-14489
13000010143514,train,8764_-14442
13000010144419,train,8593_-14502
13000010148486,val,8754_-14489
13000010148630,train,8764_-14442
13000010149663,train,8593_-14502
13000010153285,train,8764_-14442
13000010153344,val,8754_-14489
13000010153930,train,8652_-14487
13000010154432,train,8593_-14502
13000010158203,val,8754_-14489
13000010158404,train,8764_-14442
13000010158771,train,8652_-14487
13000010161474,train,8825_-14421
13000010163062,val,8754_-14489
13000010163532,train,8764_-14442
13000010163617,train,8652_-14487
13000010166383,train,8825_-14421
13000010168197,train,8764_-14442
13000010168942,train,8652_-14487
13000010171788,train,8825_-14421
13000010173328,train,8764_-14442
13000010173792,train,8652_-14487
13000010176697,train,8825_-14421
13000010178470,train,8764_-14442
13000010181612,train,8825_-14421
13000010183610,train,8764_-14442
13000010184562,test,8593_-14503
13000010189355,test,8593_-14503
13000010194630,test,8593_-14503
13000010199425,test,8593_-14503
13000010203734,train,8652_-14487
13000010204701,test,8593_-14503
13000010209027,train,8652_-14487
13000010209499,test,8593_-14503
13000010213830,train,8652_-14487
13000010214778,test,8593_-14503
13000010218626,train,8652_-14487
13000010219577,test,8593_-14503
13000010223893,train,8652_-14487
13000010224372,test,8593_-14503
13000010228680,train,8652_-14487
13000010229641,test,8593_-14503
13000010233940,train,8652_-14487
13000010234425,test,8593_-14503
13000010238715,train,8652_-14487
13000010239681,test,8593_-14503
13000010243970,train,8652_-14487
13000010244451,test,8593_-14503
13000010247171,train,8771_-14439
13000010249688,test,8593_-14503
13000010252034,train,8771_-14439
13000010254438,test,8593_-14503
13000010257394,train,8771_-14439
13000010262258,train,8771_-14439
13000010267127,train,8771_-14439
13000010269990,train,8881_-14400
13000010275120,train,8881_-14400
13000010280238,train,8881_-14400
13000010284900,train,8881_-14400
13000010290018,train,8881_-14400
13000010309722,test,8593_-14503
13000010313588,train,8764_-14442
13000010314512,test,8593_-14503
13000010318269,train,8764_-14442
13000010319784,test,8593_-14503
13000010323411,train,8765_-14442
13000010324585,test,8593_-14503
13000010328560,train,8765_-14442
13000010329388,test,8593_-14503
13000010333201,train,8753_-14489
13000010333231,train,8765_-14442
13000010334669,test,8593_-14503
13000010338468,train,8753_-14489
13000010339479,test,8593_-14503
13000010343257,train,8753_-14489
13000010343752,train,8652_-14488
13000010344777,test,8593_-14503
13000010348046,train,8753_-14489
13000010348604,train,8652_-14488
13000010349590,test,8593_-14503
13000010353313,train,8753_-14489
13000010353939,train,8652_-14488
13000010354393,test,8593_-14503
13000010358803,train,8652_-14488
13000010359678,test,8593_-14503
13000010361498,val,8826_-14421
13000010363663,train,8652_-14488
13000010364478,test,8593_-14503
13000010366361,val,8826_-14421
13000010369019,train,8652_-14488
13000010369751,test,8593_-14503
13000010371720,val,8826_-14421
13000010374537,test,8593_-14503
13000010376589,val,8826_-14421
13000010379322,test,8593_-14503
13000010381463,val,8826_-14421
13000010384588,test,8593_-14503
13000010389374,test,8593_-14503
13000010394639,test,8593_-14503
13000010399428,test,8593_-14503
13000010404692,test,8593_-14503
13000010427155,train,8771_-14439
13000010432479,train,8771_-14439
13000010437310,train,8771_-14439
13000010442139,train,8771_-14439
13000010447447,train,8771_-14439
13000010452268,train,8771_-14439
13000010457085,train,8771_-14439
13000010462378,train,8771_-14439
13000010467190,train,8771_-14439
13000010469899,train,8881_-14401
13000010472477,train,8771_-14439
13000010475078,train,8881_-14401
13000010480263,train,8881_-14401
13000010484980,train,8881_-14401
13000010490167,train,8881_-14401
13000010513316,train,8765_-14442
13000010518485,train,8765_-14442
13000010523189,train,8765_-14442
13000010528361,train,8765_-14442
13000010533485,train,8753_-14489
13000010533533,train,8765_-14442
13000010538289,train,8753_-14489
13000010543098,train,8753_-14489
13000010544016,train,8651_-14488
13000010548395,train,8753_-14489
13000010548913,train,8651_-14488
13000010549642,train,8593_-14504
13000010553216,train,8753_-14489
13000010553818,train,8651_-14488
13000010554412,train,8593_-14504
13000010556712,val,8826_-14421
13000010558720,train,8651_-14488
13000010559663,train,8593_-14504
13000010561590,val,8826_-14421
13000010563617,train,8651_-14488
13000010564429,train,8593_-14504
13000010566469,val,8826_-14421
13000010569679,train,8593_-14504
13000010571344,val,8826_-14421
13000010576701,val,8826_-14421
13000010598354,train,8765_-14442
13000010603530,train,8765_-14442
13000010608233,train,8765_-14442
13000010613405,train,8765_-14442
13000010618582,train,8765_-14442
13000010623279,train,8765_-14442
13000010628450,train,8765_-14442
13000010633610,train,8765_-14442
13000010634341,train,8593_-14504
13000010638301,train,8765_-14442
13000010639608,train,8593_-14504
13000010643457,train,8765_-14442
13000010644398,train,8593_-14504
13000010647469,val,8770_-14439
13000010649658,train,8593_-14504
13000010652371,val,8770_-14439
13000010654432,train,8593_-14504
13000010657264,val,8770_-14439
13000010659679,train,8593_-14504
13000010662162,val,8770_-14439
13000010664448,train,8593_-14504
13000010667057,val,8770_-14439
13000010669679,train,8593_-14504
13000010670235,train,8881_-14401
13000010674433,train,8593_-14504
13000010674935,train,8881_-14401
13000010679652,train,8593_-14504
13000010680105,train,8881_-14401
13000010685268,train,8881_-14401
13000010689957,train,8881_-14401
13000010713219,val,8766_-14442
13000010714604,val,8593_-14505
13000010718354,val,8766_-14442
13000010719779,val,8593_-14505
13000010723489,val,8766_-14442
13000010724483,val,8593_-14505
13000010728620,val,8766_-14442
13000010729653,val,8593_-14505
13000010733193,train,8752_-14490
13000010733291,val,8766_-14442
13000010734359,val,8593_-14505
13000010738513,train,8752_-14490
13000010739540,val,8593_-14505
13000010743344,train,8752_-14490
13000010744735,val,8593_-14505
13000010748170,train,8752_-14490
13000010749462,val,8593_-14505
13000010753472,train,8752_-14490
13000010753850,train,8651_-14488
13000010754677,val,8593_-14505
13000010758731,train,8651_-14488
13000010759422,val,8593_-14505
13000010761479,train,8827_-14421
13000010763615,train,8651_-14488
13000010764654,val,8593_-14505
13000010766371,train,8827_-14421
13000010768982,train,8651_-14488
13000010769414,val,8593_-14505
13000010771741,train,8827_-14420
13000010773864,train,8651_-14488
13000010774658,val,8593_-14505
13000010776625,train,8827_-14420
13000010779429,val,8593_-14505
13000010781499,train,8827_-14420
13000010784681,val,8593_-14505
13000010789462,val,8593_-14505
13000010794728,val,8593_-14505
13000010799523,val,8593_-14505
13000010804324,val,8593_-14505
13000010809614,val,8593_-14505
13000010814432,val,8593_-14505
13000010819737,val,8593_-14505
13000010824569,val,8593_-14505
13000010829406,val,8593_-14505
13000010834733,val,8593_-14505
13000010839584,val,8593_-14505
13000010844434,val,8593_-14505
13000010847014,train,8770_-14440
13000010849778,val,8593_-14505
13000010852398,train,8770_-14440
13000010854633,val,8593_-14505
13000010857294,train,8770_-14440
13000010859489,val,8593_-14505
13000010862195,train,8770_-14440
13000010867088,train,8770_-14440
13000010870226,test,8880_-14402
13000010874538,val,8593_-14505
13000010874874,test,8880_-14402
13000010879396,val,8593_-14505
13000010879988,test,8880_-14402
13000010884741,val,8593_-14505
13000010885098,test,8880_-14402
13000010889599,val,8593_-14505
13000010890214,test,8880_-14402
13000010894462,val,8593_-14505
13000010899322,val,8593_-14505
13000010904670,val,8593_-14505
13000010909531,val,8593_-14505
13000010913568,train,8766_-14441
13000010914391,val,8593_-14505
13000010918257,train,8766_-14441
13000010919743,val,8593_-14505
13000010923414,train,8766_-14441
13000010924603,val,8593_-14505
13000010928579,train,8766_-14441
13000010929458,val,8593_-14505
13000010933275,train,8766_-14441
13000010934317,val,8593_-14505
13000010938375,train,8751_-14490
13000010943127,train,8751_-14490
13000010948352,train,8751_-14490
13000010948690,val,8650_-14489
13000010953099,train,8751_-14490
13000010953645,val,8650_-14489
13000010956474,train,8827_-14420
13000010958325,train,8751_-14490
13000010958595,val,8650_-14489
13000010961361,train,8827_-14420
13000010963553,val,8650_-14489
13000010966733,train,8827_-14420
13000010969001,val,8650_-14489
13000010971625,train,8827_-14420
13000010974536,val,8593_-14505
13000010976515,train,8827_-14420
13000010979380,val,8593_-14505
13000010984706,val,8593_-14505
13000010989553,val,8593_-14505
13000010994401,val,8593_-14505
13000010999739,val,8593_-14505
13000011004868,test,8880_-14402
13000011010122,test,8880_-14402
13000011014939,test,8880_-14402
13000011019613,val,8592_-14506
13000011020193,test,8880_-14402
13000011024459,val,8592_-14506
13000011025003,test,8880_-14402
13000011029789,val,8592_-14506
13000011030257,test,8880_-14402
13000011035074,test,8880_-14402
13000011039888,test,8880_-14402
13000011045147,test,8880_-14402
13000011047065,val,8769_-14440
13000011049972,test,8880_-14402
13000011052470,val,8769_-14440
13000011055240,test,8880_-14402
13000011057386,val,8769_-14440
13000011059355,val,8592_-14506
13000011060073,test,8880_-14402
13000011062294,val,8769_-14440
13000011064685,val,8592_-14506
13000011064901,test,8880_-14402
13000011067204,val,8769_-14440
13000011069535,val,8592_-14506
13000011070161,test,8880_-14402
13000011074387,val,8592_-14506
13000011074987,test,8880_-14402
13000011079724,val,8592_-14506
13000011080246,test,8880_-14402
13000011084576,val,8592_-14506
13000011089421,val,8592_-14506
13000011094743,val,8592_-14506
13000011099577,val,8592_-14506
13000011104408,val,8592_-14506
13000011109713,val,8592_-14506
13000011113192,test,8767_-14441
13000011114538,val,8592_-14506
13000011118314,test,8767_-14441
13000011119359,val,8592_-14506
13000011123430,test,8767_-14441
13000011124654,val,8592_-14506
13000011128554,test,8767_-14441
13000011129464,val,8592_-14506
13000011133208,test,8767_-14441
13000011134749,val,8592_-14506
13000011143461,train,8751_-14489
13000011148217,train,8751_-14489
13000011149635,val,8592_-14506
13000011153446,train,8751_-14489
13000011153696,val,8650_-14489
13000011154436,val,8592_-14506
13000011156482,train,8828_-14420
13000011158201,train,8751_-14489
13000011159036,val,8650_-14489
13000011159718,val,8592_-14506
13000011161437,train,8828_-14420
13000011163427,train,8751_-14489
13000011163884,val,8650_-14489
13000011164510,val,8592_-14506
13000011166387,train,8828_-14420
13000011168743,val,8650_-14489
13000011169776,val,8592_-14506
13000011171351,train,8828_-14420
13000011173606,val,8650_-14489
13000011174557,val,8592_-14506
13000011176802,train,8828_-14420
13000011179330,val,8592_-14506
13000011184574,val,8592_-14506
13000011189332,val,8592_-14506
13000011194561,val,8592_-14506
13000011199776,val,8592_-14506
13000011204511,val,8592_-14506
13000011209716,val,8592_-14506
13000011214436,val,8592_-14506
13000011247290,test,8768_-14440
13000011252179,test,8768_-14440
13000011257073,test,8768_-14440
13000011262451,test,8768_-14440
13000011267346,test,8768_-14440
13000011279629,val,8592_-14506
13000011284767,val,8592_-14506
13000011289439,val,8592_-14506
13000011294578,val,8592_-14506
13000011299720,val,8592_-14506
13000011304391,val,8592_-14506
13000011309529,val,8592_-14506
13000011313270,test,8767_-14441
13000011314663,val,8592_-14506
13000011318425,test,8767_-14441
13000011319330,val,8592_-14506
13000011323585,test,8767_-14441
13000011324466,val,8592_-14506
13000011328272,test,8767_-14441
13000011333423,test,8767_-14441
13000011338291,train,8750_-14489
13000011343501,train,8750_-14489
13000011348243,train,8750_-14489
13000011349682,val,8592_-14506
13000011353461,train,8750_-14489
13000011354352,val,8592_-14506
13000011356590,train,8828_-14420
13000011358206,train,8750_-14489
13000011359499,val,8592_-14506
13000011361532,train,8828_-14420
13000011364655,val,8592_-14506
13000011366476,train,8828_-14420
13000011369351,val,8592_-14506
13000011371424,train,8828_-14420
13000011376370,train,8828_-14420
13000011452102,train,8768_-14441
13000011457482,train,8768_-14441
13000011462369,train,8768_-14441
13000011467258,train,8768_-14441
13000011481379,val,8829_-14420
13000011486331,val,8829_-14420
13000011491771,val,8829_-14420
13000011496719,val,8829_-14420
13000011501662,val,8829_-14420
13000011506610,val,8829_-14420
13000011511554,val,8829_-14420
13000011516498,val,8829_-14420
13000011518420,test,8768_-14440
13000011521447,val,8829_-14420
13000011523566,test,8768_-14440
13000011526385,val,8829_-14420
13000011528244,test,8768_-14440
13000011531333,val,8829_-14420
13000011533385,test,8768_-14440
13000011543081,train,8750_-14489
13000011548339,train,8750_-14489
13000011553120,train,8750_-14489
13000011554511,train,8591_-14507
13000011556545,val,8829_-14420
13000011558376,train,8750_-14489
13000011559786,train,8591_-14507
13000011561487,val,8829_-14420
13000011563155,train,8750_-14489
13000011564583,train,8591_-14507
13000011566433,val,8829_-14420
13000011569379,train,8591_-14507
13000011571376,val,8829_-14420
13000011574656,train,8591_-14507
13000011576323,val,8829_-14420
13000011647426,test,8767_-14441
13000011652317,test,8767_-14441
13000011657196,test,8767_-14441
13000011662079,test,8767_-14441
13000011667442,test,8767_-14441
13000011674326,train,8591_-14507
13000011679644,train,8591_-14507
13000011684480,train,8591_-14507
13000011689316,train,8591_-14507
13000011694639,train,8591_-14507
13000011699479,train,8591_-14507
13000011704322,train,8591_-14507
13000011709651,train,8591_-14507
13000011710101,train,8890_-14361
13000011713441,test,8768_-14440
13000011714492,train,8591_-14507
13000011715252,train,8890_-14361
13000011718176,test,8768_-14440
13000011719338,train,8591_-14507
13000011719989,train,8890_-14361
13000011723388,test,8768_-14440
13000011724670,train,8591_-14507
13000011725176,train,8890_-14361
13000011728603,test,8768_-14440
13000011729522,train,8591_-14507
13000011729945,train,8890_-14361
13000011733347,test,8768_-14440
13000011748464,train,8749_-14488
13000011749418,train,8591_-14507
13000011753254,train,8749_-14488
13000011754756,train,8591_-14507
13000011756335,val,8830_-14420
13000011758044,train,8749_-14488
13000011759608,train,8591_-14507
13000011761687,val,8830_-14420
13000011763307,train,8749_-14488
13000011763665,train,8648_-14490
13000011764460,train,8591_-14507
13000011766548,val,8830_-14420
13000011768090,train,8749_-14488
13000011768553,train,8648_-14490
13000011769314,train,8591_-14507
13000011771405,val,8830_-14420
13000011773936,train,8648_-14490
13000011776750,val,8830_-14420
13000011778825,train,8648_-14490
13000011783717,train,8648_-14490
13000011800219,train,8890_-14361
13000011805176,train,8890_-14361
13000011810133,train,8890_-14361
13000011815090,train,8890_-14361
13000011820048,train,8890_-14361
13000011825010,train,8890_-14361
13000011829973,train,8890_-14361
13000011834944,train,8890_-14361
13000011839923,train,8890_-14361
13000011847260,test,8767_-14441
13000011852096,test,8767_-14441
13000011857420,test,8767_-14441
13000011862263,test,8767_-14441
13000011867106,test,8767_-14441
13000011868735,train,8648_-14490
13000011873622,train,8648_-14490
13000011879009,train,8648_-14490
13000011883899,train,8648_-14490
13000011888795,train,8648_-14490
13000011893684,train,8648_-14490
13000011898571,train,8648_-14490
13000011903954,train,8648_-14490
13000011908841,train,8648_-14490
13000011913254,val,8769_-14440
13000011913735,train,8648_-14490
13000011918406,val,8769_-14440
13000011923551,val,8769_-14440
13000011928233,val,8769_-14440
13000011933377,val,8769_-14440
13000011953212,train,8749_-14488
13000011956484,train,8830_-14419
13000011958484,train,8749_-14488
13000011958706,train,8647_-14490
13000011959324,train,8590_-14507
13000011961359,train,8830_-14419
13000011963271,train,8749_-14488
13000011963604,train,8647_-14490
13000011964655,train,8590_-14507
13000011966714,train,8830_-14419
13000011968053,train,8749_-14488
13000011968995,train,8647_-14490
13000011969498,train,8590_-14507
13000011971586,train,8830_-14419
13000011973297,train,8749_-14488
13000011973900,train,8647_-14490
13000011974346,train,8590_-14507
13000011976449,train,8830_-14419
13000011978807,train,8647_-14490
13000011979677,train,8590_-14507
13000011981311,train,8830_-14419
13000011986661,train,8830_-14419
13000011991524,train,8830_-14419
13000011996383,train,8830_-14419
13000012001726,train,8830_-14419
13000012006582,train,8830_-14419
13000012011436,train,8830_-14419
13000012013783,train,8647_-14490
13000012018726,train,8647_-14490
13000012023663,train,8647_-14490
13000012028613,train,8647_-14490
13000012033565,train,8647_-14490
13000012039022,train,8647_-14490
13000012043985,train,8647_-14490
13000012047062,train,8766_-14441
13000012052435,train,8766_-14441
13000012057324,train,8766_-14441
13000012062208,train,8766_-14441
13000012067099,train,8766_-14441
13000012111479,train,8830_-14419
13000012113493,val,8769_-14440
13000012116340,train,8830_-14419
13000012118192,val,8769_-14440
13000012121696,train,8830_-14419
13000012123357,val,8769_-14440
13000012126558,train,8830_-14419
13000012128525,val,8769_-14440
13000012131422,train,8830_-14419
13000012133222,val,8769_-14440
13000012136775,train,8830_-14419
13000012141641,train,8831_-14419
13000012146504,train,8831_-14419
13000012148283,train,8748_-14487
13000012151365,train,8831_-14419
13000012153066,train,8748_-14487
13000012156711,train,8831_-14419
13000012158325,train,8748_-14487
13000012161567,train,8831_-14419
13000012163104,train,8748_-14487
13000012166427,train,8831_-14419
13000012168361,train,8748_-14487
13000012171770,train,8831_-14419
13000012176634,train,8831_-14419
13000012189421,test,8589_-14507
13000012197046,val,8766_-14442
13000012202403,val,8766_-14442
13000012207277,val,8766_-14442
13000012212149,val,8766_-14442
13000012217023,val,8766_-14442
13000012222381,val,8766_-14442
13000012227248,val,8766_-14442
13000012232117,val,8766_-14442
13000012237456,val,8766_-14442
13000012242315,val,8766_-14442
13000012247167,val,8766_-14442
13000012252023,val,8766_-14442
13000012257363,val,8766_-14442
13000012262217,val,8766_-14442
13000012267078,val,8766_-14442
13000012296489,train,8831_-14419
13000012301352,train,8831_-14419
13000012306701,train,8831_-14419
13000012311566,train,8831_-14419
13000012313426,val,8770_-14439
13000012316427,train,8831_-14419
13000012318583,val,8770_-14439
13000012321781,train,8831_-14419
13000012323276,val,8770_-14439
13000012326644,train,8831_-14419
13000012328434,val,8770_-14439
13000012331513,train,8831_-14419
13000012333601,val,8770_-14439
13000012335195,train,8890_-14359
13000012336375,train,8831_-14419
13000012340243,train,8890_-14359
13000012341724,train,8831_-14419
13000012343367,train,8748_-14487
13000012344875,train,8890_-14359
13000012348163,train,8748_-14487
13000012349920,train,8890_-14359
13000012353449,train,8748_-14487
13000012354960,train,8890_-14359
13000012356771,train,8831_-14419
13000012358252,train,8748_-14487
13000012359999,train,8890_-14359
13000012361615,train,8831_-14419
13000012363058,train,8748_-14487
13000012364330,val,8589_-14506
13000012365031,train,8890_-14359
13000012366462,train,8831_-14418
13000012368931,train,8646_-14490
13000012369498,val,8589_-14506
13000012370065,train,8890_-14359
13000012371782,train,8831_-14418
13000012374003,train,8646_-14490
13000012374657,val,8589_-14506
13000012375095,train,8890_-14359
13000012376619,train,8831_-14418
13000012378573,train,8646_-14490
13000012379345,val,8589_-14506
13000012380115,train,8890_-14359
13000012381451,train,8831_-14418
13000012383650,train,8646_-14490
13000012384497,val,8589_-14506
13000012386760,train,8831_-14418
13000012388727,train,8646_-14490
13000012391585,train,8831_-14418
13000012393801,train,8646_-14490
13000012396403,train,8831_-14418
13000012398876,train,8646_-14490
13000012403950,train,8646_-14490
13000012409025,train,8646_-14490
13000012409962,train,8890_-14359
13000012413589,train,8646_-14490
13000012414909,train,8890_-14359
13000012418646,train,8646_-14490
13000012419846,train,8890_-14358
13000012421416,train,8831_-14418
13000012423706,train,8646_-14490
13000012425197,train,8890_-14358
13000012426699,train,8831_-14418
13000012428763,train,8646_-14490
13000012430137,train,8890_-14358
13000012431496,train,8831_-14418
13000012435085,train,8890_-14358
13000012436773,train,8831_-14418
13000012440031,train,8890_-14358
13000012441562,train,8831_-14418
13000012444979,train,8890_-14358
13000012446354,train,8831_-14418
13000012451621,train,8831_-14418
13000012452274,train,8765_-14442
13000012456403,train,8831_-14418
13000012457131,train,8765_-14442
13000012461669,train,8831_-14418
13000012462481,train,8765_-14442
13000012463439,train,8748_-14487
13000012466446,train,8831_-14418
13000012467339,train,8765_-14442
13000012468250,train,8748_-14487
13000012471711,train,8831_-14418
13000012472205,train,8765_-14442
13000012473061,train,8748_-14487
13000012476487,train,8831_-14418
13000012478353,train,8748_-14487
13000012483163,train,8748_-14487
13000012488455,train,8748_-14487
13000012493264,train,8748_-14487
13000012498072,train,8747_-14487
13000012503338,val,8770_-14439
13000012503363,train,8747_-14487
13000012508170,train,8747_-14487
13000012508494,val,8770_-14439
13000012513177,val,8770_-14439
13000012514876,train,8890_-14358
13000012518334,val,8770_-14439
13000012523489,val,8770_-14439
13000012528174,val,8770_-14439
13000012533129,train,8747_-14487
13000012538404,train,8747_-14487
13000012543195,train,8747_-14487
13000012546609,val,8832_-14418
13000012548467,train,8747_-14487
13000012551456,val,8832_-14418
13000012553257,train,8747_-14487
13000012556786,val,8832_-14418
13000012561639,val,8832_-14418
13000012564592,val,8589_-14506
13000012565107,test,8891_-14358
13000012566496,val,8832_-14418
13000012568967,train,8646_-14490
13000012569367,val,8589_-14506
13000012570026,test,8891_-14358
13000012571348,val,8832_-14418
13000012574055,train,8646_-14490
13000012574623,val,8589_-14506
13000012578626,train,8646_-14490
13000012579405,val,8589_-14506
13000012583699,train,8646_-14490
13000012584665,val,8589_-14506
13000012588778,train,8646_-14490
13000012599511,val,8589_-14506
13000012604783,val,8589_-14506
13000012609573,val,8589_-14506
13000012614367,val,8589_-14506
13000012619640,val,8589_-14506
13000012624432,val,8589_-14506
13000012629704,val,8589_-14506
13000012634498,val,8589_-14506
13000012639773,val,8589_-14506
13000012657122,train,8765_-14442
13000012662013,train,8765_-14442
13000012667390,train,8765_-14442
13000012672286,train,8765_-14442
13000012677178,train,8765_-14442
13000012682073,train,8765_-14442
13000012687457,train,8765_-14442
13000012692354,train,8765_-14442
13000012697253,train,8765_-14442
13000012702144,train,8765_-14442
13000012707040,train,8765_-14442
13000012712418,train,8764_-14442
13000012713496,train,8771_-14439
13000012717311,train,8764_-14442
13000012718622,train,8771_-14439
13000012721717,val,8832_-14418
13000012722194,train,8764_-14442
13000012723271,train,8771_-14439
13000012726593,val,8832_-14418
13000012728385,train,8771_-14439
13000012728426,train,8747_-14487
13000012731462,val,8832_-14418
13000012733178,train,8747_-14487
13000012733489,train,8771_-14439
13000012736335,val,8832_-14418
13000012738400,train,8747_-14487
13000012741691,val,8832_-14418
13000012743143,train,8747_-14487
13000012746563,val,8832_-14418
13000012748358,train,8747_-14487
13000012751437,val,8832_-14418
13000012756792,val,8832_-14418
13000012759371,train,8588_-14506
13000012761668,val,8832_-14418
13000012764685,train,8588_-14506
13000012766537,val,8832_-14418
13000012768600,val,8645_-14491
13000012769515,train,8588_-14506
13000012771412,val,8832_-14418
13000012773950,val,8645_-14491
13000012774346,train,8588_-14506
13000012776770,val,8832_-14418
13000012778807,val,8645_-14491
13000012779655,train,8588_-14506
13000012783676,val,8645_-14491
13000012789032,val,8645_-14491
13000012806511,val,8832_-14418
13000012811393,val,8832_-14418
13000012816761,val,8832_-14418
13000012821641,val,8832_-14418
13000012826520,val,8832_-14418
13000012841645,train,8832_-14417
13000012846518,train,8832_-14417
13000012851386,train,8832_-14417
13000012852398,train,8764_-14442
13000012857284,train,8764_-14442
13000012862165,train,8764_-14442
13000012867048,train,8764_-14442
13000012870162,test,8891_-14358
13000012872421,train,8764_-14442
13000012874930,test,8891_-14358
13000012877305,train,8764_-14442
13000012880098,test,8891_-14358
13000012882192,train,8764_-14442
13000012884860,test,8891_-14358
13000012887071,train,8764_-14442
13000012890015,test,8891_-14358
13000012892441,train,8764_-14442
13000012895177,test,8891_-14358
13000012897315,train,8764_-14442
13000012899946,test,8891_-14358
13000012902192,train,8764_-14442
13000012905115,test,8891_-14358
13000012907066,train,8764_-14442
13000012909876,test,8891_-14358
13000012912418,train,8764_-14442
13000012913467,train,8772_-14438
13000012915037,test,8891_-14358
13000012917288,train,8764_-14442
13000012918623,train,8772_-14438
13000012920181,test,8891_-14358
13000012922147,train,8764_-14442
13000012923217,train,8746_-14486
13000012923317,train,8772_-14438
13000012924928,test,8891_-14358
13000012928408,train,8746_-14486
13000012928488,train,8772_-14438
13000012933129,train,8746_-14486
13000012933185,train,8772_-14438
13000012938322,train,8746_-14486
13000012943046,train,8746_-14486
13000012954376,train,8588_-14505
13000012959702,train,8588_-14505
13000012964542,train,8588_-14505
13000012969390,train,8588_-14505
13000012972023,train,8764_-14442
13000012973560,val,8645_-14491
13000012974729,train,8588_-14505
13000012977338,train,8764_-14442
13000012978786,val,8645_-14491
13000012982173,train,8764_-14442
13000012984017,val,8645_-14491
13000012987011,train,8764_-14442
13000012988774,val,8645_-14491
13000012992329,train,8764_-14442
13000012994010,val,8645_-14491
13000012997172,train,8764_-14443
13000013002012,train,8764_-14443
13000013007338,train,8764_-14443
13000013012175,train,8764_-14443
13000013017012,train,8764_-14443
13000013022338,train,8764_-14443
13000013027172,train,8764_-14443
13000013032010,train,8764_-14443
13000013037328,train,8764_-14443
13000013042166,train,8764_-14443
13000013047486,train,8764_-14443
13000013052324,train,8764_-14443
13000013057163,train,8764_-14443
13000013062480,train,8764_-14443
13000013067323,train,8764_-14443
13000013077492,train,8763_-14443
13000013081541,test,8833_-14417
13000013082335,train,8763_-14443
13000013086381,test,8833_-14417
13000013087182,train,8763_-14443
13000013091684,test,8833_-14417
13000013092033,train,8763_-14443
13000013096505,test,8833_-14417
13000013097367,train,8763_-14443
13000013101315,test,8833_-14417
13000013102227,train,8763_-14443
13000013104960,train,8892_-14357
13000013106600,test,8833_-14417
13000013107084,train,8763_-14443
13000013110170,train,8892_-14357
13000013111402,test,8833_-14417
13000013112438,train,8763_-14443
13000013113536,train,8772_-14438
13000013115020,train,8892_-14357
13000013116673,test,8833_-14417
13000013117304,train,8763_-14443
13000013118274,train,8772_-14438
13000013119880,train,8892_-14357
13000013122173,train,8763_-14443
13000013123493,train,8772_-14438
13000013125136,train,8892_-14357
13000013127045,train,8763_-14443
13000013128234,train,8772_-14438
13000013130033,train,8892_-14357
13000013133450,train,8772_-14438
13000013134951,train,8892_-14357
13000013139892,train,8892_-14357
13000013144850,train,8892_-14357
13000013149751,train,8587_-14506
13000013150218,train,8892_-14357
13000013154467,train,8587_-14506
13000013154835,train,8892_-14357
13000013156385,test,8833_-14417
13000013159652,train,8587_-14506
13000013159858,train,8892_-14357
13000013161639,test,8833_-14417
13000013164361,train,8587_-14506
13000013166420,test,8833_-14417
13000013169530,train,8587_-14506
13000013171672,test,8833_-14417
13000013173804,train,8644_-14491
13000013176447,test,8833_-14417
13000013177281,train,8763_-14443
13000013178670,train,8644_-14491
13000013180045,train,8892_-14357
13000013182174,train,8763_-14443
13000013184018,train,8644_-14491
13000013185084,train,8892_-14357
13000013187065,train,8763_-14443
13000013188879,train,8644_-14491
13000013190110,train,8892_-14357
13000013192452,train,8763_-14443
13000013193737,train,8644_-14491
13000013195111,train,8892_-14357
13000013197348,train,8763_-14443
13000013200091,train,8892_-14357
13000013202245,train,8763_-14443
13000013205047,train,8892_-14357
13000013207149,train,8763_-14443
13000013209959,train,8892_-14357
13000013212046,train,8763_-14443
13000013214836,train,8892_-14357
13000013217433,train,8763_-14443
13000013220060,train,8892_-14357
13000013222327,train,8763_-14443
13000013224895,train,8892_-14357
13000013227224,train,8763_-14443
13000013230079,train,8892_-14357
13000013232122,train,8763_-14443
13000013234877,train,8892_-14357
13000013247291,train,8763_-14443
13000013251569,test,8833_-14417
13000013252182,train,8763_-14443
13000013256359,test,8833_-14417
13000013257073,train,8763_-14443
13000013261639,test,8833_-14417
13000013262457,train,8763_-14443
13000013266433,test,8833_-14417
13000013267350,train,8763_-14443
13000013271719,test,8833_-14417
13000013274979,train,8892_-14357
13000013276522,test,8833_-14417
13000013280097,train,8892_-14357
13000013281329,test,8833_-14417
13000013284869,train,8892_-14357
13000013286624,test,8833_-14417
13000013290020,train,8892_-14357
13000013291440,test,8833_-14417
13000013295183,train,8892_-14357
13000013296747,test,8833_-14417
13000013298095,train,8745_-14486
13000013299974,train,8892_-14357
13000013301573,test,8833_-14417
13000013303466,train,8745_-14486
13000013305110,train,8892_-14357
13000013306405,test,8833_-14417
13000013308345,train,8745_-14486
13000013309854,train,8892_-14357
13000013313227,train,8745_-14486
13000013314935,train,8892_-14357
13000013318105,train,8745_-14486
13000013318431,train,8773_-14438
13000013319988,train,8892_-14357
13000013323472,train,8745_-14486
13000013323588,train,8773_-14438
13000013324996,train,8892_-14357
13000013328274,train,8773_-14438
13000013328345,train,8745_-14486
13000013329948,train,8893_-14357
13000013333211,train,8745_-14486
13000013333428,train,8773_-14438
13000013334861,train,8893_-14357
13000013338083,train,8745_-14485
13000013338576,train,8773_-14438
13000013340117,train,8893_-14357
13000013345019,train,8893_-14357
13000013349920,train,8893_-14357
13000013351494,test,8834_-14417
13000013353184,train,8745_-14485
13000013354379,train,8586_-14506
13000013355176,train,8893_-14357
13000013356365,test,8834_-14417
13000013358059,train,8745_-14485
13000013359613,train,8586_-14506
13000013360078,train,8893_-14357
13000013361723,test,8834_-14417
13000013363422,train,8745_-14485
13000013364375,train,8586_-14506
13000013364984,train,8893_-14357
13000013366603,test,8834_-14417
13000013368300,train,8745_-14485
13000013369621,train,8586_-14506
13000013369898,train,8893_-14357
13000013371479,test,8834_-14417
13000013373187,train,8745_-14485
13000013373884,train,8644_-14491
13000013374392,train,8586_-14506
13000013375178,train,8893_-14357
13000013376364,test,8834_-14417
13000013378611,train,8643_-14491
13000013380111,train,8893_-14357
13000013383794,train,8643_-14491
13000013385055,train,8893_-14357
13000013388971,train,8643_-14491
13000013390008,train,8893_-14357
13000013393666,train,8643_-14491
13000013394972,train,8893_-14357
13000013399946,train,8893_-14357
13000013404928,train,8893_-14357
13000013408663,train,8643_-14491
13000013409924,train,8893_-14357
13000013413807,train,8643_-14491
13000013418945,train,8643_-14491
13000013423619,train,8643_-14491
13000013428754,train,8643_-14491
13000013462385,test,8762_-14443
13000013467289,test,8762_-14443
13000013518299,train,8773_-14437
13000013523403,train,8773_-14437
13000013527463,test,8762_-14443
13000013528507,train,8773_-14437
13000013532345,test,8762_-14443
13000013533601,train,8773_-14437
13000013537224,test,8762_-14443
13000013538234,train,8773_-14437
13000013542112,test,8762_-14443
13000013547484,test,8762_-14443
13000013548320,train,8745_-14485
13000013552375,test,8762_-14443
13000013553105,train,8745_-14485
13000013557260,test,8762_-14443
13000013558361,train,8745_-14485
13000013559502,train,8586_-14506
13000013561330,test,8834_-14417
13000013562146,test,8762_-14443
13000013563134,train,8745_-14485
13000013564344,train,8586_-14506
13000013566763,test,8834_-14417
13000013568381,train,8745_-14485
13000013569672,train,8586_-14506
13000013574519,train,8586_-14506
13000013578933,train,8643_-14491
13000013579367,train,8586_-14506
13000013583633,train,8643_-14491
13000013587084,train,8762_-14444
13000013588810,train,8643_-14491
13000013592462,train,8762_-14444
13000013593994,train,8643_-14491
13000013597353,train,8762_-14444
13000013598716,train,8643_-14491
13000013602244,train,8762_-14444
13000013607129,train,8762_-14444
13000013612025,train,8762_-14444
13000013617409,train,8762_-14444
13000013622315,train,8762_-14444
13000013627222,train,8762_-14444
13000013632132,train,8762_-14444
13000013637048,train,8762_-14444
13000013642450,train,8762_-14444
13000013716344,train,8835_-14416
13000013718297,train,8774_-14437
13000013721736,train,8835_-14416
13000013723463,train,8774_-14437
13000013726637,train,8835_-14416
13000013728630,train,8774_-14437
13000013731533,train,8835_-14416
13000013733322,train,8774_-14437
13000013736437,train,8835_-14416
13000013738484,train,8774_-14437
13000013741330,train,8835_-14416
13000013743488,train,8745_-14484
13000013746714,train,8835_-14416
13000013748233,train,8745_-14484
13000013751604,train,8835_-14416
13000013753460,train,8745_-14484
13000013756494,train,8835_-14416
13000013758213,train,8745_-14484
13000013761388,train,8835_-14416
13000013763442,train,8745_-14484
13000013764407,train,8585_-14506
13000013765151,train,8893_-14355
13000013766765,train,8835_-14416
13000013768556,train,8642_-14491
13000013769653,train,8585_-14506
13000013770148,train,8893_-14355
13000013771659,train,8835_-14416
13000013773932,train,8642_-14491
13000013774423,train,8585_-14506
13000013775129,train,8893_-14355
13000013776545,train,8835_-14416
13000013777496,train,8762_-14444
13000013778822,train,8642_-14491
13000013779670,train,8585_-14506
13000013780093,train,8893_-14355
13000013782421,train,8762_-14444
13000013783708,train,8642_-14491
13000013784441,train,8585_-14506
13000013785043,train,8893_-14355
13000013787338,train,8762_-14444
13000013788591,train,8642_-14491
13000013789972,train,8893_-14355
13000013792250,train,8762_-14444
13000013797163,train,8762_-14444
13000013802066,train,8762_-14444
13000013807453,train,8762_-14444
13000013812342,train,8762_-14444
13000013817230,train,8762_-14444
13000013857236,train,8761_-14444
13000013862108,train,8761_-14444
13000013867466,train,8761_-14444
13000013872331,train,8761_-14444
13000013877199,train,8761_-14444
13000013882066,train,8761_-14444
13000013887420,train,8761_-14444
13000013892289,train,8761_-14444
13000013897151,train,8761_-14444
13000013918287,train,8774_-14437
13000013923425,train,8774_-14437
13000013928565,train,8774_-14437
13000013933240,train,8774_-14437
13000013938393,train,8774_-14437
13000013943292,train,8744_-14483
13000013948053,train,8744_-14483
13000013953292,train,8744_-14483
13000013953822,train,8642_-14491
13000013958058,train,8744_-14483
13000013958678,train,8642_-14491
13000013959568,train,8585_-14505
13000013961657,train,8835_-14416
13000013963301,train,8744_-14483
13000013964020,train,8642_-14491
13000013964346,train,8585_-14505
13000013966561,train,8835_-14416
13000013968880,train,8642_-14491
13000013969598,train,8585_-14505
13000013971469,train,8835_-14416
13000013973741,train,8642_-14491
13000013974370,train,8585_-14505
13000013976369,train,8835_-14416
13000013979614,train,8585_-14505
13000013981769,train,8835_-14416
13000014032328,train,8761_-14444
13000014037195,train,8761_-14444
13000014042066,train,8761_-14444
13000014047419,train,8761_-14444
13000014052286,train,8761_-14444
13000014057153,train,8761_-14444
13000014062017,train,8761_-14444
13000014067373,train,8761_-14444
13000014072240,train,8761_-14444
13000014077109,train,8761_-14444
13000014082464,train,8761_-14444
13000014087334,train,8761_-14444
13000014118323,train,8744_-14483
13000014118621,train,8775_-14437
13000014123062,train,8744_-14483
13000014123254,train,8775_-14437
13000014128280,train,8744_-14483
13000014128352,train,8775_-14437
13000014133461,train,8775_-14437
13000014133503,train,8744_-14483
13000014138251,train,8744_-14483
13000014138571,train,8775_-14437
13000014148996,train,8641_-14491
13000014153785,train,8641_-14491
13000014154538,train,8584_-14505
13000014158572,train,8641_-14491
13000014159752,train,8584_-14505
13000014161678,val,8836_-14416
13000014163843,train,8641_-14491
13000014164491,train,8584_-14505
13000014166616,val,8836_-14416
13000014168632,train,8641_-14491
13000014169699,train,8584_-14505
13000014171546,val,8836_-14416
13000014174430,train,8584_-14505
13000014176478,val,8836_-14416
13000014181410,val,8836_-14416
13000014262343,train,8760_-14444
13000014267215,train,8760_-14444
13000014272094,train,8760_-14444
13000014277457,train,8760_-14444
13000014282334,train,8760_-14444
13000014303312,train,8744_-14483
13000014308141,train,8744_-14483
13000014313461,train,8744_-14483
13000014318294,train,8744_-14483
13000014318601,train,8775_-14436
13000014323129,train,8744_-14483
13000014323294,train,8775_-14436
13000014328455,train,8775_-14436
13000014333619,train,8775_-14436
13000014338314,train,8775_-14436
13000014353687,train,8641_-14491
13000014354520,train,8584_-14506
13000014356399,val,8836_-14416
13000014358816,train,8641_-14491
13000014359776,train,8584_-14506
13000014361334,val,8836_-14416
13000014363941,train,8641_-14491
13000014364556,train,8584_-14506
13000014366760,val,8836_-14416
13000014368593,train,8641_-14491
13000014369338,train,8584_-14506
13000014371694,val,8836_-14416
13000014373715,train,8641_-14491
13000014374601,train,8584_-14506
13000014376625,val,8836_-14416
13000014381550,val,8836_-14416
13000014482456,train,8760_-14444
13000014483378,test,8743_-14483
13000014484763,train,8583_-14506
13000014485083,train,8894_-14353
13000014487314,train,8760_-14444
13000014488192,test,8743_-14483
13000014489562,train,8583_-14506
13000014489890,train,8894_-14353
13000014492176,train,8760_-14444
13000014493490,test,8743_-14483
13000014494365,train,8583_-14506
13000014495048,train,8894_-14353
13000014497040,train,8760_-14444
13000014498200,val,8776_-14436
13000014498311,test,8743_-14483
13000014499648,train,8583_-14506
13000014500184,train,8894_-14353
13000014502392,train,8760_-14444
13000014503132,test,8743_-14483
13000014503392,val,8776_-14436
13000014504452,train,8583_-14506
13000014504934,train,8894_-14353
13000014508581,val,8776_-14436
13000014509732,train,8583_-14506
13000014510029,train,8894_-14353
13000014511739,test,8837_-14415
13000014513293,val,8776_-14436
13000014514532,train,8583_-14506
13000014515114,train,8894_-14353
13000014516617,test,8837_-14415
13000014518481,val,8776_-14436
13000014520185,train,8894_-14353
13000014521487,test,8837_-14415
13000014523190,val,8776_-14436
13000014524888,train,8894_-14353
13000014526363,test,8837_-14415
13000014528376,val,8776_-14436
13000014531712,test,8837_-14415
13000014533553,val,8776_-14436
13000014536579,test,8837_-14415
13000014547297,val,8759_-14444
13000014552183,val,8759_-14444
13000014553820,train,8640_-14491
13000014554398,train,8583_-14506
13000014557065,val,8759_-14444
13000014558611,train,8640_-14491
13000014559682,train,8583_-14506
13000014561363,test,8837_-14415
13000014562439,val,8759_-14444
13000014563880,train,8640_-14491
13000014564486,train,8583_-14506
13000014566708,test,8837_-14415
13000014567320,val,8759_-14444
13000014568672,train,8640_-14491
13000014569766,train,8583_-14506
13000014571575,test,8837_-14415
13000014572201,val,8759_-14444
13000014573944,train,8640_-14491
13000014574567,train,8583_-14506
13000014576439,test,8837_-14415
13000014577087,val,8759_-14444
13000014580189,val,8894_-14352
13000014581795,test,8837_-14415
13000014582450,val,8759_-14444
13000014585035,val,8894_-14352
13000014587325,val,8759_-14444
13000014589897,val,8894_-14352
13000014592190,val,8759_-14444
13000014595143,val,8894_-14352
13000014600020,val,8894_-14352
13000014604925,val,8894_-14352
13000014609868,val,8894_-14352
13000014614850,val,8894_-14352
13000014688333,train,8742_-14483
13000014693119,train,8742_-14483
13000014697461,train,8759_-14443
13000014698384,train,8742_-14483
13000014702323,train,8759_-14443
13000014703170,train,8742_-14483
13000014707188,train,8759_-14443
13000014708435,train,8742_-14483
13000014712056,train,8759_-14443
13000014713435,val,8776_-14436
13000014717416,train,8759_-14443
13000014718607,val,8776_-14436
13000014723314,val,8776_-14436
13000014728496,val,8776_-14436
13000014733203,val,8776_-14436
13000014753929,train,8640_-14491
13000014754428,train,8583_-14506
13000014758749,train,8640_-14491
13000014759749,train,8583_-14506
13000014761705,test,8837_-14415
13000014763562,train,8640_-14491
13000014764583,train,8583_-14506
13000014766587,test,8837_-14415
13000014768852,train,8640_-14491
13000014769413,train,8583_-14506
13000014771471,test,8837_-14415
13000014773653,train,8640_-14491
13000014774723,train,8583_-14506
13000014776343,test,8837_-14415
13000014893271,train,8742_-14483
13000014897434,train,8759_-14443
13000014898496,train,8742_-14483
13000014902317,train,8759_-14443
13000014903251,train,8742_-14483
13000014907194,train,8759_-14443
13000014908484,train,8742_-14483
13000014912071,train,8759_-14443
13000014913240,train,8742_-14483
13000014913455,train,8777_-14435
13000014917431,train,8759_-14443
13000014918212,train,8777_-14435
13000014923456,train,8777_-14435
13000014928218,train,8777_-14435
13000014933458,train,8777_-14435
13000014948617,train,8639_-14491
13000014953955,train,8639_-14491
13000014954772,train,8582_-14507
13000014956764,train,8838_-14415
13000014958799,train,8639_-14491
13000014959583,train,8582_-14507
13000014961626,train,8838_-14415
13000014963647,train,8639_-14491
13000014964396,train,8582_-14507
13000014966499,train,8838_-14415
13000014968989,train,8639_-14491
13000014969699,train,8582_-14507
13000014971369,train,8838_-14415
13000014974518,train,8582_-14507
13000014976723,train,8838_-14415
13000014981587,train,8838_-14415
13000015087142,train,8758_-14443
13000015092022,train,8758_-14443
13000015097391,train,8758_-14443
13000015098199,train,8741_-14483
13000015102263,train,8758_-14443
13000015103443,train,8741_-14483
13000015107141,train,8758_-14443
13000015108210,train,8741_-14483
13000015113458,train,8741_-14483
130000151134582,train,8777_-14435
13000015118228,train,8741_-14483
13000015118632,train,8777_-14435
13000015123332,train,8777_-14435
13000015128495,train,8777_-14435
13000015133187,train,8777_-14435
13000015154769,train,8582_-14507
13000015159627,train,8581_-14507
13000015161430,train,8839_-14415
13000015163699,val,8638_-14492
13000015164487,train,8581_-14507
13000015166753,train,8839_-14415
13000015168575,val,8638_-14492
13000015169350,train,8581_-14507
13000015171590,train,8839_-14415
13000015174696,train,8581_-14507
13000015176426,train,8839_-14415
13000015181731,train,8839_-14415
13000015242138,train,8758_-14443
13000015247488,train,8758_-14443
13000015252350,train,8758_-14443
13000015256659,train,8839_-14414
13000015257209,train,8758_-14443
13000015261440,train,8839_-14414
13000015262065,train,8758_-14443
13000015266701,train,8839_-14414
13000015267402,train,8758_-14443
13000015271483,train,8839_-14414
13000015272248,train,8758_-14443
13000015276740,train,8839_-14414
13000015277082,train,8758_-14443
13000015281521,train,8839_-14414
13000015282400,train,8758_-14443
13000015287229,train,8758_-14443
13000015292054,train,8758_-14443
13000015297359,train,8758_-14443
13000015313395,train,8778_-14435
13000015318517,train,8778_-14435
13000015323174,train,8778_-14435
13000015328302,train,8778_-14435
13000015333438,train,8778_-14435
13000015348569,val,8638_-14492
13000015353724,val,8638_-14492
13000015354767,train,8581_-14507
13000015356686,train,8839_-14414
13000015358884,val,8638_-14492
13000015359539,train,8581_-14507
13000015361481,train,8839_-14414
13000015364051,val,8638_-14492
13000015364782,train,8581_-14507
13000015366745,train,8839_-14414
13000015368711,val,8638_-14492
13000015369537,train,8581_-14507
13000015371540,train,8839_-14414
13000015373894,val,8638_-14492
13000015374757,train,8581_-14507
13000015376329,train,8839_-14414
13000015378565,val,8638_-14492
13000015381593,train,8839_-14414
13000015383765,val,8638_-14492
13000015388965,val,8638_-14492
13000015393653,val,8638_-14492
13000015398869,val,8638_-14492
13000015458220,test,8740_-14482
13000015463468,test,8740_-14482
13000015468231,test,8740_-14482
13000015473460,test,8740_-14482
13000015478204,test,8740_-14482
13000015482028,test,8757_-14444
13000015487350,test,8757_-14444
13000015492188,test,8757_-14444
13000015497025,test,8757_-14444
13000015502345,test,8757_-14444
13000015503233,test,8740_-14482
13000015508402,test,8740_-14482
13000015513090,test,8740_-14482
13000015513443,val,8778_-14434
13000015518243,test,8740_-14482
13000015518607,val,8778_-14434
13000015523303,val,8778_-14434
13000015528474,val,8778_-14434
13000015531683,train,8840_-14414
13000015533633,val,8778_-14434
13000015536527,train,8840_-14414
13000015541372,train,8840_-14414
13000015546717,train,8840_-14414
13000015551573,train,8840_-14414
13000015554613,train,8580_-14507
13000015556440,train,8840_-14414
13000015559761,train,8580_-14507
13000015561314,train,8840_-14414
13000015564445,train,8580_-14507
13000015566670,train,8840_-14414
13000015569603,train,8580_-14507
13000015571546,train,8840_-14414
13000015574769,train,8580_-14507
13000015576414,train,8840_-14414
13000015581775,train,8840_-14414
13000015613732,train,8637_-14492
13000015618999,train,8637_-14493
13000015623757,train,8637_-14493
13000015628960,train,8637_-14493
13000015633654,train,8637_-14493
13000015646458,train,8840_-14414
13000015651329,train,8840_-14414
13000015656689,train,8840_-14414
13000015661572,train,8840_-14414
13000015666445,train,8840_-14414
13000015682424,test,8757_-14444
13000015687300,test,8757_-14444
13000015692177,test,8757_-14444
13000015697051,test,8757_-14444
13000015698500,test,8740_-14482
13000015702421,test,8757_-14444
13000015703304,test,8740_-14482
13000015708107,test,8740_-14482
13000015713385,test,8740_-14482
13000015713446,val,8779_-14434
13000015718179,val,8779_-14434
13000015718185,test,8740_-14482
13000015723395,val,8779_-14434
13000015728606,val,8779_-14434
13000015731421,train,8840_-14414
13000015733349,val,8779_-14434
13000015736618,train,8840_-14414
13000015741328,train,8840_-14414
13000015746485,train,8840_-14414
13000015748526,val,8779_-14434
13000015751589,train,8840_-14414
13000015753263,val,8779_-14434
13000015754394,train,8580_-14508
13000015756658,train,8840_-14414
13000015758482,val,8779_-14434
13000015759707,train,8580_-14508
13000015761675,train,8840_-14414
13000015763220,val,8779_-14434
13000015764533,train,8580_-14508
13000015766655,train,8840_-14414
13000015768430,val,8779_-14434
13000015769370,train,8580_-14508
13000015771589,train,8840_-14414
13000015773173,val,8779_-14434
13000015774695,train,8580_-14508
13000015776483,train,8840_-14414
13000015778380,val,8779_-14434
13000015781343,train,8840_-14414
13000015783596,val,8779_-14434
13000015788331,val,8779_-14434
13000015793549,val,8779_-14434
13000015798285,val,8779_-14434
13000015851483,train,8841_-14414
13000015856452,train,8841_-14414
13000015861455,train,8841_-14414
13000015866471,train,8841_-14414
13000015871514,train,8841_-14414
13000015887185,train,8756_-14444
13000015892060,train,8756_-14444
13000015897431,train,8756_-14444
13000015898510,train,8739_-14482
13000015902314,train,8756_-14444
13000015903363,train,8739_-14482
13000015907204,train,8756_-14444
13000015908218,train,8739_-14482
13000015913074,train,8739_-14482
13000015913522,train,8779_-14433
13000015918265,train,8779_-14433
13000015918407,train,8739_-14482
13000015919320,val,8579_-14508
13000015923482,train,8779_-14433
13000015924665,val,8579_-14508
13000015928217,train,8779_-14433
13000015929523,val,8579_-14508
13000015933430,train,8779_-14433
13000015934378,val,8579_-14508
13000015938587,train,8636_-14493
13000015939715,val,8579_-14508
13000015943872,train,8636_-14493
13000015944564,val,8579_-14508
13000015948718,train,8636_-14493
13000015949411,val,8579_-14508
13000015953566,train,8636_-14493
13000015954747,val,8579_-14508
13000015958850,train,8636_-14493
13000015959594,val,8579_-14508
13000015964441,val,8579_-14508
13000015969773,val,8579_-14508
13000015973771,train,8636_-14493
13000015978579,train,8636_-14493
13000015983803,train,8636_-14493
13000015988589,train,8636_-14493
13000015993805,train,8636_-14493
13000016008575,train,8636_-14493
13000016013794,train,8636_-14493
13000016018581,train,8636_-14493
13000016023815,train,8636_-14493
13000016028617,train,8636_-14493
13000016033871,train,8636_-14493
13000016038691,train,8636_-14493
13000016043961,train,8636_-14493
13000016048794,train,8636_-14493
13000016053635,train,8636_-14493
13000016058930,train,8636_-14493
13000016063788,train,8636_-14493
13000016068658,train,8636_-14493
13000016073980,train,8636_-14493
13000016078866,train,8636_-14493
13000016092207,train,8755_-14444
13000016097099,train,8755_-14444
13000016102472,train,8755_-14444
13000016103389,train,8739_-14481
13000016107359,train,8755_-14444
13000016108167,train,8739_-14481
13000016108503,test,8780_-14433
13000016112241,train,8755_-14444
13000016113174,test,8780_-14433
13000016113424,train,8739_-14481
13000016118202,train,8739_-14481
13000016118314,test,8780_-14433
13000016123442,test,8780_-14433
13000016128573,test,8780_-14433
13000016133229,test,8780_-14433
13000016138339,test,8780_-14433
13000016139418,train,8579_-14509
13000016143453,test,8780_-14433
13000016143962,train,8636_-14493
13000016144672,train,8579_-14509
13000016148558,test,8780_-14433
13000016148956,train,8636_-14493
13000016149446,train,8579_-14509
13000016153197,test,8780_-14433
13000016153951,train,8636_-14493
13000016154701,train,8579_-14509
13000016158292,test,8780_-14433
13000016158959,train,8636_-14493
13000016159476,train,8579_-14509
13000016161507,train,8841_-14414
13000016163379,test,8780_-14433
13000016163975,train,8636_-14493
13000016164733,train,8579_-14509
13000016166665,train,8841_-14414
13000016168464,test,8780_-14433
13000016168997,train,8636_-14493
13000016171360,train,8841_-14414
13000016173543,test,8780_-14433
13000016173570,train,8636_-14493
13000016176527,train,8841_-14414
13000016178606,train,8636_-14493
13000016181692,train,8841_-14414
13000016183647,train,8636_-14493
13000016188686,train,8636_-14493
13000016193728,train,8636_-14493
13000016203811,train,8636_-14493
13000016208839,train,8636_-14493
13000016213859,train,8636_-14493
13000016218876,train,8636_-14493
13000016223883,train,8636_-14493
13000016228890,train,8636_-14493
13000016233882,train,8636_-14493
13000016238869,train,8635_-14493
13000016243860,train,8635_-14493
13000016248848,train,8635_-14493
13000016278407,train,8780_-14432
13000016278777,train,8635_-14493
13000016283478,train,8780_-14432
13000016283760,train,8635_-14493
13000016288552,train,8780_-14432
13000016288744,train,8635_-14493
13000016292151,train,8755_-14445
13000016293171,train,8780_-14432
13000016293725,train,8635_-14493
13000016297013,train,8755_-14445
13000016298108,train,8738_-14481
13000016298254,train,8780_-14432
13000016298713,train,8635_-14493
13000016302358,train,8755_-14445
13000016303349,train,8780_-14432
13000016303357,train,8738_-14481
13000016307217,train,8755_-14445
13000016308131,train,8738_-14481
13000016308449,train,8780_-14432
13000016312064,train,8755_-14445
13000016313382,train,8738_-14481
13000016313558,train,8780_-14432
13000016318154,train,8738_-14481
13000016318213,train,8780_-14432
13000016323330,train,8780_-14432
13000016328460,train,8780_-14432
13000016333590,train,8780_-14432
13000016339319,train,8579_-14509
13000016344588,train,8579_-14509
13000016349380,train,8579_-14509
13000016354654,train,8579_-14510
13000016356325,train,8842_-14413
13000016359447,train,8579_-14510
13000016361473,train,8842_-14413
13000016366618,train,8842_-14413
13000016371769,train,8842_-14413
13000016376447,train,8842_-14413
13000016381595,train,8842_-14413
13000016403448,train,8780_-14432
13000016408610,train,8780_-14432
13000016413300,train,8780_-14432
13000016418458,train,8780_-14432
13000016423616,train,8780_-14432
13000016492288,train,8754_-14445
13000016497167,train,8754_-14445
13000016498174,val,8737_-14481
13000016502058,train,8754_-14445
13000016503428,val,8737_-14481
13000016507436,train,8754_-14445
13000016508209,val,8737_-14481
13000016508299,test,8780_-14431
13000016512333,train,8754_-14445
13000016513460,val,8737_-14481
13000016513500,test,8780_-14431
13000016518224,test,8780_-14431
13000016518243,val,8737_-14481
13000016523425,test,8780_-14431
13000016528621,test,8780_-14431
13000016544614,train,8579_-14510
13000016549391,train,8579_-14510
13000016554639,train,8579_-14510
13000016556504,val,8843_-14413
13000016559403,train,8579_-14510
13000016561572,val,8843_-14413
13000016564645,train,8579_-14510
13000016566646,val,8843_-14413
13000016568277,test,8780_-14431
13000016571716,val,8843_-14413
13000016573468,test,8780_-14431
13000016576330,val,8843_-14413
13000016578182,test,8780_-14431
13000016581416,val,8843_-14413
13000016583372,test,8780_-14431
13000016588551,test,8780_-14431
13000016593264,test,8780_-14431
13000016598442,test,8780_-14431
13000016603619,test,8780_-14431
13000016608325,test,8780_-14431
13000016613500,test,8780_-14431
13000016618209,test,8780_-14431
13000016623385,test,8780_-14431
13000016628565,test,8780_-14431
13000016633271,test,8780_-14431
13000016663993,train,8634_-14493
13000016668661,train,8634_-14493
13000016673796,train,8634_-14493
13000016678924,train,8634_-14493
13000016683599,train,8634_-14493
13000016697108,train,8754_-14445
13000016698155,train,8737_-14480
13000016699704,test,8578_-14511
13000016702039,train,8754_-14445
13000016703412,train,8737_-14480
13000016704424,test,8578_-14511
13000016707457,train,8754_-14445
13000016708193,train,8737_-14480
13000016709624,test,8578_-14511
13000016712383,train,8754_-14445
13000016713459,train,8737_-14480
13000016714351,test,8578_-14511
13000016717299,train,8754_-14445
13000016718247,train,8737_-14480
13000016719557,test,8578_-14511
13000016724765,test,8578_-14511
13000016729508,test,8578_-14511
13000016734733,test,8578_-14511
13000016739493,test,8578_-14511
13000016743468,train,8781_-14431
13000016744732,test,8578_-14511
13000016748629,train,8781_-14431
13000016749495,test,8578_-14511
13000016753323,train,8781_-14431
13000016754743,test,8578_-14511
13000016758486,train,8781_-14431
13000016759513,test,8578_-14511
13000016761498,val,8843_-14413
13000016763636,train,8781_-14431
13000016764759,test,8578_-14511
13000016766631,val,8843_-14413
13000016768320,train,8781_-14431
13000016768568,train,8634_-14492
13000016769530,test,8578_-14511
13000016771757,val,8843_-14413
13000016773469,train,8781_-14431
13000016773695,train,8634_-14492
13000016774773,test,8578_-14511
13000016776421,val,8843_-14413
13000016778627,train,8781_-14431
13000016778817,train,8634_-14492
13000016779544,test,8578_-14511
13000016781551,val,8843_-14413
13000016783313,train,8781_-14431
13000016783931,train,8634_-14492
13000016784317,test,8578_-14511
13000016788472,train,8781_-14431
13000016788575,train,8634_-14492
13000016789570,test,8578_-14511
13000016794351,test,8578_-14511
13000016799608,test,8578_-14511
13000016804389,test,8578_-14511
13000016808920,train,8634_-14492
13000016809648,test,8578_-14511
13000016813985,train,8634_-14492
13000016814430,test,8578_-14511
13000016818586,train,8634_-14492
13000016823649,train,8634_-14492
13000016828713,train,8634_-14492
13000016833781,train,8634_-14492
13000016834515,test,8578_-14511
13000016838840,train,8634_-14492
13000016839774,test,8578_-14511
13000016843900,train,8634_-14492
13000016844553,test,8578_-14511
13000016848957,train,8634_-14492
13000016849335,test,8578_-14511
13000016854589,test,8578_-14511
13000016859374,test,8578_-14511
13000016864640,test,8578_-14511
13000016869437,test,8578_-14511
13000016874706,test,8578_-14511
13000016879498,test,8578_-14511
13000016884777,test,8578_-14511
13000016889578,test,8578_-14511
13000016892125,val,8753_-14445
13000016894374,test,8578_-14511
13000016897091,val,8753_-14445
13000016899649,test,8578_-14511
13000016902050,val,8753_-14445
13000016903102,train,8736_-14480
13000016904441,test,8578_-14511
13000016907498,val,8753_-14445
13000016908309,train,8736_-14480
13000016908454,train,8781_-14430
13000016909713,test,8578_-14511
13000016912432,val,8753_-14445
13000016913050,train,8736_-14480
13000016913623,train,8781_-14430
13000016914503,test,8578_-14511
13000016918269,train,8736_-14480
13000016918325,train,8781_-14430
13000016919770,test,8578_-14511
13000016923489,train,8781_-14430
13000016924557,test,8578_-14511
13000016928188,train,8781_-14430
13000016929345,test,8578_-14511
13000016933367,train,8781_-14430
13000016933585,test,8633_-14492
13000016934613,test,8578_-14511
13000016938541,train,8781_-14430
13000016938598,test,8633_-14492
13000016939401,test,8578_-14511
13000016943249,train,8781_-14430
13000016943606,test,8633_-14492
13000016948425,train,8781_-14430
13000016948611,test,8633_-14492
13000016953606,train,8781_-14430
13000016953613,test,8633_-14492
13000016958314,train,8781_-14430
13000016961675,val,8844_-14413
13000016963496,train,8781_-14430
13000016966371,val,8844_-14413
13000016968206,train,8781_-14430
13000016971532,val,8844_-14413
13000016976697,val,8844_-14413
13000016978562,train,8781_-14430
13000016981390,val,8844_-14413
13000016983264,train,8781_-14430
13000016988442,train,8781_-14430
13000017014482,test,8578_-14511
13000017019745,test,8578_-14511
13000017024528,test,8578_-14511
13000017029784,test,8578_-14511
13000017034561,test,8578_-14511
13000017039334,test,8578_-14511
13000017044579,test,8578_-14511
13000017049344,test,8578_-14511
13000017054580,test,8578_-14511
13000017059336,test,8578_-14511
13000017082266,val,8753_-14445
13000017087088,val,8753_-14445
13000017092396,val,8753_-14445
13000017097222,val,8753_-14445
13000017098066,train,8736_-14480
13000017102051,val,8753_-14445
13000017103346,train,8736_-14480
13000017108145,train,8736_-14480
13000017113427,train,8736_-14480
13000017118228,train,8736_-14480
13000017134774,test,8577_-14512
13000017139539,test,8577_-14512
13000017144782,test,8577_-14512
13000017149552,test,8577_-14512
13000017154328,test,8577_-14512
13000017161766,val,8844_-14413
13000017164369,test,8577_-14512
13000017166471,val,8844_-14413
13000017169637,test,8577_-14512
13000017171656,val,8844_-14413
13000017174432,test,8577_-14512
13000017176363,val,8844_-14413
13000017178274,train,8736_-14480
13000017179707,test,8577_-14512
13000017181540,val,8844_-14413
13000017183077,train,8736_-14480
13000017188359,train,8736_-14480
13000017188590,train,8782_-14429
13000017193158,train,8736_-14480
13000017193273,train,8782_-14429
13000017198427,train,8782_-14429
13000017198432,train,8736_-14480
13000017203227,train,8736_-14480
13000017203578,train,8782_-14429
13000017208267,train,8782_-14429
13000017208505,train,8736_-14480
13000017213307,train,8736_-14480
13000017218110,train,8736_-14480
13000017223394,train,8736_-14480
13000017228200,train,8736_-14480
13000017282054,val,8752_-14446
13000017287475,val,8752_-14446
13000017288593,train,8782_-14429
13000017292407,val,8752_-14446
13000017293287,train,8782_-14429
13000017297333,val,8752_-14446
13000017298444,train,8782_-14429
13000017302264,val,8752_-14446
13000017303597,train,8782_-14429
13000017308274,train,8782_-14429
13000017308411,val,8735_-14479
13000017313215,val,8735_-14479
13000017313418,train,8782_-14429
13000017318503,val,8735_-14479
13000017318550,train,8782_-14429
13000017323216,train,8782_-14429
13000017323307,val,8735_-14479
13000017323867,test,8632_-14493
13000017328346,train,8782_-14429
13000017328920,test,8632_-14493
13000017333980,test,8632_-14493
13000017338580,test,8632_-14493
13000017343641,test,8632_-14493
13000017347188,val,8752_-14446
13000017352132,val,8752_-14446
13000017357078,val,8752_-14446
13000017362029,val,8752_-14446
13000017367468,val,8752_-14446
13000017369636,test,8577_-14512
13000017371493,train,8845_-14413
13000017372410,val,8752_-14446
13000017374426,test,8577_-14512
13000017376497,train,8845_-14413
13000017377343,val,8752_-14446
13000017379691,test,8577_-14512
13000017381490,train,8845_-14413
13000017382272,val,8752_-14446
13000017384478,test,8577_-14512
13000017387192,val,8752_-14446
13000017389733,test,8577_-14512
13000017392098,val,8752_-14446
13000017409787,test,8577_-14512
13000017414560,test,8577_-14512
13000017419333,test,8577_-14512
13000017424580,test,8577_-14512
13000017429350,test,8577_-14512
13000017443635,train,8782_-14429
13000017448329,train,8782_-14429
13000017453496,train,8782_-14428
13000017458185,train,8782_-14428
13000017463348,train,8782_-14428
13000017468506,train,8782_-14428
13000017473194,train,8782_-14428
13000017478358,train,8782_-14428
13000017483516,train,8782_-14428
13000017488213,train,8782_-14428
13000017493373,train,8782_-14428
13000017503228,train,8782_-14428
13000017508174,val,8735_-14479
13000017508388,train,8782_-14428
13000017508899,test,8632_-14493
13000017513508,val,8735_-14479
13000017513556,train,8782_-14428
13000017513961,test,8632_-14493
13000017518252,train,8782_-14428
13000017518360,val,8735_-14479
13000017518566,test,8632_-14493
13000017523213,val,8735_-14479
13000017523424,train,8782_-14428
13000017523631,test,8632_-14493
13000017528697,test,8632_-14493
13000017533768,test,8632_-14493
13000017539671,val,8576_-14512
13000017548971,test,8632_-14493
13000017553581,test,8632_-14493
13000017558645,test,8632_-14493
13000017561658,train,8845_-14413
13000017563709,test,8632_-14493
13000017566627,train,8845_-14413
13000017568767,test,8632_-14493
13000017571591,train,8845_-14413
13000017576563,train,8845_-14413
13000017581525,train,8845_-14413
13000017599783,train,8576_-14513
13000017604563,train,8576_-14513
13000017609347,train,8576_-14513
13000017649730,train,8576_-14513
13000017654538,train,8576_-14513
13000017682237,train,8752_-14447
13000017687040,train,8752_-14447
13000017688373,test,8734_-14479
13000017692322,train,8752_-14447
13000017693202,test,8734_-14479
13000017697127,train,8752_-14447
13000017698512,test,8734_-14479
13000017702410,train,8752_-14447
13000017713467,test,8782_-14427
13000017713677,train,8632_-14494
13000017718633,test,8782_-14427
13000017718719,train,8632_-14494
13000017723331,test,8782_-14427
13000017723768,train,8632_-14494
13000017728496,test,8782_-14427
13000017728821,train,8632_-14494
13000017733871,train,8632_-14494
13000017749598,train,8576_-14513
13000017754421,train,8576_-14513
13000017759732,train,8576_-14513
13000017761527,test,8846_-14414
13000017764562,train,8576_-14513
13000017765064,train,8892_-14340
13000017766516,test,8846_-14414
13000017769392,train,8576_-14513
13000017770102,train,8892_-14340
13000017771499,test,8846_-14414
13000017775128,train,8892_-14340
13000017776491,test,8846_-14414
13000017780133,train,8892_-14340
13000017781475,test,8846_-14414
13000017785112,train,8892_-14340
13000017790052,train,8892_-14340
13000017794951,train,8892_-14340
13000017800229,train,8892_-14340
13000017805083,train,8892_-14340
13000017868267,train,8734_-14478
13000017873477,train,8734_-14478
13000017878213,train,8734_-14478
13000017882290,train,8751_-14448
13000017883422,train,8734_-14478
13000017887180,train,8751_-14448
13000017888160,train,8734_-14478
13000017892067,train,8751_-14448
13000017897450,train,8751_-14448
13000017899891,train,8892_-14339
13000017902338,train,8751_-14448
13000017903327,train,8734_-14478
13000017905118,train,8892_-14339
13000017908069,train,8734_-14478
13000017909973,train,8892_-14339
13000017913284,train,8734_-14478
13000017913509,test,8782_-14427
13000017915155,train,8892_-14339
13000017918498,train,8734_-14478
13000017919973,train,8892_-14339
13000017923237,train,8734_-14478
13000017925130,train,8892_-14339
13000017929945,train,8892_-14339
13000017933649,val,8631_-14495
13000017935110,train,8892_-14339
13000017938414,train,8783_-14427
13000017938659,val,8631_-14495
13000017939960,train,8892_-14339
13000017943521,train,8783_-14427
13000017943666,val,8631_-14495
13000017944836,train,8892_-14339
13000017948171,train,8783_-14427
13000017949428,train,8575_-14513
13000017950107,train,8892_-14339
13000017953304,train,8783_-14427
13000017954707,train,8575_-14513
13000017958439,train,8783_-14427
13000017959503,train,8575_-14513
13000017961335,train,8847_-14414
13000017963593,train,8783_-14427
13000017964783,train,8575_-14513
13000017966358,train,8847_-14414
13000017968285,train,8783_-14427
13000017969575,train,8575_-14513
13000017971386,train,8847_-14414
13000017973461,train,8783_-14427
13000017976415,train,8847_-14414
13000017981440,train,8847_-14414
13000018000042,train,8892_-14339
13000018004895,train,8892_-14339
13000018010039,train,8892_-14339
13000018015123,train,8892_-14339
13000018020154,train,8892_-14339
13000018025140,train,8892_-14339
13000018030094,train,8892_-14339
13000018035023,train,8892_-14339
13000018039942,train,8892_-14339
13000018051490,train,8847_-14414
13000018056471,train,8847_-14414
13000018061450,train,8847_-14414
13000018066433,train,8847_-14414
13000018071412,train,8847_-14414
13000018076394,train,8847_-14414
13000018077408,train,8751_-14448
13000018081377,train,8847_-14414
13000018082337,train,8751_-14448
13000018083499,test,8734_-14477
13000018087257,train,8751_-14448
13000018092177,train,8751_-14448
13000018095129,train,8892_-14339
13000018097094,train,8751_-14448
13000018099921,train,8892_-14339
13000018105062,train,8892_-14339
13000018108223,test,8734_-14477
13000018109886,train,8892_-14339
13000018113173,train,8783_-14427
13000018113461,test,8734_-14477
13000018115092,train,8892_-14339
13000018118223,test,8734_-14477
13000018118388,train,8783_-14427
13000018119990,train,8892_-14339
13000018123461,test,8734_-14477
13000018123595,train,8783_-14427
13000018123959,val,8631_-14495
13000018124912,train,8892_-14338
13000018128223,test,8734_-14477
13000018128326,train,8783_-14427
13000018128607,val,8631_-14495
13000018129854,train,8892_-14338
13000018133521,train,8783_-14427
13000018133726,val,8631_-14495
13000018135165,train,8892_-14338
13000018138839,val,8631_-14495
13000018140142,train,8892_-14338
13000018143953,val,8631_-14495
13000018145162,train,8892_-14338
13000018149857,train,8892_-14338
13000018161741,train,8847_-14414
13000018166690,train,8847_-14414
13000018171639,train,8847_-14414
13000018176585,train,8847_-14414
13000018181533,train,8847_-14414
13000018272052,train,8750_-14449
13000018277445,train,8750_-14449
13000018278378,train,8733_-14477
13000018282340,train,8750_-14449
13000018283169,train,8733_-14477
13000018287236,train,8750_-14449
13000018288439,train,8733_-14477
13000018293239,train,8733_-14477
13000018298515,train,8733_-14477
13000018303309,train,8733_-14477
13000018308107,train,8733_-14477
13000018310109,train,8893_-14338
13000018313382,train,8733_-14477
13000018315103,train,8893_-14338
13000018318179,train,8733_-14477
13000018318486,train,8784_-14427
13000018320150,train,8893_-14338
13000018323456,train,8733_-14477
13000018323589,train,8784_-14427
13000018324921,train,8893_-14338
13000018328228,train,8784_-14427
13000018330091,train,8893_-14338
13000018333341,train,8784_-14427
13000018333780,val,8630_-14495
13000018334971,train,8893_-14338
13000018338904,val,8630_-14495
13000018339902,train,8893_-14338
13000018343565,val,8630_-14495
13000018344880,train,8893_-14338
13000018348693,val,8630_-14495
13000018349466,train,8575_-14515
13000018349896,train,8893_-14338
13000018353825,val,8630_-14495
13000018354693,train,8575_-14515
13000018354938,train,8893_-14338
13000018359439,train,8575_-14515
13000018359985,train,8893_-14338
13000018361566,train,8848_-14413
13000018364650,train,8575_-14515
13000018365011,train,8893_-14338
13000018366520,train,8848_-14413
13000018369381,train,8575_-14515
13000018370025,train,8893_-14338
13000018371470,train,8848_-14413
13000018375037,train,8893_-14338
13000018376413,train,8848_-14413
13000018380045,train,8893_-14338
13000018381354,train,8848_-14413
13000018385046,train,8893_-14337
13000018390021,train,8893_-14337
13000018394974,train,8893_-14337
13000018399912,train,8893_-14337
13000018429994,train,8893_-14337
13000018435135,train,8893_-14337
13000018439891,train,8893_-14337
13000018444933,train,8893_-14337
13000018449951,train,8893_-14337
13000018454947,train,8893_-14337
13000018457465,train,8750_-14449
13000018458500,train,8733_-14476
13000018459929,train,8893_-14337
13000018462354,train,8750_-14449
13000018463366,train,8733_-14476
13000018464882,train,8893_-14337
13000018467237,train,8750_-14449
13000018468236,train,8733_-14476
13000018470127,train,8893_-14337
13000018472117,train,8750_-14449
13000018473104,train,8733_-14476
13000018475007,train,8893_-14337
13000018477491,train,8750_-14449
13000018478463,train,8733_-14476
13000018483332,train,8733_-14476
13000018488201,train,8733_-14476
13000018493070,train,8733_-14476
13000018498423,train,8733_-14476
13000018503291,train,8733_-14476
13000018513354,train,8784_-14427
13000018518527,train,8784_-14427
13000018523233,train,8784_-14427
13000018528401,train,8784_-14427
13000018533581,train,8784_-14427
13000018533789,test,8629_-14495
13000018534837,train,8893_-14337
13000018538918,test,8629_-14495
13000018540085,train,8893_-14337
13000018543579,test,8629_-14495
13000018544996,train,8893_-14337
13000018548709,test,8629_-14495
13000018549416,train,8574_-14515
13000018549866,train,8893_-14337
13000018553842,test,8629_-14495
13000018554612,train,8574_-14515
13000018554985,train,8893_-14337
13000018559340,train,8574_-14515
13000018560014,train,8893_-14337
13000018561744,train,8848_-14413
13000018564537,train,8574_-14515
13000018564986,train,8893_-14337
13000018566646,train,8848_-14413
13000018569740,train,8574_-14515
13000018569936,train,8893_-14337
13000018571543,train,8848_-14413
13000018574879,train,8893_-14337
13000018576448,train,8848_-14413
13000018581347,train,8848_-14413
13000018634921,val,8893_-14336
13000018640128,val,8893_-14336
13000018644986,val,8893_-14336
13000018657198,train,8750_-14450
13000018662148,train,8750_-14450
13000018667095,train,8750_-14450
13000018672049,train,8750_-14450
13000018677492,train,8750_-14450
13000018684519,train,8574_-14515
13000018689754,train,8574_-14515
13000018694516,train,8574_-14515
13000018699757,train,8574_-14516
13000018704523,train,8574_-14516
13000018709765,train,8574_-14516
13000018713508,train,8785_-14427
13000018713526,train,8733_-14475
13000018714538,train,8574_-14516
13000018718214,train,8785_-14427
13000018718363,train,8733_-14475
13000018719315,train,8574_-14516
13000018723190,train,8733_-14475
13000018723389,train,8785_-14427
13000018724571,train,8574_-14516
13000018728489,train,8733_-14475
13000018728560,train,8785_-14427
13000018729350,train,8574_-14516
13000018733256,train,8785_-14427
13000018733294,train,8733_-14475
13000018733980,test,8629_-14495
13000018734611,train,8574_-14516
13000018738653,test,8629_-14495
13000018743797,test,8629_-14495
13000018748946,test,8629_-14495
13000018753631,test,8629_-14495
13000018754732,train,8574_-14516
13000018759524,train,8574_-14516
13000018761756,test,8849_-14413
13000018764321,train,8574_-14516
13000018766692,test,8849_-14413
13000018769592,train,8574_-14516
13000018771619,test,8849_-14413
13000018773641,train,8785_-14427
13000018774382,train,8574_-14516
13000018776536,test,8849_-14413
13000018778341,train,8785_-14427
13000018781444,test,8849_-14413
13000018783506,train,8785_-14427
13000018788205,train,8785_-14427
13000018793371,train,8785_-14427
13000018808484,train,8733_-14475
13000018813159,train,8733_-14475
13000018818300,train,8733_-14475
13000018819862,val,8893_-14336
13000018823440,train,8733_-14475
13000018825081,val,8893_-14336
13000018828112,train,8733_-14475
13000018829972,val,8893_-14336
13000018834899,val,8893_-14336
13000018839862,val,8893_-14336
13000018844853,val,8893_-14336
13000018849873,val,8893_-14336
13000018854908,val,8893_-14336
13000018857478,train,8750_-14451
13000018859960,val,8893_-14336
13000018862428,train,8750_-14451
13000018865014,val,8893_-14336
13000018867380,train,8750_-14451
13000018872325,train,8750_-14451
13000018877265,train,8750_-14451
13000018883047,train,8733_-14475
13000018888247,train,8733_-14475
13000018903421,train,8732_-14475
13000018908179,train,8732_-14475
13000018913419,train,8732_-14475
13000018913570,train,8785_-14427
13000018918189,train,8732_-14475
13000018918263,train,8785_-14427
13000018923418,train,8785_-14427
13000018923441,train,8732_-14475
13000018928218,train,8732_-14475
13000018928579,train,8785_-14427
13000018928934,val,8628_-14495
13000018933266,train,8785_-14427
13000018933476,train,8732_-14475
13000018933935,val,8628_-14495
13000018938257,train,8732_-14475
13000018938931,val,8628_-14495
13000018943524,train,8732_-14475
13000018943928,val,8628_-14495
13000018948309,train,8732_-14475
13000018948928,val,8628_-14495
13000018953100,train,8732_-14475
13000018954506,train,8573_-14516
13000018958370,train,8732_-14474
13000018959355,train,8573_-14516
13000018963166,train,8732_-14474
13000018964687,train,8573_-14516
13000018969529,train,8573_-14516
13000018974373,train,8573_-14516
13000018981592,train,8849_-14412
13000019015049,train,8893_-14335
13000019020028,train,8893_-14335
13000019025024,train,8893_-14335
13000019030040,train,8893_-14335
13000019035071,train,8893_-14335
13000019040097,train,8893_-14335
13000019045091,train,8893_-14335
13000019050042,train,8893_-14335
13000019054969,train,8893_-14335
13000019067488,test,8749_-14452
13000019072390,test,8749_-14452
13000019077295,test,8749_-14452
13000019082197,test,8749_-14452
13000019113400,train,8732_-14474
13000019118193,train,8732_-14474
13000019118557,train,8786_-14427
13000019123228,train,8786_-14427
13000019123471,train,8732_-14474
13000019128272,train,8732_-14474
13000019128370,train,8786_-14427
13000019133077,train,8732_-14474
13000019133511,train,8786_-14427
13000019133921,val,8628_-14495
13000019138195,train,8786_-14427
13000019138561,val,8628_-14495
13000019143666,val,8628_-14495
13000019148772,val,8628_-14495
13000019153879,val,8628_-14495
13000019154508,train,8573_-14516
13000019156583,train,8850_-14412
13000019159350,train,8573_-14516
13000019161324,train,8850_-14412
13000019164677,train,8573_-14516
13000019166503,train,8850_-14412
13000019169518,train,8573_-14516
13000019171691,train,8850_-14412
13000019174358,train,8573_-14516
13000019176454,train,8850_-14412
13000019180107,train,8893_-14334
13000019181664,train,8850_-14412
13000019185196,train,8893_-14334
13000019189934,train,8893_-14334
13000019195049,train,8893_-14334
13000019200168,train,8893_-14334
13000019204931,train,8893_-14334
13000019210065,train,8893_-14334
13000019214855,train,8893_-14334
13000019220061,train,8893_-14334
13000019224939,train,8893_-14334
13000019229855,train,8893_-14334
13000019267218,test,8749_-14452
13000019272087,test,8749_-14452
13000019274791,train,8572_-14516
13000019277446,test,8749_-14452
13000019279613,train,8572_-14516
13000019282316,test,8749_-14452
13000019284435,train,8572_-14516
13000019287189,test,8749_-14452
13000019289739,train,8572_-14516
13000019294562,train,8572_-14516
13000019299384,train,8572_-14516
13000019304686,train,8572_-14516
13000019309508,train,8572_-14516
13000019312046,test,8749_-14452
13000019313483,train,8732_-14473
13000019314329,train,8572_-14516
13000019317403,test,8749_-14452
13000019318331,train,8732_-14473
13000019318460,train,8787_-14427
13000019319628,train,8572_-14516
13000019322275,test,8749_-14452
13000019323179,train,8732_-14473
13000019323636,train,8787_-14427
13000019327147,test,8749_-14452
13000019328333,train,8787_-14427
13000019328511,train,8732_-14473
13000019332024,test,8749_-14452
13000019333357,train,8732_-14473
13000019333501,train,8787_-14427
13000019337384,test,8749_-14452
13000019338195,train,8787_-14427
13000019342257,test,8749_-14452
13000019347128,test,8749_-14452
13000019352483,test,8749_-14452
13000019353978,train,8627_-14495
13000019354323,train,8572_-14516
13000019357350,test,8749_-14452
13000019358703,train,8627_-14495
13000019359628,train,8572_-14516
13000019361317,train,8850_-14412
13000019362214,test,8749_-14452
13000019363903,train,8627_-14495
13000019364452,train,8572_-14516
13000019366644,train,8850_-14412
13000019367082,test,8749_-14452
13000019368626,train,8627_-14495
13000019369759,train,8572_-14516
13000019371523,train,8850_-14412
13000019374588,train,8572_-14516
13000019375716,train,8627_-14495
13000019376404,train,8850_-14412
13000019381719,train,8850_-14412
13000019414638,train,8572_-14516
13000019419454,train,8572_-14516
13000019424746,train,8572_-14516
13000019429556,train,8572_-14516
13000019434362,train,8572_-14516
13000019439652,train,8572_-14516
13000019444455,train,8572_-14516
13000019449736,train,8572_-14516
13000019454531,train,8572_-14516
13000019459333,train,8572_-14516
13000019464615,train,8572_-14516
13000019467137,test,8749_-14453
13000019469413,train,8572_-14516
13000019472457,test,8749_-14453
13000019474694,train,8572_-14516
13000019477285,test,8749_-14453
13000019479496,train,8572_-14516
13000019482111,test,8749_-14453
13000019484785,train,8572_-14516
13000019487419,test,8749_-14453
13000019489589,train,8572_-14516
13000019494397,train,8572_-14516
13000019499686,train,8572_-14516
13000019504497,train,8572_-14516
13000019509793,train,8572_-14516
13000019513158,train,8732_-14472
13000019514606,train,8572_-14516
13000019518479,train,8787_-14427
13000019518516,train,8732_-14472
13000019523185,train,8787_-14427
13000019523385,train,8732_-14472
13000019528256,train,8732_-14472
13000019528360,train,8787_-14427
13000019533131,train,8732_-14472
13000019533535,train,8787_-14427
13000019538236,train,8787_-14427
13000019578988,val,8626_-14495
13000019579587,val,8571_-14516
13000019581486,train,8851_-14412
13000019584391,val,8571_-14516
13000019589675,val,8571_-14516
13000019594477,val,8571_-14516
13000019599764,val,8571_-14516
13000019604567,val,8571_-14516
13000019609375,val,8571_-14516
13000019614662,val,8571_-14516
13000019619468,val,8571_-14516
13000019624755,val,8571_-14516
13000019634358,val,8571_-14516
13000019639634,val,8571_-14516
13000019644430,val,8571_-14516
13000019649697,val,8571_-14516
13000019654482,val,8571_-14516
13000019659741,val,8571_-14516
13000019664521,val,8571_-14516
13000019667197,train,8748_-14453
13000019669782,val,8571_-14516
13000019672462,train,8748_-14453
13000019674557,val,8571_-14516
13000019677246,train,8748_-14453
13000019679329,val,8571_-14516
13000019682042,train,8748_-14453
13000019684577,val,8571_-14516
13000019687318,train,8748_-14453
13000019713234,test,8788_-14427
13000019713516,train,8732_-14472
13000019718336,train,8732_-14472
13000019718405,test,8788_-14427
13000019723147,train,8732_-14472
13000019723579,test,8788_-14427
13000019724498,val,8571_-14516
13000019728292,test,8788_-14427
13000019728432,train,8732_-14471
13000019729718,val,8571_-14516
13000019733228,train,8732_-14471
13000019733470,test,8788_-14427
13000019734458,val,8571_-14516
13000019739685,val,8571_-14516
13000019744436,val,8571_-14516
13000019749666,val,8571_-14516
13000019763863,val,8626_-14495
13000019768863,val,8626_-14495
13000019773861,val,8626_-14495
13000019776630,val,8852_-14413
13000019778860,val,8626_-14495
13000019781429,val,8852_-14413
13000019783859,val,8626_-14495
13000019854343,val,8571_-14516
13000019859604,val,8571_-14516
13000019860179,train,8893_-14332
13000019864383,val,8571_-14516
13000019865041,train,8893_-14332
13000019867131,test,8748_-14454
13000019869645,val,8571_-14516
13000019869893,train,8893_-14332
13000019872019,test,8748_-14454
13000019874431,val,8571_-14516
13000019875105,train,8893_-14331
13000019877389,test,8748_-14454
13000019879701,val,8571_-14516
13000019879924,train,8893_-14331
13000019882279,test,8748_-14454
13000019884491,val,8571_-14516
13000019885099,train,8893_-14331
13000019887163,test,8748_-14454
13000019889768,val,8571_-14516
13000019889898,train,8893_-14331
13000019894562,val,8571_-14516
13000019895059,train,8893_-14331
13000019899364,val,8571_-14516
13000019899843,train,8893_-14331
13000019903453,train,8732_-14471
13000019904649,val,8571_-14516
13000019908125,train,8732_-14471
13000019913272,train,8732_-14471
13000019918306,train,8788_-14426
13000019918431,train,8732_-14471
13000019923130,train,8732_-14471
13000019923541,train,8788_-14426
13000019928297,train,8788_-14426
13000019933525,train,8788_-14426
13000019938281,train,8788_-14426
13000019961728,val,8852_-14413
13000019966592,val,8852_-14413
13000019968642,train,8625_-14495
13000019971455,val,8852_-14413
13000019973702,train,8625_-14495
13000019976317,val,8852_-14413
13000019978766,train,8625_-14495
13000019981627,val,8852_-14413
13000019983827,train,8625_-14495
13000019984790,train,8570_-14516
13000019988888,train,8625_-14495
13000020004314,train,8570_-14516
13000020009534,train,8570_-14516
13000020009982,train,8893_-14331
13000020014742,train,8570_-14516
13000020015069,train,8893_-14331
13000020019474,train,8570_-14516
13000020020154,train,8893_-14331
13000020024837,train,8893_-14331
13000020029907,train,8893_-14331
13000020034957,train,8893_-14331
13000020039973,train,8893_-14331
13000020044934,train,8893_-14331
13000020049872,train,8893_-14331
13000020055159,train,8893_-14331
13000020060062,train,8893_-14331
13000020064943,train,8893_-14331
13000020067415,train,8748_-14455
13000020070163,train,8893_-14331
13000020072275,train,8747_-14455
13000020074987,train,8893_-14331
13000020077136,train,8747_-14455
13000020080160,train,8893_-14331
13000020082480,train,8747_-14455
13000020084950,train,8893_-14331
13000020087334,train,8747_-14455
13000020088174,train,8731_-14470
13000020090100,train,8893_-14331
13000020093516,train,8731_-14470
13000020094866,train,8893_-14331
13000020098378,train,8731_-14470
13000020099977,train,8893_-14331
13000020103247,train,8731_-14470
13000020105059,train,8893_-14331
13000020108121,train,8731_-14470
13000020110124,train,8893_-14331
13000020115158,train,8893_-14331
13000020118386,test,8789_-14426
13000020120186,train,8893_-14331
13000020123524,test,8789_-14426
13000020128188,test,8789_-14426
13000020133308,test,8789_-14426
13000020135007,train,8893_-14331
13000020138419,test,8789_-14426
13000020140111,train,8893_-14330
13000020144879,train,8893_-14330
13000020150042,train,8893_-14330
13000020154865,train,8893_-14330
13000020160087,train,8893_-14330
13000020161738,train,8853_-14413
13000020164961,train,8893_-14330
13000020166360,train,8853_-14413
13000020169871,train,8893_-14330
13000020171472,train,8853_-14413
13000020173594,val,8625_-14494
13000020175198,train,8893_-14330
13000020176616,train,8853_-14414
13000020178624,val,8625_-14494
13000020180182,train,8893_-14330
13000020181320,train,8853_-14414
13000020183647,val,8625_-14494
13000020185194,train,8893_-14330
13000020188671,val,8625_-14494
13000020193687,val,8625_-14494
13000020272410,train,8747_-14455
13000020273519,train,8731_-14470
13000020276753,train,8853_-14414
13000020277374,train,8747_-14455
13000020278396,train,8731_-14470
13000020281551,train,8853_-14414
13000020282334,train,8747_-14455
13000020283271,train,8731_-14470
13000020286342,train,8853_-14414
13000020287292,train,8747_-14455
13000020288142,train,8731_-14470
13000020291608,train,8853_-14414
13000020292237,train,8747_-14455
13000020293499,train,8731_-14470
13000020296396,train,8853_-14414
13000020301655,train,8853_-14414
13000020306440,train,8853_-14414
13000020309759,val,8569_-14515
13000020314502,val,8569_-14515
13000020318586,test,8789_-14426
13000020319720,val,8569_-14515
13000020323227,test,8789_-14426
13000020324460,val,8569_-14515
13000020328242,test,8789_-14426
13000020329674,val,8569_-14515
13000020333216,test,8789_-14426
13000020334417,val,8569_-14515
13000020338567,test,8789_-14426
13000020339631,val,8569_-14515
13000020344375,val,8569_-14515
13000020349598,val,8569_-14515
13000020354349,val,8569_-14515
13000020359576,val,8569_-14515
13000020361764,train,8853_-14414
13000020364335,val,8569_-14515
13000020366528,train,8853_-14414
13000020369569,val,8569_-14515
13000020371764,train,8853_-14414
13000020374327,val,8569_-14515
13000020376533,train,8853_-14414
13000020379571,val,8569_-14515
13000020381781,train,8853_-14414
13000020384338,val,8569_-14515
13000020403368,train,8731_-14470
13000020408174,train,8731_-14470
13000020413454,train,8731_-14470
13000020418252,train,8731_-14470
13000020423045,train,8731_-14470
13000020428313,train,8731_-14470
13000020433100,train,8731_-14470
13000020438363,train,8731_-14470
13000020443143,train,8731_-14470
13000020448394,train,8731_-14470
13000020453160,train,8731_-14470
13000020472463,train,8747_-14455
13000020477420,train,8747_-14456
13000020478338,train,8730_-14470
13000020482379,train,8747_-14456
13000020483075,train,8730_-14470
13000020487341,train,8747_-14456
13000020488282,train,8730_-14470
13000020492307,train,8747_-14456
13000020493482,train,8730_-14470
13000020498206,train,8730_-14470
13000020518282,val,8790_-14426
13000020523189,val,8790_-14426
13000020528500,val,8790_-14426
13000020533395,val,8790_-14426
13000020538288,val,8790_-14426
13000020643951,train,8624_-14493
13000020648574,train,8624_-14493
13000020653667,train,8624_-14493
13000020658760,train,8624_-14493
13000020663454,train,8730_-14469
13000020663858,train,8624_-14493
13000020668211,train,8730_-14469
13000020672393,train,8746_-14456
13000020673448,train,8730_-14469
13000020677173,train,8746_-14456
13000020678212,train,8730_-14469
13000020682430,train,8746_-14456
13000020683804,train,8624_-14493
13000020687206,train,8746_-14456
13000020688912,train,8624_-14493
13000020692463,train,8746_-14456
13000020693554,train,8624_-14493
13000020698669,train,8624_-14493
13000020703790,train,8624_-14493
13000020718529,train,8791_-14426
13000020723582,train,8791_-14426
13000020728224,train,8791_-14426
13000020733293,train,8791_-14426
13000020738374,train,8791_-14426
13000020759443,val,8568_-14514
13000020761745,train,8854_-14414
13000020764796,val,8568_-14514
13000020766534,train,8854_-14414
13000020769663,val,8568_-14514
13000020771326,train,8854_-14414
13000020774529,val,8568_-14514
13000020776584,train,8854_-14414
13000020779392,val,8568_-14514
13000020781369,train,8854_-14414
13000020783904,train,8624_-14492
13000020784745,val,8568_-14514
13000020788556,train,8624_-14492
13000020789612,val,8568_-14514
13000020793675,train,8624_-14492
13000020794479,val,8568_-14514
13000020798788,train,8624_-14492
13000020799348,val,8568_-14514
13000020803905,train,8624_-14492
13000020804708,val,8568_-14514
13000020858252,train,8729_-14469
13000020863508,train,8729_-14469
13000020868287,train,8729_-14469
13000020872081,train,8746_-14457
13000020873068,train,8729_-14469
13000020877447,train,8746_-14457
13000020878330,train,8729_-14469
13000020882313,train,8746_-14457
13000020883117,train,8729_-14469
13000020887184,train,8746_-14457
13000020888383,train,8729_-14469
13000020892056,train,8746_-14457
13000020893173,train,8729_-14469
13000020898439,train,8729_-14469
13000020913292,train,8791_-14426
13000020918227,train,8791_-14426
13000020923619,train,8791_-14426
13000020928563,train,8791_-14426
13000020933519,train,8791_-14426
13000020954469,val,8568_-14514
13000020959724,val,8568_-14514
13000020961476,train,8855_-14414
13000020964499,val,8568_-14514
13000020966685,train,8855_-14414
13000020969750,val,8568_-14514
13000020971422,train,8855_-14414
13000020974521,val,8568_-14514
13000020976641,train,8855_-14414
13000020978363,train,8791_-14426
13000020978970,train,8623_-14492
13000020981391,train,8855_-14414
13000020983374,train,8791_-14426
13000020983570,train,8623_-14492
13000020988384,train,8791_-14426
13000020988627,train,8623_-14492
13000020993407,train,8791_-14426
13000020993687,train,8623_-14492
13000020998432,train,8791_-14426
13000020998744,train,8623_-14492
13000021003460,train,8791_-14426
13000021008498,train,8791_-14426
13000021059479,val,8568_-14514
13000021064733,val,8568_-14514
13000021069508,val,8568_-14514
13000021072062,train,8745_-14457
13000021073452,train,8729_-14469
13000021074762,val,8568_-14514
13000021077441,train,8745_-14457
13000021078262,train,8729_-14469
13000021079532,val,8568_-14514
13000021082330,train,8745_-14457
13000021084784,val,8568_-14514
13000021087217,train,8745_-14457
13000021088346,train,8729_-14469
13000021089553,val,8568_-14514
13000021092098,train,8745_-14457
13000021093147,train,8729_-14469
13000021094322,val,8568_-14514
13000021099567,val,8568_-14514
13000021104329,val,8568_-14514
13000021109569,val,8568_-14514
13000021113172,train,8792_-14426
13000021114332,val,8568_-14514
13000021118324,train,8792_-14426
13000021119574,val,8568_-14514
13000021123478,train,8792_-14426
13000021128639,train,8792_-14426
13000021133340,train,8792_-14426
13000021134352,val,8568_-14514
13000021139600,val,8568_-14514
13000021161478,train,8855_-14414
13000021166321,train,8855_-14414
13000021171646,train,8855_-14414
13000021176496,train,8855_-14414
13000021178950,train,8623_-14492
13000021181342,train,8855_-14414
13000021184000,train,8623_-14492
13000021188586,train,8623_-14492
13000021193623,train,8623_-14492
13000021194509,train,8567_-14514
13000021198659,train,8623_-14492
13000021199763,train,8567_-14514
13000021204541,train,8567_-14514
13000021209317,train,8567_-14514
13000021214568,train,8567_-14514
13000021218392,train,8729_-14469
13000021219342,train,8567_-14514
13000021223178,train,8729_-14469
13000021224598,train,8567_-14514
13000021228439,train,8729_-14469
13000021233221,train,8729_-14469
13000021238477,train,8729_-14469
13000021249434,train,8567_-14513
13000021254685,train,8567_-14513
13000021259464,train,8567_-14513
13000021313236,train,8792_-14426
13000021318544,train,8792_-14426
13000021323371,train,8792_-14426
13000021328207,train,8792_-14426
13000021333532,train,8792_-14426
13000021343345,train,8728_-14468
13000021348112,train,8728_-14468
13000021353354,train,8728_-14468
13000021358121,train,8728_-14468
13000021361496,train,8856_-14414
13000021363362,train,8728_-14468
13000021366331,train,8856_-14414
13000021371650,train,8856_-14414
13000021376485,train,8856_-14414
13000021378803,train,8622_-14492
13000021381314,train,8856_-14414
13000021383896,train,8622_-14491
13000021388990,train,8622_-14491
13000021389602,train,8567_-14513
13000021393362,train,8728_-14468
13000021393626,train,8622_-14491
13000021394381,train,8567_-14513
13000021398123,train,8728_-14468
13000021398729,train,8622_-14491
13000021399644,train,8567_-14513
13000021400191,test,8896_-14328
13000021403361,train,8728_-14468
13000021404427,train,8567_-14513
13000021404838,test,8896_-14328
13000021408120,train,8728_-14468
13000021409696,train,8567_-14513
13000021409913,test,8896_-14328
13000021413358,train,8728_-14468
13000021414485,train,8567_-14513
13000021414975,test,8896_-14328
13000021418120,train,8728_-14468
13000021419753,train,8567_-14513
13000021420028,test,8896_-14328
13000021423357,train,8728_-14468
13000021424544,train,8567_-14513
13000021425071,test,8896_-14328
13000021428119,train,8728_-14468
13000021429331,train,8567_-14513
13000021430106,test,8896_-14328
13000021433363,train,8728_-14468
13000021434599,train,8567_-14513
13000021435135,test,8896_-14328
13000021438130,train,8728_-14468
13000021439385,train,8567_-14513
13000021440162,test,8896_-14328
13000021443375,train,8728_-14468
13000021445190,test,8896_-14328
13000021477371,train,8744_-14458
13000021479393,train,8567_-14513
13000021482284,train,8744_-14458
13000021484604,train,8567_-14513
13000021487187,train,8744_-14458
13000021489334,train,8567_-14513
13000021492091,train,8744_-14458
13000021494531,train,8567_-14513
13000021497480,train,8744_-14458
13000021499720,train,8567_-14513
13000021502382,train,8744_-14458
13000021504432,train,8567_-14513
13000021507278,train,8744_-14458
13000021509605,train,8567_-14513
13000021512170,train,8744_-14458
13000021514771,train,8567_-14513
13000021517069,train,8744_-14458
13000021518496,train,8793_-14426
13000021519465,train,8567_-14513
13000021522454,train,8744_-14458
13000021523396,train,8793_-14426
13000021524626,train,8566_-14513
13000021527358,train,8744_-14458
13000021528294,train,8793_-14426
13000021529317,train,8566_-14513
13000021532258,train,8744_-14458
13000021533183,train,8793_-14426
13000021534475,train,8566_-14513
13000021537163,train,8744_-14458
13000021538553,train,8793_-14426
13000021539631,train,8566_-14513
13000021542069,train,8744_-14458
13000021547463,train,8744_-14458
13000021552365,train,8744_-14458
13000021557262,train,8744_-14458
13000021562164,train,8744_-14458
13000021566391,train,8856_-14414
13000021567062,train,8744_-14458
13000021571660,train,8856_-14414
13000021572443,train,8744_-14458
13000021576439,train,8856_-14414
13000021577328,train,8744_-14458
13000021581706,train,8856_-14414
13000021582213,train,8744_-14458
13000021583902,train,8622_-14491
13000021586487,train,8856_-14414
13000021587097,train,8744_-14458
13000021588557,train,8622_-14491
13000021591748,train,8856_-14414
13000021592461,train,8744_-14458
13000021593680,train,8622_-14491
13000021596532,train,8856_-14414
13000021598789,train,8622_-14491
13000021600079,train,8896_-14327
13000021601313,train,8856_-14414
13000021603906,train,8622_-14491
13000021605176,train,8896_-14327
13000021606579,train,8856_-14413
13000021609850,train,8896_-14327
13000021611358,train,8856_-14413
13000021614950,train,8896_-14327
13000021616618,train,8856_-14413
13000021620041,train,8896_-14327
13000021621396,train,8856_-14413
13000021623285,train,8793_-14425
13000021625122,train,8896_-14327
13000021628332,train,8793_-14425
13000021630190,train,8896_-14327
13000021633355,train,8793_-14425
13000021635245,train,8897_-14327
13000021638352,train,8793_-14425
13000021643326,train,8793_-14425
13000021648269,train,8793_-14425
13000021653181,train,8793_-14425
13000021658501,train,8793_-14425
13000021663350,train,8793_-14425
13000021668603,train,8793_-14425
13000021673378,train,8793_-14425
13000021673432,train,8728_-14467
13000021677226,train,8744_-14458
13000021678242,train,8728_-14467
13000021682102,train,8744_-14458
13000021683057,train,8728_-14467
13000021687463,train,8744_-14458
13000021688350,train,8728_-14467
13000021692339,train,8744_-14458
13000021693171,train,8728_-14467
13000021697210,train,8744_-14458
13000021718370,train,8793_-14425
13000021718931,val,8621_-14491
13000021723526,train,8793_-14425
13000021723991,val,8621_-14491
13000021728227,train,8793_-14425
13000021728593,val,8621_-14491
13000021733276,train,8793_-14425
13000021733661,val,8621_-14491
13000021738301,train,8793_-14425
13000021738729,val,8621_-14491
13000021743797,val,8621_-14491
13000021748865,val,8621_-14491
13000021749444,train,8566_-14513
13000021753940,val,8621_-14491
13000021754625,train,8566_-14513
13000021758552,val,8621_-14491
13000021759333,train,8566_-14513
13000021761663,train,8857_-14413
13000021763624,val,8621_-14491
13000021764509,train,8566_-14513
13000021766440,train,8857_-14413
13000021769685,train,8566_-14513
13000021771695,train,8857_-14413
13000021774390,train,8566_-14513
13000021776472,train,8857_-14413
13000021779562,train,8566_-14513
13000021781731,train,8857_-14413
13000021809656,train,8566_-14513
13000021814361,train,8566_-14513
13000021818048,train,8727_-14467
13000021819536,train,8566_-14513
13000021823354,train,8727_-14467
13000021824708,train,8566_-14513
13000021828179,train,8727_-14467
13000021829411,train,8566_-14513
13000021833486,train,8727_-14467
13000021834578,train,8566_-14513
13000021838315,train,8727_-14467
13000021839749,train,8566_-14513
13000021843143,train,8727_-14467
13000021844447,train,8566_-14513
13000021849616,train,8566_-14513
13000021854314,train,8566_-14513
13000021859480,train,8566_-14513
13000021864649,train,8566_-14513
13000021872117,val,8743_-14459
13000021877012,val,8743_-14459
13000021882384,val,8743_-14459
13000021887278,val,8743_-14459
13000021889899,train,8897_-14326
13000021892169,val,8743_-14459
13000021895145,train,8897_-14326
13000021900056,train,8897_-14326
13000021905007,train,8897_-14326
13000021909998,train,8897_-14326
13000021915013,train,8897_-14326
13000021918390,train,8794_-14425
13000021920054,train,8897_-14326
13000021923288,train,8794_-14425
13000021925104,train,8897_-14326
13000021928182,train,8794_-14425
13000021930156,train,8897_-14326
13000021932178,val,8743_-14459
13000021933486,train,8794_-14425
13000021935214,train,8897_-14326
13000021937064,val,8743_-14459
13000021938374,train,8794_-14425
13000021939886,train,8897_-14326
13000021942443,val,8743_-14459
13000021944956,train,8897_-14326
13000021947333,val,8743_-14459
13000021949648,train,8565_-14513
13000021952218,val,8743_-14459
13000021953297,train,8727_-14466
13000021954421,train,8565_-14513
13000021956453,train,8857_-14413
13000021957109,val,8743_-14459
13000021958140,train,8727_-14466
13000021959683,train,8565_-14513
13000021961719,train,8857_-14413
13000021962481,val,8743_-14459
13000021963480,train,8727_-14466
13000021964476,train,8565_-14513
13000021966515,train,8857_-14413
13000021967368,val,8743_-14459
13000021968347,train,8727_-14466
13000021968685,val,8621_-14491
13000021969762,train,8565_-14513
13000021971780,train,8857_-14413
13000021972256,val,8743_-14459
13000021973188,train,8727_-14466
13000021973724,val,8621_-14491
13000021976572,train,8857_-14413
13000021977138,val,8743_-14459
13000021978049,train,8727_-14466
13000021978766,val,8621_-14491
13000021981361,train,8857_-14413
13000021982030,val,8743_-14459
13000022061383,train,8858_-14413
13000022066659,train,8858_-14413
13000022071462,train,8858_-14413
13000022072146,val,8743_-14459
13000022076739,train,8858_-14413
13000022077030,val,8743_-14459
13000022081538,train,8858_-14413
13000022082387,val,8743_-14459
13000022086338,train,8858_-14413
13000022087254,val,8743_-14459
13000022091611,train,8858_-14413
13000022092113,val,8743_-14459
13000022096402,train,8858_-14413
13000022101669,train,8858_-14413
13000022106456,train,8858_-14413
13000022118376,test,8795_-14425
13000022123294,test,8795_-14425
13000022124680,test,8565_-14514
13000022128210,test,8795_-14425
13000022129555,test,8565_-14514
13000022133543,test,8795_-14425
13000022134423,test,8565_-14514
13000022137371,val,8743_-14459
13000022138466,test,8795_-14425
13000022139775,test,8565_-14514
13000022141357,train,8858_-14413
13000022142234,val,8743_-14459
13000022143394,test,8795_-14425
13000022144634,test,8565_-14514
13000022146612,train,8858_-14413
13000022148316,test,8795_-14425
13000022149485,test,8565_-14514
13000022151397,train,8858_-14413
13000022153237,test,8795_-14425
13000022154339,test,8565_-14514
13000022156657,train,8858_-14413
13000022158563,test,8795_-14425
13000022159678,test,8565_-14514
13000022161444,train,8858_-14413
13000022164537,test,8565_-14514
13000022166708,train,8858_-14413
13000022169396,test,8565_-14514
13000022171500,train,8858_-14413
13000022173621,train,8620_-14491
13000022176771,train,8858_-14413
13000022178665,train,8620_-14491
13000022181562,train,8858_-14413
13000022183714,train,8620_-14491
13000022188761,train,8620_-14491
13000022193806,train,8620_-14491
13000022223375,test,8795_-14425
13000022228301,test,8795_-14425
13000022233249,test,8795_-14425
13000022238220,test,8795_-14425
13000022243200,test,8795_-14425
13000022248190,test,8795_-14425
13000022253172,test,8795_-14425
13000022258575,test,8795_-14425
13000022263551,test,8795_-14425
13000022268533,test,8795_-14425
13000022272313,val,8742_-14460
13000022273508,test,8795_-14425
13000022276455,train,8858_-14412
13000022277111,val,8742_-14460
13000022278480,test,8795_-14425
13000022281659,train,8858_-14412
13000022282400,val,8742_-14460
13000022286387,train,8858_-14412
13000022287210,val,8742_-14460
13000022291594,train,8858_-14412
13000022292021,val,8742_-14460
13000022296322,train,8858_-14412
13000022301528,train,8858_-14412
13000022306729,train,8858_-14412
13000022311464,train,8858_-14412
13000022316671,train,8858_-14412
13000022321403,train,8858_-14412
13000022323419,test,8795_-14425
13000022326616,train,8858_-14412
13000022328350,test,8795_-14425
13000022328591,val,8619_-14491
13000022333271,test,8795_-14425
13000022333998,val,8619_-14491
13000022338192,test,8795_-14425
13000022343518,test,8795_-14425
13000022347264,val,8742_-14460
13000022352066,val,8742_-14460
13000022354745,train,8564_-14514
13000022357347,val,8742_-14460
13000022359568,train,8564_-14514
13000022362156,val,8742_-14460
13000022364392,train,8564_-14514
13000022364841,train,8897_-14325
13000022367442,val,8742_-14460
13000022368545,test,8795_-14425
13000022369692,train,8564_-14514
13000022370106,train,8897_-14325
13000022372249,val,8742_-14460
13000022373473,test,8795_-14425
13000022373877,val,8619_-14491
13000022374513,train,8564_-14514
13000022375016,train,8897_-14324
13000022377059,val,8742_-14460
13000022378402,test,8795_-14425
13000022378894,val,8619_-14491
13000022379337,train,8564_-14514
13000022379938,train,8897_-14324
13000022381529,val,8859_-14412
13000022382348,val,8742_-14460
13000022383329,test,8795_-14425
13000022383919,val,8619_-14491
13000022384641,train,8564_-14514
13000022384871,train,8897_-14324
13000022387166,val,8742_-14460
13000022388254,test,8795_-14425
13000022388947,val,8619_-14491
13000022389466,train,8564_-14514
13000022390197,train,8897_-14324
13000022392464,val,8742_-14460
13000022393176,test,8795_-14425
13000022393988,val,8619_-14491
13000022394766,train,8564_-14514
13000022395151,train,8897_-14324
13000022397292,val,8742_-14460
13000022398520,test,8795_-14425
13000022399585,train,8564_-14514
13000022400109,train,8897_-14324
13000022402122,val,8742_-14460
13000022403446,test,8795_-14425
13000022404399,train,8564_-14514
13000022407437,val,8742_-14460
13000022409691,train,8564_-14514
13000022412272,val,8742_-14460
13000022413306,test,8795_-14425
13000022414503,train,8564_-14514
13000022416666,val,8859_-14412
13000022417107,val,8742_-14460
13000022418240,test,8795_-14425
13000022419793,train,8564_-14514
13000022421429,val,8859_-14412
13000022422438,val,8742_-14460
13000022423179,test,8795_-14425
13000022424601,train,8564_-14514
13000022426675,val,8859_-14412
13000022427284,val,8742_-14460
13000022428524,test,8795_-14425
13000022428961,val,8619_-14491
13000022431457,val,8859_-14412
13000022432140,val,8742_-14460
13000022433466,test,8795_-14425
13000022433571,val,8619_-14491
13000022436711,val,8859_-14412
13000022437485,val,8742_-14460
13000022438401,test,8795_-14425
13000022438644,val,8619_-14491
13000022441492,val,8859_-14412
13000022442354,val,8742_-14460
13000022443340,test,8795_-14425
13000022443718,val,8619_-14491
13000022446743,val,8859_-14412
13000022447228,val,8742_-14460
13000022448276,test,8795_-14425
13000022448792,val,8619_-14491
13000022451520,val,8859_-14412
13000022452102,val,8742_-14460
13000022453209,test,8795_-14425
13000022453870,val,8619_-14491
13000022456778,val,8859_-14412
13000022457479,val,8742_-14460
13000022458556,test,8795_-14425
13000022458943,val,8619_-14491
13000022461559,val,8859_-14412
13000022462365,val,8742_-14460
13000022463561,val,8619_-14491
13000022467262,val,8742_-14460
13000022468641,val,8619_-14491
13000022472161,val,8742_-14460
13000022473724,val,8619_-14491
13000022477054,val,8742_-14460
13000022478813,val,8619_-14491
13000022482442,val,8742_-14460
13000022487336,val,8742_-14460
13000022513596,val,8619_-14491
13000022518431,train,8796_-14425
13000022518710,val,8619_-14491
13000022523397,train,8796_-14425
13000022523830,val,8619_-14491
13000022528368,train,8796_-14425
13000022528946,val,8619_-14491
13000022533339,train,8796_-14425
13000022533601,val,8619_-14491
13000022538315,train,8796_-14425
13000022538716,val,8619_-14491
13000022543832,val,8619_-14491
13000022548948,val,8619_-14491
13000022552298,val,8742_-14461
13000022553591,val,8619_-14491
13000022557172,val,8742_-14461
13000022558192,train,8796_-14425
13000022558709,val,8619_-14491
13000022559340,train,8564_-14514
13000022562050,val,8742_-14461
13000022563567,train,8796_-14425
13000022564608,train,8564_-14514
13000022567412,val,8742_-14461
13000022568529,train,8796_-14425
13000022569397,train,8564_-14514
13000022572292,val,8742_-14461
13000022573489,train,8796_-14425
13000022574667,train,8564_-14514
13000022577166,val,8742_-14461
13000022578440,train,8796_-14425
13000022581661,val,8859_-14412
13000022582037,val,8742_-14461
13000022583398,train,8796_-14425
13000022586415,val,8859_-14412
13000022587399,val,8742_-14461
13000022588354,train,8796_-14425
13000022591632,val,8859_-14412
13000022592273,val,8742_-14461
13000022593315,train,8796_-14425
13000022596352,val,8859_-14412
13000022597150,val,8742_-14461
13000022598281,train,8796_-14425
13000022601519,val,8859_-14412
13000022602020,val,8742_-14461
13000022606666,val,8859_-14412
13000022607377,val,8742_-14461
13000022611323,val,8859_-14412
13000022612240,val,8742_-14461
13000022616436,val,8859_-14412
13000022617109,val,8742_-14461
13000022618756,val,8619_-14491
13000022621518,val,8859_-14412
13000022622461,val,8742_-14461
13000022623879,val,8619_-14491
13000022626585,val,8859_-14412
13000022627325,val,8742_-14461
13000022629000,val,8619_-14491
13000022631619,val,8859_-14412
13000022632191,val,8742_-14461
13000022633655,val,8619_-14491
13000022637052,val,8742_-14461
13000022638783,val,8619_-14491
13000022643910,val,8619_-14491
13000022648242,train,8796_-14425
13000022648578,val,8619_-14491
13000022653193,train,8796_-14425
13000022653709,val,8619_-14491
13000022658559,train,8796_-14425
13000022658841,val,8619_-14491
13000022663515,train,8796_-14425
13000022663970,val,8619_-14491
13000022668473,train,8796_-14425
13000022668633,val,8619_-14491
13000022673438,train,8796_-14425
13000022677487,val,8742_-14461
13000022678406,train,8796_-14425
13000022682367,val,8742_-14461
13000022683376,train,8796_-14425
13000022687249,val,8742_-14461
13000022692128,val,8742_-14461
13000022697492,val,8742_-14461
13000022702368,val,8742_-14461
13000022707241,val,8742_-14461
13000022718235,train,8796_-14425
13000022723220,train,8796_-14425
13000022728204,train,8796_-14425
13000022733188,train,8796_-14425
13000022738173,train,8796_-14425
13000022761377,train,8860_-14412
13000022766732,train,8860_-14412
13000022771634,train,8860_-14412
13000022776534,train,8860_-14412
13000022781441,train,8860_-14412
13000022856523,train,8860_-14411
13000022861449,train,8860_-14411
13000022866378,train,8860_-14411
13000022871747,train,8860_-14411
13000022876683,train,8860_-14411
13000022881614,train,8860_-14411
13000022886534,train,8860_-14411
13000022891459,train,8860_-14411
13000022896383,train,8860_-14411
13000022901752,train,8860_-14411
13000022906680,train,8860_-14411
13000022909605,train,8563_-14514
13000022911606,train,8860_-14411
13000022914742,train,8563_-14514
13000022918260,train,8797_-14426
13000022919411,train,8563_-14514
13000022923205,train,8797_-14426
13000022924547,train,8563_-14514
13000022928558,train,8797_-14426
13000022929685,train,8563_-14514
13000022933506,train,8797_-14426
13000022934357,train,8563_-14514
13000022938456,train,8797_-14426
13000022939501,train,8563_-14514
13000022954506,train,8563_-14514
13000022959677,train,8563_-14514
13000022961698,train,8860_-14411
13000022964383,train,8563_-14514
13000022966594,train,8860_-14411
13000022969565,train,8563_-14514
13000022971484,train,8860_-14411
13000022974760,train,8563_-14514
13000022976383,train,8860_-14411
13000022979490,train,8563_-14514
13000022981717,train,8860_-14411
13000023154327,val,8562_-14513
13000023159596,val,8562_-14513
13000023164386,val,8562_-14513
13000023169651,val,8562_-14513
13000023174438,val,8562_-14513
13000023189748,val,8562_-14513
13000023194538,val,8562_-14513
13000023199334,val,8562_-14513
13000023204616,val,8562_-14513
13000023209425,val,8562_-14513
13000023214713,val,8562_-14513
13000023219518,val,8562_-14513
13000023224323,val,8562_-14513
13000023226310,train,8860_-14410
13000023229604,val,8562_-14513
13000023231454,train,8860_-14410
13000023234408,val,8562_-14513
13000023236598,train,8860_-14410
13000023239695,val,8562_-14513
13000023241317,train,8860_-14410
13000023244494,val,8562_-14513
13000023246462,train,8860_-14410
13000023249776,val,8562_-14513
13000023251611,train,8860_-14410
13000023254582,val,8562_-14513
13000023256337,train,8860_-14410
13000023261496,train,8860_-14410
13000023354775,test,8561_-14513
13000023359533,test,8561_-14513
13000023361459,val,8860_-14409
13000023364758,test,8561_-14513
13000023366736,val,8860_-14409
13000023369507,test,8561_-14513
13000023371577,val,8860_-14409
13000023374726,test,8561_-14513
13000023376415,val,8860_-14409
13000023416656,val,8860_-14409
13000023421528,val,8860_-14409
13000023426410,val,8860_-14409
13000023431724,val,8860_-14409
13000023436596,val,8860_-14409
13000023441471,val,8860_-14409
13000023446345,val,8860_-14409
13000023451672,val,8860_-14409
13000023456554,val,8860_-14409
13000023461441,val,8860_-14409
13000023554375,test,8561_-14513
13000023559601,test,8561_-14513
13000023561551,val,8860_-14409
13000023564358,test,8561_-14513
13000023566488,val,8860_-14409
13000023569579,test,8561_-14513
13000023571414,val,8860_-14409
13000023574335,test,8561_-14513
13000023576332,val,8860_-14409
13000023581700,val,8860_-14409
13000023754641,val,8560_-14513
13000023756335,train,8860_-14408
13000023759470,val,8560_-14513
13000023761652,train,8860_-14408
13000023764783,val,8560_-14513
13000023766531,train,8860_-14408
13000023769617,val,8560_-14513
13000023771401,train,8860_-14408
13000023774455,val,8560_-14513
13000023875105,train,8899_-14319
13000023879871,train,8899_-14319
13000023885014,train,8899_-14319
13000023890138,train,8899_-14319
13000023894860,train,8899_-14319
13000023899970,train,8899_-14319
13000023931576,test,8861_-14408
13000023936479,test,8861_-14408
13000023941382,test,8861_-14408
13000023946731,test,8861_-14408
13000023951638,test,8861_-14408
13000023954660,train,8560_-14512
13000023956537,test,8861_-14408
13000023959448,train,8560_-14512
13000023961440,test,8861_-14408
13000023964718,train,8560_-14512
13000023966341,test,8861_-14408
13000023969505,train,8560_-14512
13000023971688,test,8861_-14408
13000023974774,train,8560_-14512
13000023975143,train,8899_-14319
13000023976585,test,8861_-14408
13000023980045,train,8899_-14319
13000023981481,test,8861_-14408
13000023984918,train,8899_-14319
13000023990122,train,8899_-14319
13000023994913,train,8899_-14319
13000024000031,train,8899_-14319
13000024005089,train,8899_-14319
13000024010060,train,8899_-14319
13000024014908,train,8899_-14319
13000024019982,train,8899_-14319
13000024024931,train,8899_-14319
13000024026749,train,8861_-14407
13000024030074,train,8899_-14319
13000024031636,train,8861_-14407
13000024035048,train,8899_-14319
13000024036519,train,8861_-14407
13000024039873,train,8899_-14319
13000024041408,train,8861_-14407
13000024045115,train,8899_-14319
13000024046742,train,8861_-14407
13000024049924,train,8899_-14319
13000024051640,train,8861_-14407
13000024054934,train,8899_-14319
13000024056546,train,8861_-14407
13000024059918,train,8899_-14319
13000024061446,train,8861_-14407
13000024064901,train,8899_-14319
13000024066352,train,8861_-14407
13000024071705,train,8861_-14407
13000024076624,train,8861_-14407
13000024081541,train,8861_-14407
13000024154434,train,8559_-14512
13000024159686,train,8559_-14512
13000024164463,train,8559_-14512
13000024166527,train,8861_-14407
13000024169723,train,8559_-14512
13000024171443,train,8861_-14407
13000024174507,train,8559_-14512
13000024176353,train,8862_-14407
13000024181716,train,8862_-14407
13000024186629,train,8862_-14407
13000024191544,train,8862_-14407
13000024196456,train,8862_-14407
13000024201361,train,8862_-14407
13000024206711,train,8862_-14407
13000024211605,train,8862_-14407
13000024216491,train,8862_-14407
13000024221365,train,8862_-14407
13000024246533,train,8862_-14407
13000024251373,train,8862_-14407
13000024256638,train,8862_-14407
13000024261456,train,8862_-14407
13000024266705,train,8862_-14407
13000024271514,train,8862_-14407
13000024276312,train,8862_-14407
13000024354336,train,8559_-14512
13000024359607,train,8559_-14512
13000024364392,train,8559_-14512
13000024366487,train,8862_-14407
13000024369662,train,8559_-14512
13000024371724,train,8862_-14407
13000024374456,train,8559_-14512
13000024376520,train,8862_-14407
13000024381314,train,8862_-14407
13000024386538,train,8862_-14407
13000024554378,train,8558_-14512
13000024559702,train,8558_-14512
13000024561495,test,8863_-14407
13000024564549,train,8558_-14512
13000024566439,test,8863_-14407
13000024569399,train,8558_-14512
13000024571363,test,8863_-14407
13000024574737,train,8558_-14512
13000024576722,test,8863_-14407
13000024579595,train,8558_-14512
13000024581617,test,8863_-14407
13000024584454,train,8558_-14512
13000024744438,train,8558_-14512
13000024749760,train,8558_-14512
13000024754602,train,8558_-14512
13000024759447,train,8558_-14512
13000024761409,test,8863_-14407
13000024764777,train,8558_-14512
13000024766387,test,8863_-14407
13000024771356,test,8863_-14407
13000024776341,test,8863_-14407
13000024781328,test,8863_-14407
13000024954450,test,8557_-14512
13000024959708,test,8557_-14512
13000024964488,test,8557_-14512
13000024969741,test,8557_-14512
13000024974517,test,8557_-14512
13000025131459,train,8864_-14408
13000025136603,train,8864_-14408
13000025141314,train,8864_-14408
13000025146458,train,8864_-14408
13000025151590,train,8864_-14408
13000025156729,train,8864_-14408
13000025161433,train,8864_-14408
13000025166566,train,8864_-14408
13000025171697,train,8864_-14408
13000025176399,train,8864_-14408
13000025181534,train,8864_-14408
13000025361726,train,8865_-14408
13000025364712,test,8556_-14512
13000025366577,train,8865_-14408
13000025369498,test,8556_-14512
13000025371429,train,8865_-14408
13000025376732,train,8865_-14408
13000025381587,train,8865_-14408
13000025549313,train,8555_-14512
13000025554524,train,8555_-14512
13000025559740,train,8555_-14512
13000025564487,train,8555_-14512
13000025569709,train,8555_-14512
13000025749366,train,8555_-14512
13000025754593,train,8555_-14512
13000025759336,train,8555_-14512
13000025764548,train,8555_-14512
13000025769757,train,8555_-14512
13000025949695,train,8554_-14512
13000025954544,train,8554_-14512
13000025956609,train,8866_-14407
13000025959397,train,8554_-14512
13000025961369,train,8866_-14407
13000025964739,train,8554_-14512
13000025966585,train,8866_-14407
13000025969596,train,8554_-14512
13000025971393,train,8866_-14407
13000025976647,train,8866_-14407
13000026121310,train,8867_-14407
13000026126604,train,8867_-14407
13000026131459,train,8867_-14407
13000026136313,train,8867_-14407
13000026141604,train,8867_-14407
13000026146457,train,8867_-14407
13000026149516,train,8554_-14513
13000026151746,train,8867_-14407
13000026154730,train,8554_-14513
13000026156599,train,8867_-14407
13000026159470,train,8553_-14513
13000026161450,train,8867_-14407
13000026164684,train,8553_-14513
13000026166746,train,8867_-14407
13000026169424,train,8553_-14513
13000026171601,train,8867_-14407
13000026176460,train,8867_-14407
13000026181326,train,8867_-14407
13000026349372,train,8553_-14513
13000026354604,train,8553_-14513
13000026359366,train,8553_-14513
13000026364604,train,8553_-14513
13000026369372,train,8553_-14513
13000026381569,test,8868_-14406
13000026549537,train,8552_-14513
13000026554323,train,8552_-14513
13000026559588,train,8552_-14513
13000026561343,test,8868_-14406
13000026564379,train,8552_-14513
13000026566666,test,8868_-14406
13000026569653,train,8552_-14513
13000026571548,test,8868_-14406
13000026576431,test,8868_-14406
13000026581315,test,8868_-14406
13000026749645,train,8552_-14513
13000026754437,train,8552_-14513
13000026759706,train,8552_-14513
13000026761414,train,8869_-14406
13000026764499,train,8552_-14513
13000026766695,train,8869_-14406
13000026769769,train,8552_-14513
13000026771540,train,8869_-14406
13000026776381,train,8869_-14406
13000026781671,train,8869_-14406
13000026789385,train,8552_-14513
13000026794635,train,8552_-14513
13000026799405,train,8552_-14513
13000026804650,train,8552_-14513
13000026809407,train,8552_-14513
13000026814636,train,8552_-14513
13000026819385,train,8552_-14513
13000026824608,train,8552_-14513
13000026949660,train,8551_-14513
13000026954429,train,8551_-14513
13000026959680,train,8551_-14513
13000026961444,train,8869_-14407
13000026964458,train,8551_-14513
13000026966739,train,8869_-14407
13000026969721,train,8551_-14513
13000026971587,train,8869_-14407
13000026976432,train,8869_-14407
13000026981721,train,8869_-14407
13000027149558,train,8551_-14513
13000027154374,train,8551_-14513
13000027159675,train,8551_-14513
13000027161333,train,8870_-14407
13000027164496,train,8551_-14513
13000027166600,train,8870_-14407
13000027169317,train,8551_-14513
13000027171418,train,8870_-14407
13000027176682,train,8870_-14407
13000027181502,train,8870_-14407
13000027296412,train,8870_-14407
13000027301683,train,8870_-14407
13000027306518,train,8870_-14407
13000027311350,train,8870_-14407
13000027316631,train,8870_-14407
13000027321464,train,8870_-14407
13000027326743,train,8870_-14407
13000027331582,train,8870_-14407
13000027336428,train,8870_-14407
13000027341723,train,8870_-14407
13000027349315,test,8550_-14513
13000027354577,test,8550_-14513
13000027359357,test,8550_-14513
13000027361637,train,8870_-14407
13000027364616,test,8550_-14513
13000027366515,train,8870_-14407
13000027369396,test,8550_-14513
13000027371396,train,8870_-14407
13000027376723,train,8870_-14407
13000027381606,train,8870_-14407
13000027549709,test,8550_-14513
13000027554452,test,8550_-14513
13000027561312,test,8871_-14407
13000027566698,test,8871_-14407
13000027571637,test,8871_-14407
13000027576567,test,8871_-14407
13000027581502,test,8871_-14407
13000027749578,train,8549_-14513
13000027754351,train,8549_-14513
13000027759603,train,8549_-14513
13000027761547,test,8871_-14407
13000027764377,train,8549_-14513
13000027766477,test,8871_-14407
13000027769631,train,8549_-14513
13000027771409,test,8871_-14407
13000027776334,test,8871_-14407
13000027781713,test,8871_-14407
13000027806346,train,8872_-14407
13000027811714,train,8872_-14407
13000027816639,train,8872_-14407
13000027821560,train,8872_-14407
13000027826484,train,8872_-14407
13000027831403,train,8872_-14407
13000027836321,train,8872_-14407
13000027841683,train,8872_-14407
13000027846594,train,8872_-14407
13000027949395,train,8548_-14513
13000027954738,train,8548_-14513
13000027959591,train,8548_-14513
13000027961410,train,8872_-14406
13000027964439,train,8548_-14513
13000027966646,train,8872_-14406
13000027969771,train,8548_-14513
13000027971431,train,8872_-14406
13000027976657,train,8872_-14406
13000027981438,train,8872_-14406
13000028144363,train,8548_-14514
13000028149615,train,8548_-14514
13000028154391,train,8548_-14514
13000028159641,train,8548_-14514
13000028161355,train,8873_-14406
13000028164412,train,8548_-14514
13000028166610,train,8873_-14406
13000028171425,train,8873_-14406
13000028176684,train,8873_-14406
13000028181505,train,8873_-14406
13000028344671,train,8547_-14514
13000028349391,train,8547_-14514
13000028354588,train,8547_-14514
13000028359318,train,8547_-14514
13000028361698,train,8873_-14406
13000028364527,train,8547_-14514
13000028366619,train,8873_-14406
13000028371550,train,8873_-14406
13000028376477,train,8873_-14406
13000028381405,train,8873_-14406
13000028561724,train,8874_-14405
13000028566617,train,8874_-14405
13000028571513,train,8874_-14405
13000028576401,train,8874_-14405
13000028581739,train,8874_-14405
13000028761534,train,8874_-14405
13000028766371,train,8874_-14405
13000028771637,train,8874_-14405
13000028776464,train,8874_-14405
13000028781731,train,8874_-14405
13000028936606,train,8874_-14405
13000028941371,train,8874_-14405
13000028946566,train,8874_-14405
13000028951333,train,8874_-14405
13000028956536,train,8875_-14405
13000029126412,train,8875_-14404
13000029131680,train,8875_-14404
13000029136512,train,8875_-14404
13000029141347,train,8875_-14404
13000029146623,train,8875_-14404
13000029331318,test,8876_-14404
13000029336633,test,8876_-14404
13000029341500,test,8876_-14404
13000029346376,test,8876_-14404
13000029351691,test,8876_-14404
13000029511322,test,8876_-14404
13000029516647,test,8876_-14404
13000029521530,test,8876_-14404
13000029526410,test,8876_-14404
13000029531740,test,8876_-14404
13000029536625,test,8876_-14404
13000029541515,test,8876_-14404
13000029546415,test,8876_-14404
13000029551317,test,8876_-14404
13000029556673,test,8876_-14404
13000029561583,test,8876_-14404
13000029736318,train,8877_-14404
13000029741635,train,8877_-14404
13000029746505,train,8877_-14404
13000029751375,train,8877_-14404
13000029756690,train,8877_-14404
13000029801642,train,8877_-14404
13000029806469,train,8877_-14404
13000029811742,train,8877_-14404
13000029816566,train,8877_-14404
13000029821394,train,8877_-14404
13000029826659,train,8877_-14404
13000029831484,train,8877_-14404
13000029836312,train,8877_-14404
13000029841573,train,8877_-14404
13000029846398,train,8877_-14404
13000029851652,train,8877_-14404
13000029856465,train,8877_-14404
13000029936707,train,8877_-14404
13000029941522,train,8877_-14404
13000029946328,train,8877_-14404
13000029951579,train,8877_-14404
13000029956385,train,8877_-14404
13000029961626,train,8877_-14404
13000029966425,train,8877_-14404
13000029971659,train,8877_-14404
13000029976459,train,8877_-14404
13000029981694,train,8877_-14404
13000029986499,train,8877_-14404
13000029991741,train,8877_-14404
13000030136418,train,8878_-14403
13000030141727,train,8878_-14403
13000030146605,train,8878_-14403
13000030151483,train,8878_-14403
13000030156357,train,8878_-14403
13000030216628,train,8878_-14403
13000030221493,train,8878_-14403
13000030226356,train,8878_-14403
13000030231661,train,8878_-14403
13000030236523,train,8878_-14403
13000030241383,train,8878_-14403
13000030246675,train,8878_-14403
13000030251532,train,8878_-14403
13000030256391,train,8878_-14403
13000030261683,train,8878_-14403
13000030286435,train,8878_-14403
13000030291745,train,8878_-14403
13000030296610,train,8878_-14403
13000030301475,train,8878_-14403
13000030306333,train,8878_-14403
13000030311638,train,8878_-14403
13000030316491,train,8878_-14403
13000030321355,train,8878_-14403
13000030326657,train,8878_-14403
13000030331519,train,8878_-14403
13000030336386,train,8878_-14403
13000030341688,train,8878_-14403
13000030346555,train,8878_-14403
13000030351414,train,8878_-14403
13000030356726,train,8878_-14403
13000030481409,test,8879_-14403
13000030486726,test,8879_-14403
13000030491594,test,8879_-14403
13000030496463,test,8879_-14403
13000030501327,test,8879_-14403
13000030506633,test,8879_-14403
13000030511493,test,8879_-14403
13000030516349,test,8879_-14403
13000030521649,test,8879_-14403
13000030526504,test,8879_-14403
13000030531357,test,8879_-14403
13000030536647,test,8879_-14403
13000030541492,test,8879_-14403
13000030546339,test,8879_-14403
13000030551621,test,8879_-14403
13000030556467,test,8879_-14403
13000030561314,test,8879_-14403
13000030566612,test,8879_-14403
13000030571466,test,8879_-14403
13000030576324,test,8879_-14403
13000030581622,test,8879_-14403
13000030656717,val,8879_-14404
13000030661562,val,8879_-14404
13000030666400,val,8879_-14404
13000030671685,val,8879_-14404
13000030676517,val,8879_-14404
13000030681360,val,8879_-14404
13000030686653,val,8879_-14404
13000030691502,val,8879_-14404
13000030696350,val,8879_-14404
13000030701636,val,8879_-14404
13000030706488,val,8879_-14404
13000030736478,val,8880_-14404
13000030741332,val,8880_-14404
13000030746626,val,8880_-14404
13000030751485,val,8880_-14404
13000030756337,val,8880_-14404
13000030811728,val,8880_-14404
13000030816550,val,8880_-14404
13000030821381,val,8880_-14404
13000030826645,val,8880_-14404
13000030831477,val,8880_-14404
13000030836310,val,8880_-14404
13000030841579,val,8880_-14404
13000030846415,val,8880_-14404
13000030851691,val,8880_-14404
13000030856536,val,8880_-14404
13000030861383,val,8880_-14404
13000030866677,val,8880_-14404
13000030871527,val,8880_-14404
13000030876381,val,8880_-14404
13000030881686,val,8880_-14404
13000030886550,val,8880_-14404
13000030891421,val,8880_-14404
13000030896731,val,8880_-14404
13000030996523,val,8880_-14404
13000031001385,val,8880_-14404
13000031006697,val,8880_-14404
13000031011562,val,8880_-14404
13000031016429,val,8880_-14404
13000031021736,val,8880_-14404
13000031026606,val,8880_-14404
13000031031480,val,8880_-14404
13000031036351,val,8880_-14404
13000031041668,val,8880_-14404
13000031046533,val,8880_-14404
13000031051399,val,8880_-14404
13000031056720,val,8880_-14404
13000031061588,val,8880_-14404
13000031066453,val,8880_-14404
13000031071746,val,8880_-14404
13000031101713,test,8881_-14404
13000031106551,test,8881_-14404
13000031111390,test,8881_-14404
13000031116667,test,8881_-14404
13000031121499,test,8881_-14404
13000031126340,test,8881_-14404
13000031131609,test,8881_-14404
13000031136447,test,8881_-14404
13000031141713,test,8881_-14404
13000031146545,test,8881_-14404
13000031151371,test,8881_-14404
13000031156640,test,8881_-14404
13000031161468,test,8881_-14404
13000031166735,test,8881_-14404
13000031171565,test,8881_-14404
13000031176388,test,8881_-14404
13000031181659,test,8881_-14404
13000031186480,test,8881_-14404
13000031191750,test,8881_-14404
14000000005023,train,8802_-14634
14000000010120,train,8802_-14634
14000000010145,train,8572_-14512
14000000015099,train,8802_-14634
14000000015207,train,8572_-14512
14000000020009,train,8802_-14634
14000000020040,train,8571_-14512
14000000020088,train,8721_-14655
14000000020246,train,8572_-14512
14000000025004,train,8721_-14655
14000000025012,train,8802_-14634
14000000025144,train,8571_-14512
14000000025245,train,8572_-14512
14000000030004,train,8802_-14634
14000000030036,train,8571_-14512
14000000030151,train,8721_-14655
14000000035010,train,8802_-14634
14000000035060,train,8571_-14512
14000000035224,train,8898_-14641
14000000035262,train,8721_-14655
14000000040108,train,8571_-14512
14000000040118,train,8721_-14655
14000000040252,train,8898_-14641
14000000045076,train,8571_-14512
14000000045204,train,8732_-14463
14000000045215,train,8898_-14641
14000000045270,train,8721_-14655
14000000050002,train,8732_-14463
14000000050032,val,8984_-14625
14000000050046,train,8571_-14512
14000000050055,val,8730_-14463
14000000050063,train,8898_-14641
14000000050176,train,8721_-14655
14000000055064,train,8898_-14641
14000000055065,train,8732_-14463
14000000055096,train,8721_-14655
14000000055133,train,8571_-14512
14000000055167,val,8730_-14463
14000000055196,val,8984_-14625
14000000060101,val,8691_-14575
14000000060138,train,8732_-14463
14000000060156,val,8984_-14625
14000000060174,val,8730_-14463
14000000060209,train,8898_-14641
14000000065000,train,8695_-14478
14000000065001,train,8898_-14641
14000000065039,val,8691_-14575
14000000065072,train,8803_-14633
14000000065094,val,8730_-14463
14000000065117,train,8802_-14634
14000000070009,train,8803_-14633
14000000070010,train,8898_-14641
14000000070031,train,8802_-14634
14000000070063,test,8915_-14519
14000000070080,train,8695_-14478
14000000070121,val,8691_-14575
14000000075011,val,8730_-14463
14000000075018,train,8950_-14436
14000000075028,train,8803_-14633
14000000075057,train,8802_-14634
14000000075065,test,8839_-14500
14000000075070,train,8695_-14478
14000000075098,test,8915_-14519
14000000075226,train,8898_-14641
14000000080039,train,8898_-14641
14000000080057,train,8802_-14634
14000000080059,val,8730_-14463
14000000080061,train,8803_-14633
14000000080079,train,8571_-14512
14000000080098,train,8886_-14404
14000000080123,train,8950_-14436
14000000080199,train,8802_-14634
14000000085067,val,8730_-14463
14000000085076,train,8571_-14512
14000000085110,train,8802_-14634
14000000085149,train,8898_-14641
14000000085156,train,8950_-14436
14000000085267,train,8886_-14404
14000000090037,train,8912_-14519
14000000090048,train,8950_-14436
14000000090054,train,8572_-14512
14000000090073,train,8571_-14512
14000000090116,train,8886_-14404
14000000090228,test,8915_-14519
14000000095032,train,8571_-14512
14000000095033,train,8802_-14634
14000000095052,train,8910_-14633
14000000095065,train,8572_-14512
14000000095093,test,8915_-14519
14000000095098,train,8802_-14634
14000000095114,train,8802_-14633
14000000095121,train,8912_-14519
14000000095135,train,8720_-14655
14000000095167,train,8681_-14482
14000000095233,train,8886_-14404
14000000100016,train,8571_-14512
14000000100017,val,8691_-14575
14000000100025,train,9001_-14420
14000000100030,test,8915_-14519
14000000100042,train,8720_-14655
14000000100074,test,8852_-14516
14000000100079,train,8802_-14633
14000000100080,train,8802_-14634
14000000100085,train,8950_-14436
14000000100091,train,8912_-14519
14000000100113,train,8802_-14634
14000000100117,train,8572_-14512
14000000100151,train,8681_-14482
14000000100153,train,8910_-14633
14000000105030,train,8571_-14512
14000000105048,val,8691_-14575
14000000105074,train,8802_-14634
14000000105091,test,8915_-14519
14000000105101,train,8681_-14482
14000000105103,train,8802_-14634
14000000105112,train,9001_-14420
14000000105119,train,8572_-14512
14000000105122,train,8802_-14633
14000000105188,train,8950_-14436
14000000105206,train,8912_-14519
14000000105269,train,8720_-14655
14000000110004,train,9001_-14420
14000000110016,train,8802_-14634
14000000110033,test,8839_-14500
14000000110048,train,8681_-14482
14000000110056,val,8691_-14575
14000000110076,train,8950_-14436
14000000110080,train,8898_-14641
14000000110107,train,8912_-14519
14000000110111,val,8803_-14634
14000000110141,train,8802_-14633
14000000110142,train,8802_-14634
14000000110166,train,8572_-14512
14000000110233,train,8720_-14655
14000000115005,val,8586_-14649
14000000115018,train,8898_-14641
14000000115032,test,8839_-14500
14000000115045,train,8719_-14609
14000000115076,train,8732_-14463
14000000115118,train,8571_-14512
14000000115120,train,8831_-14408
14000000115131,train,9001_-14420
14000000115133,train,8950_-14436
14000000115134,val,8691_-14575
14000000115156,train,8802_-14634
14000000115164,train,8681_-14482
14000000120008,val,8803_-14634
14000000120034,train,8831_-14408
14000000120053,train,8571_-14512
14000000120059,test,8839_-14500
14000000120066,train,8681_-14482
14000000120067,train,8898_-14641
14000000120068,test,8987_-14442
14000000120069,train,8719_-14609
14000000120112,train,8910_-14633
14000000120116,train,8852_-14515
14000000120119,train,9001_-14420
14000000120155,train,8720_-14655
14000000120201,val,8586_-14649
14000000120240,train,8732_-14463
14000000125007,test,8839_-14500
14000000125008,train,9001_-14420
14000000125010,val,8586_-14649
14000000125031,train,8802_-14634
14000000125054,train,8571_-14512
14000000125064,train,8831_-14408
14000000125083,train,8898_-14637
14000000125087,val,8803_-14634
14000000125088,train,8681_-14482
14000000125098,train,8695_-14478
14000000125129,train,8719_-14609
14000000125130,test,8987_-14442
14000000125139,train,8720_-14655
14000000125147,train,8732_-14463
14000000125177,train,8910_-14633
14000000125206,train,8852_-14515
14000000125224,train,8714_-14593
14000000130013,test,8987_-14442
14000000130035,train,8571_-14512
14000000130055,val,8803_-14634
14000000130060,train,8802_-14634
14000000130062,train,8852_-14515
14000000130068,train,8732_-14463
14000000130076,train,8571_-14512
14000000130080,train,8910_-14633
14000000130107,train,8695_-14478
14000000130111,train,9001_-14420
14000000130118,train,8898_-14637
14000000130119,train,8719_-14609
14000000130147,train,8681_-14482
14000000130159,val,8730_-14463
14000000130185,train,8831_-14408
14000000135004,train,8732_-14463
14000000135012,train,8571_-14512
14000000135013,test,8987_-14442
14000000135016,test,8915_-14519
14000000135018,train,8852_-14515
14000000135021,train,8950_-14436
14000000135026,train,8802_-14634
14000000135050,train,8910_-14633
14000000135060,train,8831_-14408
14000000135096,train,8681_-14482
14000000135121,train,8695_-14478
14000000135155,train,8898_-14637
14000000135188,val,8730_-14463
14000000135211,train,8983_-14625
14000000140001,train,8571_-14512
14000000140011,train,8898_-14637
14000000140019,train,8912_-14519
14000000140031,val,8730_-14463
14000000140035,train,8950_-14436
14000000140052,train,8681_-14482
14000000140064,train,8571_-14512
14000000140065,train,8719_-14609
14000000140084,test,8839_-14500
14000000140089,train,8802_-14634
14000000140142,train,8983_-14624
14000000140146,train,8695_-14478
14000000140150,test,8915_-14519
14000000140152,train,9001_-14420
14000000140227,train,8802_-14634
14000000140237,train,8732_-14463
14000000145008,train,8571_-14512
14000000145023,train,8950_-14436
14000000145037,train,8571_-14512
14000000145053,train,8695_-14478
14000000145099,train,8983_-14624
14000000145110,train,8802_-14634
14000000145113,train,8912_-14519
14000000145120,train,8802_-14634
14000000145123,train,8725_-14504
14000000145130,train,9001_-14420
14000000145157,test,8839_-14500
14000000145170,train,8586_-14648
14000000145171,val,8730_-14463
14000000145182,train,8910_-14633
14000000145204,train,8757_-14490
14000000145238,test,8915_-14519
14000000150029,test,8915_-14519
14000000150038,train,8802_-14634
14000000150043,train,8695_-14478
14000000150046,train,8725_-14504
14000000150061,train,8571_-14512
14000000150062,train,9001_-14420
14000000150075,train,8950_-14436
14000000150089,train,8983_-14624
14000000150092,train,8910_-14633
14000000150094,test,8839_-14500
14000000150107,val,8730_-14463
14000000150133,train,8586_-14648
14000000150161,train,8912_-14519
14000000150265,train,8757_-14490
14000000150268,train,8571_-14512
14000000155013,test,8762_-14437
14000000155020,train,8802_-14634
14000000155032,train,8910_-14633
14000000155052,train,8586_-14648
14000000155056,val,8730_-14463
14000000155072,train,8571_-14512
14000000155102,train,8983_-14624
14000000155106,train,8681_-14481
14000000155145,train,8724_-14504
14000000155154,train,8690_-14575
14000000155177,train,8912_-14519
14000000155213,train,8950_-14436
14000000155266,train,8571_-14512
14000000155334,train,8757_-14490
14000000160005,train,8724_-14504
14000000160036,train,8831_-14408
14000000160047,train,8571_-14512
14000000160048,train,8690_-14575
14000000160065,test,8839_-14500
14000000160071,train,8802_-14634
14000000160078,test,8762_-14437
14000000160100,train,8757_-14490
14000000160119,train,8983_-14624
14000000160136,train,8950_-14436
14000000160176,train,8912_-14519
14000000160181,train,8571_-14512
14000000160221,test,8915_-14519
14000000160230,val,8730_-14463
14000000160245,train,8910_-14633
14000000165000,train,8571_-14512
14000000165014,train,8690_-14575
14000000165031,train,8571_-14512
14000000165043,train,8831_-14408
14000000165070,train,8724_-14504
14000000165075,train,8950_-14436
14000000165101,test,8762_-14437
14000000165110,train,8852_-14515
14000000165123,test,8839_-14500
14000000165134,test,8915_-14519
14000000165146,train,8695_-14478
14000000165147,train,8983_-14624
14000000165148,train,8912_-14519
14000000165162,train,8910_-14633
14000000165196,val,8730_-14463
14000000170005,test,8915_-14519
14000000170036,train,8719_-14609
14000000170037,train,8732_-14463
14000000170038,train,8571_-14512
14000000170040,train,8950_-14436
14000000170043,train,8695_-14478
14000000170048,train,8852_-14515
14000000170076,test,8762_-14437
14000000170089,train,8690_-14575
14000000170116,train,8912_-14519
14000000170147,train,8724_-14504
14000000170166,test,8839_-14500
14000000170181,train,8831_-14408
14000000170217,val,8730_-14463
14000000170253,train,8571_-14512
14000000170268,train,8720_-14655
14000000175044,test,8839_-14500
14000000175052,train,8950_-14436
14000000175055,test,8762_-14437
14000000175063,val,8730_-14463
14000000175077,train,8852_-14515
14000000175087,test,8915_-14519
14000000175091,train,8571_-14512
14000000175092,train,8912_-14519
14000000175118,train,8732_-14463
14000000175122,train,8802_-14633
14000000175134,train,8586_-14648
14000000175143,train,8571_-14512
14000000175156,train,8695_-14478
14000000175160,train,8831_-14408
14000000175172,train,8719_-14609
14000000175196,train,8724_-14504
14000000180069,test,8839_-14500
14000000180079,train,8885_-14404
14000000180089,train,8912_-14519
14000000180092,train,8571_-14512
14000000180111,train,8695_-14478
14000000180122,train,8950_-14436
14000000180139,train,8852_-14515
14000000180140,train,8962_-14618
14000000180158,train,8586_-14648
14000000180162,train,8571_-14512
14000000180189,train,8802_-14633
14000000180199,val,8730_-14463
14000000180202,train,8732_-14463
14000000180213,train,8831_-14409
14000000180223,train,8719_-14609
14000000185032,train,8852_-14515
14000000185059,train,8912_-14519
14000000185073,val,8730_-14464
14000000185107,train,8571_-14512
14000000185112,train,8802_-14633
14000000185128,test,8915_-14519
14000000185158,train,8719_-14609
14000000185164,train,8885_-14404
14000000185211,train,8571_-14512
14000000185268,train,8950_-14436
14000000185274,train,8732_-14463
14000000190026,train,8885_-14404
14000000190049,train,8732_-14463
14000000190056,train,9001_-14420
14000000190064,train,8802_-14633
14000000190086,test,8915_-14519
14000000190139,val,8730_-14464
14000000190162,train,8571_-14512
14000000190188,train,8950_-14436
14000000190224,train,8719_-14609
14000000190238,test,8718_-14609
14000000195052,train,8802_-14633
14000000195053,val,8586_-14649
14000000195126,train,8950_-14436
14000000195129,train,8571_-14512
14000000195161,train,8719_-14609
14000000195202,val,8730_-14464
14000000195204,test,8718_-14609
14000000195229,train,8885_-14404
14000000200000,test,8839_-14500
14000000200001,train,8719_-14609
14000000200064,test,8718_-14609
14000000200071,train,8950_-14436
14000000200079,train,8983_-14624
14000000200126,val,8586_-14649
14000000200154,train,8802_-14633
14000000200186,train,8885_-14404
14000000200198,train,8653_-14519
14000000200213,train,8912_-14519
14000000200286,train,8757_-14490
14000000205010,train,8950_-14436
14000000205041,train,9001_-14420
14000000205052,train,8719_-14609
14000000205108,test,8839_-14500
14000000205110,train,8852_-14515
14000000205137,train,8962_-14618
14000000205143,train,8653_-14519
14000000205144,val,8586_-14649
14000000205145,train,8983_-14624
14000000205173,train,8912_-14519
14000000205180,train,8885_-14404
14000000205192,train,8690_-14575
14000000205254,train,8910_-14633
14000000205303,train,8757_-14491
14000000210007,train,8713_-14593
14000000210014,test,8802_-14635
14000000210016,test,8570_-14512
14000000210017,train,8912_-14519
14000000210031,train,8910_-14633
14000000210036,train,8898_-14641
14000000210041,val,8586_-14649
14000000210070,train,8653_-14519
14000000210108,test,8839_-14500
14000000210151,train,9001_-14420
14000000210156,train,8831_-14409
14000000210212,train,8782_-14428
14000000210223,train,8950_-14436
14000000210238,train,8757_-14491
14000000210245,train,8690_-14575
14000000210247,train,8983_-14624
14000000215019,train,8690_-14575
14000000215020,train,8571_-14512
14000000215030,train,8898_-14641
14000000215050,train,8852_-14515
14000000215056,train,9001_-14420
14000000215086,train,8983_-14624
14000000215090,train,8757_-14491
14000000215115,train,8910_-14633
14000000215130,test,8839_-14500
14000000215131,train,8912_-14519
14000000215135,train,8831_-14409
14000000215149,train,8950_-14436
14000000215191,val,8586_-14649
14000000215192,train,8987_-14441
14000000215207,train,8653_-14519
14000000215228,train,8782_-14428
14000000220003,train,9001_-14420
14000000220007,train,8852_-14515
14000000220008,test,8570_-14512
14000000220014,val,8730_-14464
14000000220015,train,8912_-14519
14000000220027,test,8802_-14635
14000000220036,train,8898_-14641
14000000220047,test,8718_-14609
14000000220048,train,8695_-14478
14000000220065,train,8950_-14436
14000000220075,train,8831_-14409
14000000220079,train,8782_-14428
14000000220108,train,8983_-14624
14000000220111,train,8571_-14512
14000000220165,train,8732_-14463
14000000220171,train,8987_-14441
14000000220193,train,8653_-14519
14000000220207,train,8757_-14491
14000000220219,train,8910_-14633
14000000225004,val,8730_-14464
14000000225008,train,8782_-14428
14000000225029,train,8571_-14512
14000000225031,train,8910_-14633
14000000225043,train,8852_-14515
14000000225044,test,8570_-14512
14000000225069,train,8912_-14519
14000000225097,train,8898_-14641
14000000225099,train,8732_-14463
14000000225136,test,8718_-14609
14000000225148,train,8695_-14478
14000000225177,train,8987_-14441
14000000225213,train,8653_-14519
14000000225236,train,8950_-14436
14000000225266,train,8757_-14491
14000000230015,train,8713_-14593
14000000230018,test,8718_-14609
14000000230022,train,8653_-14519
14000000230034,train,8732_-14463
14000000230035,train,8852_-14515
14000000230040,train,8571_-14512
14000000230058,train,8987_-14441
14000000230076,train,8885_-14404
14000000230087,test,8570_-14512
14000000230090,train,8910_-14633
14000000230097,test,8915_-14519
14000000230111,train,8912_-14519
14000000230113,train,8950_-14436
14000000230132,train,8695_-14478
14000000230153,val,8730_-14464
14000000230217,train,8720_-14655
14000000230295,train,8757_-14491
14000000235001,train,8757_-14491
14000000235004,train,8571_-14512
14000000235010,train,8852_-14515
14000000235025,train,8713_-14593
14000000235043,train,8653_-14519
14000000235084,test,8915_-14519
14000000235085,train,8912_-14519
14000000235099,test,8570_-14512
14000000235127,train,8885_-14404
14000000235159,val,8730_-14464
14000000235169,train,8910_-14633
14000000235196,train,8719_-14609
14000000235234,train,8732_-14463
14000000235238,train,8950_-14436
14000000235252,train,8720_-14655
14000000240003,train,8757_-14491
14000000240035,test,8570_-14512
14000000240042,train,8713_-14593
14000000240044,train,8852_-14515
14000000240058,train,8653_-14519
14000000240071,train,8950_-14436
14000000240072,train,8987_-14441
14000000240074,train,8571_-14512
14000000240075,val,8730_-14464
14000000240104,test,8915_-14519
14000000240136,train,8898_-14637
14000000240151,train,8719_-14609
14000000240162,train,8885_-14404
14000000240198,train,8724_-14504
14000000240239,train,8910_-14633
14000000240242,train,8720_-14655
14000000245006,train,8757_-14491
14000000245042,train,8724_-14504
14000000245043,train,8713_-14593
14000000245052,train,8910_-14633
14000000245064,test,8802_-14635
14000000245071,test,8570_-14512
14000000245082,train,8719_-14609
14000000245088,train,8852_-14515
14000000245103,train,8898_-14637
14000000245104,train,8653_-14519
14000000245163,train,8885_-14404
14000000245172,train,8950_-14436
14000000245173,val,8730_-14464
14000000250007,test,8570_-14512
14000000250008,train,8713_-14593
14000000250012,train,8950_-14436
14000000250018,val,8730_-14464
14000000250019,train,8757_-14491
14000000250026,train,8782_-14428
14000000250036,train,8852_-14515
14000000250062,train,8962_-14618
14000000250063,test,8802_-14635
14000000250067,train,8898_-14637
14000000250072,test,8802_-14635
14000000250101,train,8885_-14404
14000000250145,train,8910_-14632
14000000250154,train,8724_-14504
14000000250186,train,8653_-14519
14000000255019,train,8571_-14512
14000000255035,test,8762_-14437
14000000255044,train,8757_-14491
14000000255045,val,8730_-14464
14000000255046,test,8802_-14635
14000000255070,train,8852_-14515
14000000255073,val,8803_-14634
14000000255075,train,8653_-14519
14000000255136,test,8802_-14635
14000000255138,train,8724_-14504
14000000255160,train,8962_-14618
14000000255184,train,8898_-14637
14000000255194,train,8713_-14593
14000000255208,train,8910_-14632
14000000255223,test,8731_-14463
14000000255235,train,8831_-14409
14000000255274,train,8885_-14404
14000000260002,train,8898_-14637
14000000260031,test,8762_-14437
14000000260039,test,8802_-14635
14000000260046,train,8571_-14512
14000000260049,val,8803_-14634
14000000260058,train,8950_-14436
14000000260073,train,8852_-14515
14000000260074,train,8757_-14491
14000000260110,train,8713_-14593
14000000260140,train,8885_-14404
14000000260164,test,8802_-14635
14000000260182,train,8831_-14409
14000000260225,train,8719_-14609
14000000260240,train,8910_-14632
14000000265013,train,8852_-14515
14000000265014,train,8910_-14632
14000000265045,train,8571_-14512
14000000265059,val,8730_-14464
14000000265071,train,8831_-14409
14000000265072,test,8802_-14635
14000000265077,test,8762_-14437
14000000265089,train,8695_-14478
14000000265091,val,8803_-14634
14000000265101,train,8757_-14491
14000000265125,test,8802_-14635
14000000265131,train,8719_-14609
14000000265168,test,8718_-14609
14000000265178,train,8898_-14637
14000000265210,train,8950_-14436
14000000265280,train,8885_-14404
14000000270017,train,8571_-14512
14000000270024,train,8719_-14609
14000000270045,train,8950_-14436
14000000270056,train,9001_-14420
14000000270073,val,8730_-14464
14000000270094,val,8803_-14634
14000000270106,train,8831_-14409
14000000270125,train,8885_-14404
14000000270136,train,8757_-14491
14000000270148,test,8915_-14519
14000000270149,test,8802_-14635
14000000270221,test,8718_-14609
14000000275050,test,8570_-14512
14000000275061,val,8730_-14464
14000000275069,test,8802_-14635
14000000275071,test,8718_-14609
14000000275096,train,8950_-14436
14000000275099,val,8803_-14634
14000000275103,train,8571_-14512
14000000275108,train,8831_-14409
14000000275139,train,8962_-14618
14000000275146,train,8757_-14491
14000000275147,train,8719_-14609
14000000275167,train,9001_-14420
14000000275184,test,8915_-14519
14000000275241,train,8885_-14404
14000000280013,train,8719_-14609
14000000280036,train,8898_-14637
14000000280045,train,9001_-14420
14000000280060,test,8731_-14463
14000000280075,train,8757_-14491
14000000280076,test,8718_-14609
14000000280079,train,8571_-14512
14000000280107,train,8962_-14618
14000000280122,test,8915_-14519
14000000280135,val,8730_-14464
14000000285009,val,8730_-14464
14000000285049,test,8915_-14519
14000000285072,train,8830_-14409
14000000285074,test,8718_-14609
14000000285079,test,8570_-14512
14000000285089,train,8719_-14609
14000000285114,test,8731_-14463
14000000285117,train,8962_-14618
14000000285121,train,8571_-14512
14000000285189,train,8898_-14637
14000000285211,train,9001_-14420
14000000285219,train,8757_-14491
14000000290003,train,8653_-14519
14000000290035,train,8571_-14512
14000000290080,test,8915_-14519
14000000290086,train,8830_-14409
14000000290092,test,8570_-14512
14000000290093,train,8898_-14637
14000000290149,test,8731_-14463
14000000290155,train,8962_-14618
14000000290159,train,9001_-14420
14000000290167,train,8719_-14609
14000000290170,train,8690_-14575
14000000290263,train,8757_-14491
14000000295010,train,8802_-14634
14000000295019,train,8571_-14512
14000000295085,train,8690_-14575
14000000295113,test,8570_-14512
14000000295133,train,8898_-14637
14000000295135,train,8653_-14519
14000000295145,train,9001_-14420
14000000295148,train,8831_-14409
14000000295172,test,8731_-14463
14000000295215,train,8757_-14491
14000000295226,train,8719_-14609
14000000300046,train,8653_-14519
14000000300069,train,8802_-14634
14000000300073,train,8757_-14491
14000000300083,test,8570_-14512
14000000300091,train,8690_-14575
14000000300162,test,8731_-14463
14000000300186,train,8719_-14609
14000000300191,train,8831_-14409
14000000305018,train,8690_-14575
14000000305026,train,8802_-14634
14000000305098,test,8570_-14512
14000000305119,train,8831_-14409
14000000305135,test,8731_-14463
14000000305177,train,8653_-14519
14000000305234,train,8885_-14404
14000000310010,train,8802_-14634
14000000310022,test,8570_-14512
14000000310049,train,8690_-14575
14000000310051,train,8653_-14519
14000000310114,test,8731_-14463
14000000310140,train,8885_-14404
14000000315012,train,8914_-14519
14000000315027,train,8897_-14641
14000000315066,train,8690_-14575
14000000315078,test,8570_-14512
14000000315085,train,8802_-14634
14000000315126,test,8731_-14463
14000000315127,test,8802_-14635
14000000315129,train,8653_-14519
14000000315134,train,8802_-14634
14000000315153,train,8695_-14479
14000000315165,val,9001_-14418
14000000315218,train,8885_-14404
14000000320009,train,8690_-14575
14000000320059,train,8696_-14479
14000000320081,train,8914_-14519
14000000320098,test,8570_-14512
14000000320112,train,8802_-14634
14000000320114,train,8802_-14634
14000000320120,train,8719_-14609
14000000320121,test,8802_-14635
14000000320129,train,8852_-14515
14000000320162,test,8731_-14463
14000000320175,train,8571_-14512
14000000320252,val,9001_-14418
14000000325035,train,8802_-14634
14000000325051,test,8570_-14512
14000000325075,train,8852_-14515
14000000325096,train,8802_-14634
14000000325115,test,8802_-14635
14000000325119,train,8571_-14512
14000000325154,train,8696_-14479
14000000325163,val,9001_-14418
14000000325238,test,8731_-14463
14000000330021,train,8696_-14479
14000000330029,test,8802_-14635
14000000330056,train,8571_-14512
14000000330078,test,8731_-14463
14000000330093,train,8802_-14634
14000000330138,train,8802_-14634
14000000330139,train,8852_-14515
14000000330199,val,9001_-14418
14000000335011,train,8802_-14634
14000000335020,train,8719_-14609
14000000335035,train,8852_-14515
14000000335053,train,8571_-14512
14000000335090,train,8696_-14479
14000000335121,test,8570_-14512
14000000335129,train,8802_-14634
14000000335133,val,9001_-14418
14000000335200,train,8983_-14624
14000000335224,test,8731_-14463
14000000340001,train,8713_-14593
14000000340006,train,8762_-14438
14000000340011,train,8885_-14404
14000000340041,train,8757_-14491
14000000340076,test,8570_-14512
14000000340088,train,8852_-14515
14000000340089,train,8802_-14634
14000000340092,train,8983_-14624
14000000340095,train,8571_-14512
14000000340103,train,8802_-14634
14000000340120,test,8731_-14463
14000000340181,train,8724_-14504
14000000340225,train,8719_-14609
14000000345001,train,8724_-14504
14000000345002,train,8885_-14404
14000000345008,train,8762_-14438
14000000345016,test,8570_-14512
14000000345036,train,8802_-14634
14000000345039,val,8585_-14649
14000000345044,val,9001_-14418
14000000345048,train,8897_-14641
14000000345057,test,8731_-14463
14000000345133,train,8571_-14512
14000000345160,train,8757_-14491
14000000345174,train,8719_-14609
14000000345187,train,8713_-14593
14000000345198,train,8831_-14409
14000000345229,train,8983_-14624
14000000350007,train,8897_-14641
14000000350009,train,8762_-14438
14000000350013,train,8571_-14512
14000000350016,val,9001_-14418
14000000350022,train,8802_-14634
14000000350040,test,8731_-14463
14000000350042,train,8885_-14404
14000000350043,test,8570_-14512
14000000350067,train,8757_-14491
14000000350095,train,8962_-14618
14000000350104,train,8724_-14504
14000000350130,train,8983_-14624
14000000350153,test,8897_-14638
14000000350163,train,8719_-14609
14000000350187,train,8831_-14409
14000000355022,train,8831_-14409
14000000355027,test,8897_-14638
14000000355038,train,8897_-14641
14000000355085,train,8885_-14404
14000000355107,train,8571_-14512
14000000355109,train,8962_-14618
14000000355148,train,8757_-14491
14000000355164,test,8570_-14512
14000000355212,train,8719_-14609
14000000355229,train,8983_-14624
14000000355254,train,8724_-14504
14000000355273,val,9001_-14418
14000000360008,test,8897_-14638
14000000360017,train,8696_-14479
14000000360052,train,8885_-14404
14000000360063,train,8719_-14609
14000000360069,test,8570_-14512
14000000360078,train,8983_-14624
14000000360091,train,8757_-14491
14000000360097,train,8852_-14515
14000000360099,train,8571_-14512
14000000360146,train,8831_-14409
14000000360199,train,8897_-14641
14000000360219,val,9001_-14418
14000000360245,test,8731_-14463
14000000365028,train,8852_-14515
14000000365033,train,8571_-14512
14000000365043,test,8570_-14512
14000000365050,train,8885_-14404
14000000365099,train,8897_-14641
14000000365126,test,8731_-14463
14000000365138,train,8831_-14409
14000000365148,val,9001_-14418
14000000365149,train,8983_-14624
14000000365173,train,8910_-14632
14000000365184,test,8897_-14638
14000000370003,train,8831_-14409
14000000370005,train,8885_-14404
14000000370012,train,8852_-14515
14000000370037,test,8731_-14463
14000000370050,test,8802_-14635
14000000370118,test,8570_-14512
14000000370133,train,8571_-14512
14000000370211,train,8910_-14632
14000000370228,train,8983_-14624
14000000375007,test,8731_-14463
14000000375012,train,8885_-14404
14000000375017,train,8962_-14618
14000000375024,train,8571_-14512
14000000375060,train,8831_-14409
14000000375095,train,8852_-14515
14000000375098,test,8802_-14635
14000000375100,train,8762_-14438
14000000375260,train,8910_-14632
14000000380015,train,8762_-14438
14000000380024,train,8910_-14632
14000000380067,train,8852_-14515
14000000380093,train,8962_-14618
14000000380102,test,8802_-14635
14000000380147,train,8571_-14512
14000000380149,train,8724_-14504
14000000380246,test,8987_-14442
14000000385036,train,8762_-14438
14000000385067,train,8852_-14515
14000000385081,train,8571_-14512
14000000385109,train,8724_-14504
14000000385141,train,8962_-14618
14000000390022,train,8852_-14515
14000000390025,train,8762_-14438
14000000390085,train,8962_-14618
14000000390115,train,8653_-14520
14000000390199,val,8720_-14654
14000000390272,train,9000_-14420
14000000395000,train,8762_-14438
14000000395063,train,8962_-14618
14000000395113,val,8585_-14649
14000000395114,train,9000_-14420
14000000395118,train,8653_-14520
14000000395159,train,8914_-14519
14000000395208,train,8719_-14609
14000000400015,val,8585_-14649
14000000400103,train,8653_-14520
14000000400136,train,8983_-14624
14000000400176,train,8719_-14609
14000000400190,train,8914_-14519
14000000405012,train,8719_-14609
14000000405080,train,8653_-14520
14000000405082,test,8839_-14500
14000000405158,val,8585_-14649
14000000405187,train,8983_-14624
14000000405193,train,8914_-14519
14000000410033,val,8585_-14649
14000000410049,train,8724_-14503
14000000410131,train,8696_-14479
14000000410144,train,8719_-14609
14000000410211,test,8839_-14500
14000000410217,val,8720_-14654
14000000410227,train,8983_-14624
14000000415056,val,8720_-14654
14000000415139,test,8852_-14516
14000000415147,test,8839_-14500
14000000415153,train,8724_-14503
14000000415196,train,8696_-14479
14000000420019,train,8696_-14479
14000000420065,test,8731_-14463
14000000420079,test,8852_-14516
14000000420116,val,8912_-14518
14000000420204,val,8720_-14654
14000000425067,val,8912_-14518
14000000425080,train,8696_-14479
14000000425116,train,8897_-14641
14000000425145,test,8852_-14516
14000000425226,train,8910_-14632
14000000425284,test,8731_-14463
14000000430020,val,8719_-14610
14000000430076,val,8912_-14518
14000000430080,test,8731_-14463
14000000430125,test,8852_-14516
14000000430170,train,8897_-14641
14000000435000,val,8719_-14610
14000000435100,val,8912_-14518
14000000435103,val,9001_-14418
14000000435149,test,8983_-14623
14000000435159,train,8897_-14641
14000000440011,val,8719_-14610
14000000440079,train,8897_-14641
14000000440106,test,8983_-14623
14000000440160,train,8914_-14519
14000000445034,train,8914_-14519
14000000445076,test,8983_-14623
14000000445141,train,8986_-14442
14000000450020,val,8719_-14610
14000000450065,train,8914_-14519
14000000450142,test,8983_-14623
14000000450155,train,8731_-14464
14000000450265,train,8986_-14442
14000000455002,train,8731_-14464
14000000455069,val,8719_-14610
14000000455100,train,8986_-14442
14000000455117,test,8983_-14623
14000000455224,train,8914_-14519
14000000460032,train,8731_-14464
14000000460073,train,8914_-14519
14000000460147,val,8719_-14610
14000000460218,train,8986_-14442
14000000465053,train,8914_-14519
14000000465061,val,8719_-14610
14000000465074,train,8986_-14442
14000000465146,val,8720_-14654
14000000465197,train,8731_-14464
14000000470022,test,8852_-14516
14000000470054,val,8719_-14610
14000000470088,train,8838_-14500
14000000475025,train,8838_-14500
14000000475134,val,8719_-14610
14000000475141,test,8852_-14516
14000000480049,train,8801_-14635
14000000480087,test,8852_-14516
14000000480125,val,8719_-14610
14000000480138,train,8838_-14500
14000000485048,test,8852_-14516
14000000485127,train,8801_-14635
14000000485176,val,8719_-14610
14000000490024,train,8838_-14500
14000000490035,test,8852_-14516
14000000490067,train,8696_-14479
14000000490156,train,8801_-14635
14000000495009,test,8852_-14516
14000000495059,train,8696_-14479
14000000495093,train,8801_-14635
14000000500042,val,8720_-14654
14000000500046,train,8696_-14479
14000000500052,test,8852_-14516
14000000500179,val,8719_-14610
14000000505048,test,8718_-14609
14000000505056,val,8719_-14610
14000000505086,train,8838_-14500
14000000505103,test,8852_-14516
14000000505152,train,8897_-14641
14000000505163,train,8696_-14479
14000000510119,train,8838_-14500
14000000510133,train,8696_-14479
14000000510151,val,8585_-14649
14000000510158,test,8983_-14623
14000000510163,train,8914_-14519
14000000515014,train,8696_-14479
14000000515037,test,8983_-14623
14000000515057,test,8717_-14609
14000000515058,train,8914_-14519
14000000515107,val,8585_-14649
14000000515133,train,8838_-14500
14000000520041,train,8696_-14479
14000000520124,val,8585_-14649
14000000520127,train,8838_-14500
14000000520134,test,8717_-14609
14000000520192,test,8983_-14623
14000000520219,val,8719_-14610
14000000525047,val,8719_-14610
14000000525052,test,8983_-14623
14000000525105,train,8696_-14479
14000000525141,test,8909_-14631
14000000525164,test,8717_-14609
14000000530101,val,8719_-14610
14000000530124,train,8962_-14619
14000000530186,train,8696_-14479
14000000530191,test,8717_-14609
14000000530193,test,8983_-14623
14000000530283,train,8719_-14654
14000000535001,train,8962_-14619
14000000535006,test,8983_-14623
14000000535101,train,8696_-14479
14000000535138,val,8719_-14610
14000000535145,train,8719_-14654
14000000540080,train,8962_-14619
14000000540123,train,8914_-14519
14000000540131,val,8719_-14610
14000000540235,train,8719_-14654
14000000545021,train,8962_-14619
14000000545094,train,8914_-14519
14000000545104,train,8897_-14641
14000000545254,train,8719_-14654
14000000550001,train,8885_-14404
14000000550015,train,8897_-14641
14000000550046,val,8719_-14610
14000000550080,train,8838_-14500
14000000550118,train,8914_-14520
14000000550136,test,8897_-14638
14000000550213,train,8719_-14654
14000000555033,train,8838_-14500
14000000555042,train,8885_-14404
14000000555047,train,8897_-14641
14000000555048,val,8719_-14610
14000000555084,test,8570_-14512
14000000555090,train,8696_-14479
14000000555147,train,8719_-14654
14000000555152,test,8897_-14638
14000000555155,train,8914_-14520
14000000555161,train,8653_-14520
14000000555286,train,8731_-14464
14000000560032,train,8885_-14404
14000000560038,test,8570_-14512
14000000560043,train,8897_-14641
14000000560050,train,8696_-14479
14000000560085,train,8653_-14520
14000000560087,test,8897_-14638
14000000560089,train,8719_-14654
14000000560107,train,8838_-14500
14000000560164,train,8914_-14520
14000000560175,val,8719_-14610
14000000560200,test,8983_-14623
14000000560284,train,8731_-14464
14000000565004,val,8719_-14610
14000000565005,train,8653_-14520
14000000565025,test,8570_-14512
14000000565056,train,8914_-14520
14000000565080,train,8696_-14479
14000000565159,test,8897_-14638
14000000565181,test,8983_-14623
14000000565278,train,8731_-14464
14000000570040,test,8570_-14512
14000000570127,train,8914_-14520
14000000570138,test,8983_-14623
14000000570147,train,8653_-14520
14000000570168,train,8696_-14479
14000000570200,test,8852_-14516
14000000570252,train,8731_-14464
14000000575036,test,8852_-14516
14000000575079,train,8653_-14520
14000000575087,test,8983_-14623
14000000575095,train,8695_-14479
14000000575157,train,8914_-14520
14000000575167,train,8719_-14654
14000000575202,train,8731_-14464
14000000580026,test,8983_-14623
14000000580039,train,8653_-14520
14000000580096,test,8852_-14516
14000000580097,train,8695_-14479
14000000580118,train,8731_-14464
14000000580183,train,9001_-14419
14000000580219,train,8914_-14520
14000000585002,test,8852_-14516
14000000585009,train,8653_-14520
14000000585055,test,8717_-14609
14000000585136,test,8983_-14623
14000000585183,train,8914_-14520
14000000585276,train,8731_-14464
14000000590073,train,8914_-14520
14000000590099,train,8731_-14464
14000000590163,test,8717_-14609
14000000590212,train,8653_-14520
14000000595063,train,8802_-14636
14000000595142,train,8731_-14464
14000000595170,val,8719_-14610
14000000600015,val,8719_-14610
14000000600105,train,8731_-14464
14000000600107,train,8802_-14636
14000000600140,train,8897_-14641
14000000605043,train,8653_-14520
14000000605067,test,8884_-14404
14000000605075,test,8897_-14638
14000000605119,val,8719_-14610
14000000605130,test,8717_-14609
14000000605178,test,8852_-14516
14000000605192,train,8897_-14641
14000000605243,train,8731_-14464
14000000605244,train,8802_-14636
14000000610027,test,8884_-14404
14000000610055,val,8719_-14610
14000000610075,train,8897_-14641
14000000610165,test,8897_-14638
14000000610170,test,8717_-14609
14000000610194,test,8852_-14516
14000000610220,train,8653_-14520
14000000610240,train,8802_-14636
14000000615005,train,8719_-14654
14000000615021,test,8852_-14516
14000000615056,test,8884_-14404
14000000615104,test,8897_-14638
14000000615172,train,8653_-14520
14000000615231,test,8717_-14609
14000000620012,train,8719_-14654
14000000620027,test,8852_-14516
14000000620101,test,8897_-14638
14000000620116,train,8653_-14520
14000000620129,train,9001_-14419
14000000625005,train,8719_-14654
14000000625042,test,8884_-14404
14000000625066,train,9001_-14419
14000000625071,train,8653_-14520
14000000625203,train,8914_-14520
14000000630002,test,8884_-14404
14000000630128,test,8983_-14623
14000000630227,train,9001_-14419
14000000635002,train,9001_-14419
14000000635010,test,8884_-14404
14000000635167,test,8983_-14623
14000000635189,train,8653_-14520
14000000635191,test,8852_-14516
14000000640044,test,8717_-14609
14000000640056,test,8884_-14404
14000000640085,test,8983_-14623
14000000640105,train,8653_-14520
14000000640109,test,8852_-14516
14000000640184,val,8719_-14610
14000000640265,train,9000_-14421
14000000645008,train,8653_-14520
14000000645019,val,8712_-14593
14000000645032,test,8852_-14516
14000000645041,test,8884_-14404
14000000645046,test,8983_-14623
14000000645067,val,8719_-14610
14000000645125,test,8717_-14609
14000000645206,val,8730_-14464
14000000645214,train,8719_-14654
14000000645279,train,9000_-14421
14000000650029,test,8983_-14623
14000000650037,val,8712_-14593
14000000650137,train,8653_-14520
14000000650145,test,8852_-14516
14000000650199,test,8912_-14517
14000000650211,train,8719_-14654
14000000650218,val,8730_-14464
14000000655026,test,8983_-14623
14000000655064,train,8653_-14520
14000000655104,val,8712_-14593
14000000655132,test,8852_-14516
14000000655160,val,8730_-14464
14000000655221,train,8719_-14654
14000000660007,val,8712_-14593
14000000660065,val,8730_-14464
14000000660167,val,8948_-14436
14000000660189,train,8653_-14520
14000000660241,train,8719_-14654
14000000665037,val,8712_-14593
14000000665058,train,8653_-14520
14000000665094,train,8569_-14512
14000000665161,val,8730_-14464
14000000665208,test,8852_-14516
14000000665276,val,8948_-14436
14000000670026,val,8948_-14436
14000000670041,test,8884_-14404
14000000670064,test,8852_-14516
14000000670068,train,8569_-14512
14000000670091,val,8730_-14464
14000000670101,train,8653_-14521
14000000670112,val,8712_-14593
14000000670124,train,8695_-14480
14000000670146,train,9001_-14419
14000000675016,test,8884_-14404
14000000675026,val,8730_-14464
14000000675028,test,8852_-14517
14000000675057,val,8948_-14436
14000000675102,val,8712_-14593
14000000675197,train,8569_-14512
14000000675207,test,8912_-14517
14000000675210,train,8695_-14480
14000000675215,train,9001_-14419
14000000680023,test,8912_-14517
14000000680091,test,8852_-14517
14000000680097,val,8712_-14593
14000000680109,train,9001_-14419
14000000680118,train,8719_-14654
14000000680167,train,8695_-14480
14000000685003,test,8852_-14517
14000000685018,train,9001_-14419
14000000685027,train,8962_-14620
14000000685123,test,8912_-14517
14000000685136,train,8719_-14654
14000000685138,val,8712_-14593
14000000685144,train,8914_-14520
14000000685171,train,8695_-14480
14000000690003,train,8569_-14512
14000000690029,train,8896_-14641
14000000690030,train,8719_-14654
14000000690060,train,8838_-14500
14000000690094,train,8695_-14480
14000000690104,train,8914_-14520
14000000690115,val,8712_-14593
14000000690189,train,8962_-14620
14000000690224,test,8852_-14517
14000000690225,test,8801_-14636
14000000695008,train,8569_-14512
14000000695017,train,8719_-14654
14000000695042,train,8838_-14500
14000000695112,test,8852_-14517
14000000695115,train,8896_-14641
14000000695176,test,8801_-14636
14000000695192,train,8962_-14620
14000000700007,train,8695_-14480
14000000700054,test,8717_-14609
14000000700059,train,8569_-14512
14000000700070,train,8962_-14620
14000000700099,train,8896_-14641
14000000700141,test,8852_-14517
14000000700151,train,8719_-14654
14000000700152,test,8801_-14636
14000000705028,test,8852_-14517
14000000705063,train,8719_-14654
14000000705145,train,8569_-14512
14000000705149,test,8717_-14609
14000000705175,test,8801_-14636
14000000705181,train,8962_-14620
14000000710191,test,8852_-14517
14000000710219,test,8909_-14631
14000000715026,train,8962_-14620
14000000715036,test,8801_-14636
14000000715080,train,8802_-14637
14000000715098,train,8719_-14654
14000000715125,test,8852_-14517
14000000715219,train,9001_-14420
14000000715238,test,8909_-14631
14000000720002,val,8719_-14610
14000000720045,train,8719_-14654
14000000720078,test,8852_-14517
14000000720106,test,8801_-14636
14000000720119,train,8962_-14620
14000000720126,train,9001_-14420
14000000725006,test,8852_-14517
14000000725020,val,8719_-14610
14000000725029,train,9001_-14420
14000000725118,train,8719_-14653
14000000725146,test,8801_-14636
14000000725210,train,8962_-14620
14000000730035,train,8723_-14503
14000000730038,train,8896_-14641
14000000730050,train,8719_-14653
14000000730153,test,8852_-14517
14000000730170,val,8719_-14610
14000000730176,test,8801_-14636
14000000735056,train,9001_-14420
14000000735149,train,8896_-14641
14000000735202,test,8801_-14636
14000000735250,val,8730_-14464
14000000735252,train,8723_-14503
14000000740002,test,8719_-14611
14000000740023,val,8730_-14464
14000000740044,test,8884_-14404
14000000740170,train,9001_-14420
14000000740204,train,8802_-14637
14000000740237,train,8723_-14503
14000000745011,train,9001_-14420
14000000745012,train,8802_-14637
14000000745063,val,8730_-14464
14000000745215,test,8719_-14611
14000000750101,val,8730_-14464
14000000750124,test,8719_-14611
14000000750183,train,9001_-14420
14000000750192,train,8802_-14637
14000000755011,test,8719_-14611
14000000755015,train,8913_-14520
14000000755024,train,8569_-14513
14000000755050,train,8802_-14637
14000000755189,train,9001_-14420
14000000760021,test,8852_-14517
14000000760067,train,9001_-14420
14000000760082,train,8719_-14653
14000000760088,train,8913_-14520
14000000760189,test,8719_-14611
14000000760247,train,8569_-14513
14000000765010,train,9001_-14420
14000000765093,train,8719_-14653
14000000765105,test,8852_-14517
14000000765115,train,8913_-14520
14000000765154,train,8569_-14513
14000000770010,test,8852_-14517
14000000770060,train,9001_-14420
14000000770095,test,8884_-14404
14000000770111,test,8909_-14631
14000000770157,train,8719_-14653
14000000770177,train,8569_-14513
14000000770247,train,8986_-14443
14000000770263,train,8802_-14637
14000000775011,train,8569_-14513
14000000775016,test,8852_-14517
14000000775025,test,8909_-14631
14000000775050,train,9001_-14420
14000000775188,train,8986_-14443
14000000780018,test,8852_-14517
14000000780070,train,9001_-14420
14000000780104,train,8569_-14513
14000000780134,train,8986_-14443
14000000780196,test,8909_-14631
14000000785021,train,9001_-14420
14000000785100,train,8986_-14443
14000000785101,test,8912_-14517
14000000785125,train,8719_-14653
14000000785126,test,8909_-14631
14000000790071,train,8986_-14443
14000000790076,train,9001_-14420
14000000790077,train,8719_-14653
14000000790086,test,8909_-14631
14000000790094,test,8912_-14517
14000000795041,train,9001_-14420
14000000795095,train,8719_-14653
14000000795126,val,8898_-14639
14000000795202,test,8912_-14517
14000000800029,train,9001_-14420
14000000800163,train,8719_-14653
14000000800169,val,8898_-14639
14000000800236,train,8913_-14520
14000000805031,train,8719_-14653
14000000805042,train,8913_-14520
14000000805048,train,8653_-14521
14000000805060,train,9001_-14420
14000000805151,train,8909_-14630
14000000805264,val,8898_-14639
14000000810045,train,8719_-14653
14000000810081,val,8898_-14639
14000000810103,test,8801_-14636
14000000810104,train,8913_-14520
14000000810145,train,8653_-14521
14000000810217,train,8909_-14630
14000000815008,train,8962_-14620
14000000815041,train,8719_-14653
14000000815050,train,8653_-14521
14000000815051,train,8909_-14630
14000000815227,train,8913_-14520
14000000815244,test,8801_-14636
14000000820027,train,8719_-14653
14000000820108,test,8801_-14636
14000000820112,train,8913_-14520
14000000820127,train,8962_-14620
14000000820173,train,8909_-14630
14000000820184,train,8653_-14521
14000000825037,train,8962_-14620
14000000825040,train,8719_-14653
14000000825089,train,8909_-14630
14000000825176,train,8653_-14521
14000000825215,test,8801_-14636
14000000830005,train,8962_-14620
14000000840079,train,8896_-14641
14000000840200,val,8898_-14639
14000000845000,train,8800_-14636
14000000845011,train,8896_-14641
14000000845013,test,8884_-14404
14000000850005,test,8884_-14404
14000000850086,train,8800_-14636
14000000850099,train,8896_-14641
14000000855064,train,8982_-14622
14000000855079,train,8569_-14513
14000000855086,test,8884_-14404
14000000855102,train,8962_-14620
14000000855178,val,8999_-14421
14000000860008,train,8962_-14620
14000000860025,train,8913_-14520
14000000860053,train,8730_-14465
14000000860054,test,8884_-14404
14000000860194,train,8982_-14622
14000000860208,val,8999_-14421
14000000860209,train,8569_-14513
14000000865063,train,8730_-14465
14000000865103,train,8569_-14513
14000000865116,train,8982_-14622
14000000865155,train,8909_-14630
14000000865174,train,8962_-14620
14000000865184,train,8913_-14520
14000000865252,val,8999_-14421
14000000870020,train,8913_-14520
14000000870027,train,8569_-14513
14000000870066,train,8982_-14622
14000000870090,train,8962_-14620
14000000870146,train,8730_-14465
14000000870178,train,8909_-14630
14000000875024,train,8730_-14465
14000000875042,train,8982_-14622
14000000875186,train,8913_-14520
14000000875213,train,8909_-14630
14000000875252,train,8569_-14513
14000000880001,train,8717_-14608
14000000880031,train,8730_-14465
14000000880043,train,8982_-14622
14000000880185,train,8569_-14513
14000000880264,train,8909_-14630
14000000885083,train,8730_-14465
14000000885121,train,8569_-14513
14000000885163,train,8717_-14608
14000000885165,train,8722_-14503
14000000885297,val,8948_-14436
14000000890004,train,8730_-14465
14000000890052,train,8569_-14513
14000000890072,train,8722_-14503
14000000890075,train,8717_-14608
14000000890105,train,8896_-14641
14000000890336,val,8948_-14436
14000000895075,train,8896_-14641
14000000895275,train,8569_-14513
14000000895320,train,8722_-14503
14000000895391,val,8948_-14436
14000000900035,val,8948_-14436
14000000900048,train,8896_-14641
14000000900093,val,8898_-14639
14000000900205,train,8722_-14503
14000000910024,test,8911_-14517
14000000915026,test,8911_-14517
14000000915079,train,8909_-14630
14000000915095,train,8722_-14503
14000000915127,train,8837_-14500
14000000920161,train,8837_-14500
14000000920186,test,8911_-14517
14000000920250,train,8722_-14503
14000000925043,train,8569_-14513
14000000925069,train,8722_-14503
14000000925103,test,8911_-14517
14000000925232,train,8837_-14500
14000000930060,train,8695_-14480
14000000930100,train,8837_-14500
14000000930139,train,8569_-14513
14000000930180,train,8913_-14520
14000000930219,train,8722_-14503
14000000935028,train,8722_-14503
14000000935094,train,8913_-14520
14000000935180,train,8569_-14513
14000000935184,train,8982_-14622
14000000935185,train,8695_-14480
14000000940010,train,8913_-14520
14000000940014,train,8569_-14513
14000000940087,train,8716_-14608
14000000940197,train,8982_-14622
14000000945072,train,8569_-14513
14000000945141,train,8982_-14622
14000000945145,train,8913_-14520
14000000945220,train,8896_-14641
14000000945254,train,8716_-14608
14000000950013,train,8982_-14622
14000000950047,train,8911_-14516
14000000950056,train,8896_-14641
14000000950149,val,8653_-14522
14000000950204,train,8569_-14513
14000000950224,val,8999_-14421
14000000955029,val,8653_-14522
14000000955067,train,8695_-14481
14000000955128,train,8911_-14516
14000000955199,val,8999_-14421
14000000960017,train,8837_-14500
14000000960059,train,8695_-14481
14000000960129,train,8800_-14636
14000000960181,val,8653_-14522
14000000960203,val,8999_-14421
14000000965068,train,8896_-14641
14000000965153,val,8653_-14522
14000000965209,train,8800_-14637
14000000965229,val,8999_-14421
14000000970035,train,8895_-14641
14000000970099,train,8800_-14637
14000000970141,val,8653_-14522
14000000975008,train,8800_-14637
14000000975144,train,8720_-14611
14000000980077,train,8909_-14630
14000000980289,train,8720_-14611
14000000985070,train,8720_-14611
14000000985114,train,8909_-14630
14000000990122,train,8911_-14516
14000000990132,train,8716_-14608
14000000990182,train,8720_-14611
14000000990240,train,8909_-14630
14000000995100,train,8911_-14516
14000000995138,train,8716_-14608
14000001000030,train,8913_-14520
14000001000123,train,8911_-14516
14000001000162,train,8716_-14608
14000001005153,train,8913_-14520
14000001005154,train,8911_-14516
14000001010022,train,8913_-14520
14000001010151,train,8909_-14630
14000001010166,train,8911_-14516
14000001015021,train,8909_-14630
14000001015079,train,8913_-14520
14000001020098,train,8913_-14520
14000001020116,train,8909_-14630
14000001020190,train,8837_-14500
14000001020303,train,8569_-14513
14000001025061,train,8909_-14630
14000001025100,val,8583_-14649
14000001025115,train,8913_-14520
14000001025120,train,8695_-14481
14000001025201,train,8569_-14513
14000001030036,train,8913_-14520
14000001030063,train,8909_-14630
14000001030070,val,8583_-14649
14000001030106,train,8695_-14481
14000001030167,train,8569_-14513
14000001035104,train,8695_-14481
14000001035137,train,8913_-14520
14000001035163,train,8568_-14513
14000001040049,train,8911_-14516
14000001040057,train,8837_-14500
14000001040114,train,8695_-14481
14000001040115,train,8568_-14513
14000001045027,train,8895_-14641
14000001045076,train,8837_-14500
14000001045140,train,8695_-14481
14000001045287,train,8568_-14513
14000001050018,train,8895_-14641
14000001050060,train,8568_-14513
14000001050119,train,8837_-14500
14000001050291,train,8716_-14608
14000001055002,train,8568_-14513
14000001055022,train,8895_-14641
14000001055112,train,8909_-14630
14000001055188,train,8837_-14500
14000001055196,val,8653_-14522
14000001055214,train,8911_-14516
14000001055271,train,8716_-14608
14000001060056,train,8909_-14630
14000001060066,train,8568_-14513
14000001060236,train,8911_-14516
14000001060240,train,8716_-14608
14000001065002,train,8911_-14516
14000001065140,train,8695_-14481
14000001065202,train,8909_-14630
14000001065215,train,8568_-14513
14000001070080,train,8909_-14630
14000001070184,train,8568_-14513
14000001070230,train,8911_-14516
14000001075232,train,8911_-14516
14000001075235,train,8568_-14513
14000001080016,train,8911_-14516
14000001080034,train,8837_-14500
14000001080078,train,8895_-14641
14000001080079,train,8898_-14640
14000001080142,train,8568_-14513
14000001080147,val,8583_-14649
14000001085078,train,8898_-14640
14000001085079,train,8895_-14641
14000001085168,train,8568_-14513
14000001085196,train,8837_-14500
14000001085220,val,8583_-14649
14000001090069,train,8568_-14513
14000001090070,train,8898_-14640
14000001090155,train,8837_-14500
14000001090188,train,8895_-14641
14000001095039,train,8911_-14516
14000001095103,train,8898_-14640
14000001095128,train,8568_-14513
14000001095167,train,8895_-14641
14000001095186,train,8837_-14500
14000001100017,train,8837_-14500
14000001100106,train,8568_-14513
14000001100170,train,8911_-14516
14000001105080,train,8837_-14500
14000001105112,train,8568_-14513
14000001105231,train,8911_-14516
14000001110035,train,8911_-14516
14000001110099,train,8568_-14513
14000001110182,train,8837_-14500
14000001110184,train,8694_-14481
14000001115043,train,8568_-14513
14000001115060,train,8837_-14500
14000001115214,train,8716_-14608
14000001120162,train,8962_-14621
14000001120165,train,8837_-14500
14000001120181,train,8716_-14608
14000001120211,train,8911_-14516
14000001125039,train,8909_-14629
14000001125083,train,8913_-14520
14000001125091,train,8837_-14500
14000001125124,train,8911_-14516
14000001125173,train,8962_-14621
14000001125194,train,8716_-14608
14000001130021,val,8583_-14649
14000001130144,train,8913_-14520
14000001130181,train,8909_-14629
14000001130252,train,8716_-14608
14000001135044,train,8909_-14629
14000001135054,train,8898_-14640
14000001135189,train,8913_-14520
14000001135232,val,8583_-14649
14000001135237,val,8653_-14522
14000001140011,train,8722_-14503
14000001140013,train,8898_-14640
14000001140046,val,8653_-14522
14000001140180,train,8909_-14629
14000001140191,train,8913_-14520
14000001140206,val,8583_-14649
14000001145042,train,8898_-14640
14000001145066,train,8909_-14629
14000001145161,train,8722_-14503
14000001145185,val,8583_-14649
14000001145189,val,8653_-14522
14000001150014,val,8653_-14522
14000001150230,train,8908_-14629
14000001155037,train,8913_-14520
14000001155046,train,8911_-14516
14000001155070,train,8962_-14622
14000001155216,val,8653_-14522
14000001160003,train,8911_-14516
14000001160089,train,8913_-14520
14000001160102,train,8962_-14622
14000001165077,train,8913_-14520
14000001165157,train,8911_-14516
14000001165158,train,8898_-14641
14000001165201,train,8962_-14622
14000001170020,train,8898_-14641
14000001170033,train,8911_-14516
14000001170087,train,8913_-14520
14000001170252,val,8583_-14649
14000001175015,train,8913_-14520
14000001175074,val,8583_-14649
14000001175138,train,8911_-14516
14000001175206,train,8898_-14641
14000001180045,train,8913_-14520
14000001180090,train,8836_-14500
14000001180135,val,8583_-14649
14000001180238,train,8911_-14516
14000001185043,train,8895_-14641
14000001185054,train,8911_-14516
14000001185059,train,8913_-14520
14000001185123,train,8836_-14500
14000001185147,val,8583_-14649
14000001190005,train,8911_-14516
14000001190073,train,8895_-14641
14000001190099,train,8836_-14500
14000001190104,train,8913_-14520
14000001195047,train,8836_-14500
14000001195055,train,8911_-14516
14000001195086,train,8895_-14641
14000001195100,train,8913_-14520
14000001195122,train,8568_-14513
14000001200025,train,8895_-14641
14000001200026,train,8913_-14520
14000001200085,train,8568_-14513
14000001200177,train,8911_-14516
14000001205022,train,8913_-14520
14000001205034,train,8895_-14641
14000001205119,train,8568_-14513
14000001205172,train,8836_-14500
14000001205177,train,8908_-14629
14000001210026,train,8895_-14641
14000001210063,train,8568_-14513
14000001210163,train,8908_-14629
14000001210164,train,8962_-14622
14000001215038,train,8895_-14641
14000001215080,train,8568_-14513
14000001215155,train,8962_-14622
14000001215167,train,8908_-14629
14000001220143,train,8962_-14622
14000001220151,train,8911_-14516
14000001220179,train,8568_-14513
14000001225051,train,8568_-14513
14000001225079,train,8911_-14516
14000001225137,train,8962_-14622
14000001230006,train,8913_-14520
14000001230016,train,8911_-14516
14000001230100,train,8568_-14513
14000001230140,train,8895_-14641
14000001230200,val,8720_-14612
14000001235047,train,8895_-14641
14000001235093,train,8913_-14520
14000001235157,train,8911_-14516
14000001235296,val,8720_-14612
14000001240013,train,8913_-14520
14000001240019,val,8720_-14612
14000001240108,train,8895_-14641
14000001245041,train,8836_-14500
14000001245059,train,8895_-14641
14000001245065,train,8913_-14520
14000001245066,train,8568_-14513
14000001245093,val,8720_-14612
14000001250014,train,8568_-14513
14000001250064,val,8583_-14649
14000001250096,train,8836_-14500
14000001255066,train,8568_-14513
14000001255217,train,8836_-14500
14000001260172,train,8836_-14500
14000001260190,train,8568_-14513
14000001265118,train,8568_-14513
14000001275115,train,8836_-14500
14000001280002,train,8836_-14500
14000001280035,val,8912_-14520
14000001285001,val,8912_-14520
14000001285203,train,8836_-14500
14000001290005,train,8895_-14641
14000001290084,val,8912_-14520
14000001290200,train,8836_-14500
14000001290315,train,8653_-14523
14000001295038,train,8895_-14641
14000001295049,val,8912_-14520
14000001295338,train,8653_-14523
14000001300010,val,8912_-14520
14000001300017,train,8895_-14641
14000001300352,train,8653_-14523
14000001305033,val,8912_-14520
14000001305066,train,8895_-14641
14000001310244,val,8583_-14649
14000001315180,train,8568_-14513
14000001320147,train,8568_-14513
14000001325097,train,8985_-14445
14000001325201,train,8568_-14513
14000001330065,train,8985_-14445
14000001330083,train,8568_-14513
14000001335011,train,8908_-14629
14000001335017,train,8985_-14445
14000001335103,val,8912_-14520
14000001335109,test,8894_-14641
14000001340031,train,8985_-14445
14000001340046,test,8894_-14641
14000001340130,val,8912_-14520
14000001340179,train,8568_-14513
14000001340202,train,8908_-14629
14000001345021,test,8894_-14641
14000001345096,train,8908_-14629
14000001345132,val,8912_-14520
14000001345148,train,8568_-14513
14000001350018,train,8908_-14629
14000001350108,val,8912_-14520
14000001350175,train,8568_-14513
14000001355013,train,8568_-14513
14000001360170,train,8568_-14513
14000001360238,train,8715_-14607
14000001365125,train,8568_-14513
14000001365223,train,8715_-14607
14000001370125,train,8694_-14481
14000001370141,train,8568_-14513
14000001375037,train,8694_-14481
14000001375226,train,8568_-14513
14000001380083,train,8568_-14513
14000001380126,train,8694_-14481
14000001385094,train,8694_-14481
14000001385251,train,8568_-14513
14000001390147,train,8568_-14513
14000001390175,val,8912_-14520
14000001395026,train,8567_-14513
14000001395043,val,8912_-14520
14000001400129,val,8912_-14520
14000001400162,train,8567_-14513
14000001405086,val,8912_-14520
14000001405252,train,8567_-14513
14000001410002,train,8567_-14513
14000001410079,test,8894_-14641
14000001415011,val,8912_-14520
14000001415087,test,8894_-14641
14000001415181,train,8567_-14513
14000001420004,train,8567_-14513
14000001420129,test,8894_-14641
14000001420158,val,8912_-14520
14000001425004,val,8912_-14520
14000001425211,train,8567_-14513
14000001430226,train,8567_-14513
14000001435121,train,8567_-14513
14000001435185,val,8912_-14520
14000001440038,train,8567_-14513
14000001440075,val,8912_-14520
14000001445010,train,8567_-14513
14000001445048,train,8715_-14607
14000001445080,val,8912_-14520
14000001450157,train,8567_-14513
14000001450182,train,8715_-14607
14000001450233,val,8912_-14520
14000001455018,train,8997_-14421
14000001455162,train,8567_-14513
14000001455323,train,8715_-14607
14000001460056,train,8567_-14513
14000001460092,train,8710_-14592
14000001460122,train,8715_-14607
14000001465276,train,8567_-14513
14000001470199,train,8567_-14513
14000001470402,train,8799_-14638
14000001475130,train,8654_-14524
14000001475269,val,8912_-14520
14000001475303,train,8567_-14513
14000001480009,test,8894_-14641
14000001480019,train,8654_-14524
14000001480207,train,8567_-14513
14000001480251,val,8912_-14520
14000001485165,test,8894_-14641
14000001485167,val,8912_-14520
14000001485190,train,8567_-14513
14000001485296,train,8654_-14524
14000001490103,train,8836_-14501
14000001490140,test,8894_-14641
14000001490195,train,8654_-14524
14000001490200,val,8912_-14520
14000001490239,train,8567_-14513
14000001495019,train,8567_-14513
14000001495086,train,8654_-14524
14000001495107,val,8912_-14520
14000001495151,test,8894_-14641
14000001495216,train,8836_-14501
14000001495292,train,8710_-14592
14000001500029,train,8710_-14592
14000001500079,train,8567_-14513
14000001500098,test,8894_-14641
14000001500176,train,8715_-14607
14000001500273,train,8836_-14501
14000001500279,test,8583_-14648
14000001505006,train,8715_-14607
14000001505061,train,8567_-14513
14000001505133,train,8710_-14592
14000001505181,test,8583_-14648
14000001505193,train,8836_-14501
14000001510020,train,8567_-14513
14000001510032,train,8981_-14620
14000001510045,val,8912_-14520
14000001510078,test,8583_-14648
14000001510146,val,8910_-14515
14000001510153,train,8715_-14607
14000001510161,train,8836_-14501
14000001510241,train,8710_-14592
14000001515006,train,8567_-14513
14000001515028,val,8910_-14515
14000001515037,train,8836_-14501
14000001515141,val,8912_-14520
14000001515261,test,8583_-14648
14000001515273,train,8715_-14607
14000001515274,train,8981_-14620
14000001520024,train,8567_-14513
14000001520091,test,8894_-14641
14000001520174,train,8836_-14501
14000001520175,train,8981_-14620
14000001520183,val,8912_-14520
14000001525036,test,8894_-14641
14000001525038,val,8912_-14520
14000001525083,train,8836_-14501
14000001525084,train,8981_-14620
14000001525095,train,8567_-14513
14000001530119,val,8912_-14520
14000001530316,train,8981_-14620
14000001535023,val,8912_-14520
14000001535220,train,8981_-14620
14000001540021,val,8912_-14520
14000001545351,train,8721_-14613
14000001550071,train,8721_-14613
14000001555014,test,8894_-14641
14000001555156,train,8721_-14613
14000001555272,train,8567_-14513
14000001560009,train,8567_-14513
14000001560164,test,8894_-14641
14000001565139,train,8567_-14513
14000001565197,test,8894_-14641
14000001565266,val,8912_-14520
14000001565309,train,8721_-14613
14000001570012,train,8721_-14613
14000001570136,val,8912_-14520
14000001570325,train,8567_-14513
14000001575071,train,8721_-14613
14000001575095,val,8912_-14520
14000001580129,train,8721_-14613
14000001580134,val,8912_-14520
14000001585114,train,8567_-14513
14000001585135,train,8715_-14607
14000001585258,val,8912_-14520
14000001590122,train,8567_-14513
14000001590272,train,8715_-14607
14000001595148,train,8567_-14513
14000001600155,train,8912_-14521
14000001600190,train,8567_-14513
14000001600211,test,8835_-14501
14000001605141,train,8799_-14638
14000001605217,train,8912_-14521
14000001605243,train,8567_-14513
14000001605252,test,8835_-14501
14000001610029,train,8799_-14638
14000001610297,train,8912_-14521
14000001615021,train,8567_-14513
14000001615034,train,8912_-14521
14000001615372,train,8799_-14638
14000001620036,train,8912_-14521
14000001620121,train,8567_-14513
14000001620274,train,8799_-14638
14000001625011,train,8912_-14521
14000001625242,train,8567_-14513
14000001630011,train,8567_-14513
14000001630236,train,8912_-14521
14000001635092,train,8912_-14521
14000001635165,train,8567_-14513
14000001640088,test,8835_-14501
14000001640117,train,8912_-14521
14000001640332,train,8567_-14514
14000001645029,train,8912_-14521
14000001645132,test,8835_-14501
14000001645142,train,8567_-14514
14000001645205,test,8894_-14641
14000001650090,train,8912_-14521
14000001650147,test,8835_-14501
14000001655056,train,8912_-14521
14000001655144,train,8567_-14514
14000001655157,test,8835_-14501
14000001660180,test,8894_-14641
14000001660269,train,8567_-14514
14000001665288,train,8567_-14514
14000001670228,train,8567_-14514
14000001675099,train,8567_-14514
14000001675217,train,8962_-14624
14000001680240,train,8962_-14624
14000001680243,train,8567_-14514
14000001685315,train,8567_-14514
14000001690064,test,8835_-14501
14000001690263,train,8981_-14620
14000001690317,train,8567_-14514
14000001695112,test,8835_-14501
14000001695139,train,8981_-14620
14000001700115,test,8835_-14501
14000001700158,train,8567_-14514
14000001705079,train,8567_-14514
14000001705088,test,8835_-14501
14000001710022,test,8835_-14501
14000001710055,train,8567_-14514
14000001715092,train,8567_-14514
14000001715156,test,8835_-14501
14000001720011,test,8835_-14501
14000001735074,test,8835_-14501
14000001740193,test,8835_-14501
14000001745073,val,8893_-14641
14000001745077,test,8835_-14501
14000001750014,test,8835_-14501
14000001750020,val,8893_-14641
14000001755002,test,8835_-14501
14000001755184,train,8912_-14521
14000001755188,val,8893_-14641
14000001760034,train,8912_-14521
14000001765075,train,8912_-14521
14000001770111,train,8912_-14521
14000001770155,test,8835_-14501
14000001775008,train,8912_-14521
14000001775064,test,8835_-14501
14000001780027,train,8912_-14521
14000001780211,test,8835_-14501
14000001785127,test,8835_-14501
14000001785149,train,8912_-14521
14000001790076,train,8912_-14521
14000001795234,train,8912_-14521
14000001800076,train,8912_-14521
14000001805156,train,8912_-14521
14000001810229,train,8912_-14521
14000001815243,train,8912_-14521
14000001820006,train,8912_-14521
14000001825018,train,8910_-14514
14000001825046,train,8912_-14521
14000001830002,train,8910_-14514
14000001830035,test,8835_-14501
14000001835006,test,8835_-14501
14000001835096,train,8910_-14514
14000001835304,val,8802_-14641
14000001840006,train,8910_-14514
14000001840008,train,8714_-14607
14000001840148,test,8835_-14501
14000001840392,val,8802_-14641
14000001845021,test,8835_-14501
14000001845033,val,8802_-14641
14000001845089,train,8714_-14607
14000001845161,train,8910_-14513
14000001850068,val,8802_-14641
14000001850093,train,8910_-14513
14000001850185,train,8714_-14607
14000001855110,train,8910_-14513
14000001855156,val,8893_-14641
14000001855287,train,8714_-14607
14000001860059,train,8910_-14513
14000001865091,test,8835_-14501
14000001865206,val,8912_-14522
14000001865243,train,8907_-14627
14000001870077,train,8907_-14627
14000001870119,test,8835_-14501
14000001870169,val,8912_-14522
14000001875008,test,8835_-14501
14000001875069,train,8962_-14624
14000001875178,val,8912_-14522
14000001875201,train,8907_-14627
14000001880009,test,8835_-14501
14000001880190,val,8893_-14641
14000001880227,val,8912_-14522
14000001880234,train,8962_-14624
14000001880290,train,8907_-14627
14000001885027,train,8907_-14627
14000001885029,val,8893_-14641
14000001885171,test,8835_-14501
14000001885208,val,8912_-14522
14000001890119,val,8912_-14522
14000001890225,test,8835_-14501
14000001895157,test,8835_-14501
14000001895367,train,8721_-14614
14000001900230,train,8721_-14614
14000001905093,train,8721_-14614
14000001910213,val,8893_-14641
14000001910395,train,8721_-14614
14000001915133,val,8893_-14641
14000001920142,val,8835_-14502
14000001920190,val,8893_-14641
14000001925179,train,8566_-14514
14000001925201,val,8835_-14502
14000001930004,val,8835_-14502
14000001930111,val,8912_-14522
14000001930116,train,8566_-14514
14000001935006,val,8912_-14522
14000001935042,train,8566_-14514
14000001935124,val,8835_-14502
14000001940015,val,8835_-14502
14000001940166,val,8912_-14522
14000001940307,train,8566_-14514
14000001945026,train,8893_-14642
14000001945071,train,8801_-14642
14000001945095,val,8912_-14522
14000001945223,val,8835_-14502
14000001950003,train,8893_-14642
14000001950017,train,8798_-14639
14000001955012,train,8893_-14642
14000001955048,test,8583_-14647
14000001955207,train,8798_-14639
14000001960048,train,8893_-14642
14000001960295,test,8583_-14647
14000001960426,train,8798_-14639
14000001965060,train,8893_-14642
14000001965160,test,8583_-14647
14000001965254,train,8798_-14639
14000001970123,train,8893_-14642
14000001970218,test,8583_-14647
14000001975105,train,8911_-14522
14000001980099,train,8911_-14522
14000001985146,train,8911_-14522
14000001990232,train,8911_-14522
14000001995045,train,8893_-14642
14000001995051,train,8911_-14522
14000001995341,val,8566_-14515
14000002000040,train,8893_-14642
14000002000154,test,8834_-14502
14000002000185,train,8911_-14522
14000002000280,val,8566_-14515
14000002005071,train,8911_-14522
14000002005130,test,8834_-14502
14000002005146,train,8893_-14642
14000002005278,val,8566_-14515
14000002010125,test,8834_-14502
14000002010245,train,8911_-14522
14000002010319,val,8566_-14515
14000002015024,val,8566_-14515
14000002015081,train,8911_-14522
14000002015129,test,8834_-14502
14000002020108,train,8709_-14591
14000002020120,val,8566_-14515
14000002020150,train,8911_-14522
14000002020159,test,8834_-14502
14000002020191,train,8692_-14481
14000002025099,train,8692_-14481
14000002025254,val,8566_-14515
14000002030019,train,8692_-14481
14000002030058,val,8566_-14515
14000002030113,train,8709_-14591
14000002035255,train,8692_-14481
14000002035283,val,8566_-14515
14000002035337,train,8709_-14591
14000002040179,val,8566_-14515
14000002040192,train,8692_-14481
14000002040237,train,8709_-14591
14000002045054,train,8892_-14642
14000002045124,val,8566_-14515
14000002045133,train,8709_-14591
14000002045198,train,8980_-14619
14000002050082,train,8980_-14619
14000002050120,train,8892_-14642
14000002050125,val,8566_-14515
14000002055011,train,8892_-14642
14000002055173,val,8566_-14515
14000002055284,train,8980_-14619
14000002060174,train,8980_-14619
14000002060238,train,8892_-14642
14000002060265,val,8566_-14515
14000002065363,train,8798_-14639
14000002070039,train,8980_-14619
14000002070413,train,8798_-14639
14000002075006,train,8798_-14639
14000002075073,train,8892_-14642
14000002080046,train,8892_-14642
14000002080057,train,8798_-14639
14000002080158,train,8801_-14642
14000002085023,train,8962_-14625
14000002085049,train,8892_-14642
14000002085225,test,8708_-14591
14000002085245,val,8566_-14515
14000002085291,train,8907_-14627
14000002085333,train,8801_-14642
14000002090021,val,8566_-14515
14000002090108,train,8907_-14627
14000002090109,train,8582_-14646
14000002090164,train,8962_-14625
14000002090165,train,8801_-14642
14000002090184,train,8996_-14423
14000002090232,test,8708_-14591
14000002095012,train,8801_-14642
14000002095156,test,8708_-14591
14000002095175,train,8798_-14639
14000002095198,train,8892_-14642
14000002095210,val,8566_-14515
14000002095213,train,8582_-14646
14000002100003,val,8566_-14515
14000002100059,train,8892_-14642
14000002100254,train,8911_-14522
14000002100271,train,8582_-14646
14000002105026,train,8582_-14646
14000002105059,train,8962_-14625
14000002105229,train,8911_-14522
14000002105276,train,8892_-14642
14000002105338,train,8654_-14526
14000002110087,train,8582_-14646
14000002110124,train,8654_-14526
14000002110217,train,8911_-14522
14000002110259,train,8980_-14619
14000002110289,test,8708_-14591
14000002110341,train,8962_-14625
14000002115007,train,8911_-14522
14000002115075,train,8980_-14619
14000002115091,test,8708_-14591
14000002115265,train,8654_-14526
14000002115271,train,8962_-14625
14000002120060,test,8834_-14502
14000002120119,test,8708_-14591
14000002120197,train,8911_-14522
14000002120198,train,8980_-14619
14000002120239,train,8962_-14625
14000002125077,test,8708_-14591
14000002125217,train,8962_-14625
14000002125231,test,8834_-14502
14000002125237,train,8996_-14423
14000002125310,train,8980_-14619
14000002130096,train,8980_-14619
14000002130116,test,8834_-14502
14000002130267,train,8907_-14627
14000002135004,train,8892_-14642
14000002135049,test,8834_-14502
14000002135082,train,8996_-14423
14000002135130,train,8907_-14627
14000002140016,test,8834_-14502
14000002140043,train,8892_-14642
14000002140236,train,8996_-14423
14000002140307,train,8907_-14627
14000002145036,train,8996_-14423
14000002145069,train,8892_-14642
14000002145126,test,8708_-14591
14000002150167,test,8708_-14591
14000002150250,train,8798_-14639
14000002150280,train,8996_-14423
14000002155067,test,8708_-14591
14000002170097,train,8801_-14643
14000002175155,train,8801_-14643
14000002180105,train,8801_-14643
14000002180133,test,8708_-14591
14000002185126,test,8708_-14591
14000002185203,train,8801_-14643
14000002190087,train,8801_-14643
14000002190119,train,8892_-14642
14000002195055,train,8801_-14643
14000002195090,train,8892_-14642
14000002200034,train,8892_-14642
14000002200086,train,8801_-14643
14000002215150,train,8906_-14627
14000002220079,train,8906_-14627
14000002220200,train,8801_-14643
14000002225002,train,8906_-14627
14000002225141,train,8801_-14643
14000002230279,train,8801_-14643
14000002235295,train,8801_-14643
14000002245209,val,8566_-14515
14000002250086,val,8566_-14515
14000002250300,val,8691_-14481
14000002255231,val,8691_-14481
14000002255277,train,8719_-14503
14000002260032,test,8911_-14523
14000002260128,train,8892_-14642
14000002260186,val,8691_-14481
14000002260303,train,8719_-14503
14000002265093,test,8911_-14523
14000002265149,val,8691_-14481
14000002265171,train,8892_-14642
14000002265326,train,8719_-14503
14000002270120,val,8691_-14481
14000002270125,train,8910_-14512
14000002270130,train,8892_-14642
14000002270164,test,8911_-14523
14000002270340,train,8719_-14503
14000002275002,test,8911_-14523
14000002275013,train,8892_-14642
14000002275083,val,8691_-14481
14000002275108,train,8910_-14512
14000002280026,val,8691_-14481
14000002280029,test,8911_-14523
14000002285088,train,8892_-14642
14000002285141,test,8911_-14523
14000002290129,train,8892_-14642
14000002295180,train,8892_-14642
14000002300183,test,8713_-14607
14000002305185,test,8713_-14607
14000002310211,test,8713_-14607
14000002315235,val,8691_-14481
14000002320024,val,8691_-14481
14000002320109,train,8906_-14626
14000002325100,val,8691_-14481
14000002325264,train,8906_-14626
14000002330114,train,8906_-14626
14000002330159,val,8691_-14481
14000002330291,test,8713_-14607
14000002335191,test,8713_-14607
14000002340036,test,8713_-14607
14000002340233,train,8801_-14643
14000002345165,test,8713_-14607
14000002345223,train,8801_-14643
14000002350234,train,8801_-14643
14000002355273,train,8582_-14645
14000002355312,train,8801_-14643
14000002360181,train,8582_-14645
14000002365041,train,8582_-14645
14000002365195,test,8979_-14619
14000002370113,train,8582_-14645
14000002370246,test,8979_-14619
14000002375001,test,8979_-14619
14000002375026,train,8891_-14642
14000002375133,train,8582_-14645
14000002380017,train,8891_-14642
14000002380043,test,8911_-14523
14000002380113,test,8979_-14619
14000002380147,train,8582_-14645
14000002385019,train,8891_-14642
14000002385144,test,8911_-14523
14000002385189,train,8582_-14645
14000002385256,test,8713_-14607
14000002385280,test,8979_-14619
14000002390014,train,8582_-14645
14000002390064,test,8713_-14607
14000002390097,train,8891_-14642
14000002390238,test,8911_-14523
14000002395001,test,8911_-14523
14000002395103,test,8713_-14607
14000002395173,train,8582_-14645
14000002395298,train,8801_-14643
14000002400002,test,8911_-14523
14000002400068,train,8801_-14643
14000002400079,test,8713_-14607
14000002400113,train,8582_-14645
14000002405077,test,8713_-14607
14000002405103,train,8582_-14645
14000002405228,test,8911_-14523
14000002405274,train,8801_-14643
14000002405378,val,8718_-14503
14000002410092,train,8801_-14643
14000002410103,test,8713_-14607
14000002410105,test,8911_-14523
14000002410151,train,8582_-14645
14000002410322,val,8718_-14503
14000002415177,test,8713_-14607
14000002415253,train,8582_-14645
14000002420051,test,8713_-14607
14000002420074,val,8691_-14481
14000002420122,train,8582_-14645
14000002425071,train,8582_-14645
14000002425135,val,8691_-14481
14000002425302,train,8979_-14618
14000002430052,train,8979_-14618
14000002430221,val,8691_-14481
14000002435073,val,8691_-14481
14000002435164,train,8979_-14618
14000002440285,train,8979_-14618
14000002445167,train,8891_-14642
14000002450165,train,8962_-14627
14000002450176,train,8891_-14642
14000002455131,train,8891_-14642
14000002460063,train,8891_-14642
14000002475100,train,8801_-14643
14000002480035,train,8801_-14643
14000002480187,train,8906_-14626
14000002485082,train,8891_-14642
14000002485087,train,8906_-14626
14000002485120,train,8962_-14627
14000002485250,train,8801_-14643
14000002490046,train,8962_-14627
14000002490060,train,8891_-14642
14000002490075,train,8801_-14643
14000002490282,train,8906_-14626
14000002495020,train,8891_-14642
14000002495161,test,8910_-14511
14000002495205,train,8906_-14626
14000002495272,train,8962_-14627
14000002500000,train,8891_-14642
14000002500268,val,8736_-14462
14000002505036,train,8891_-14642
14000002505118,val,8736_-14462
14000002505222,train,8677_-14527
14000002510024,train,8677_-14527
14000002510063,val,8736_-14462
14000002515042,val,8736_-14462
14000002515124,train,8677_-14527
14000002520025,val,8736_-14462
14000002520106,val,8989_-14439
14000002520237,train,8677_-14527
14000002525052,val,8989_-14439
14000002525118,val,8736_-14462
14000002530093,val,8989_-14439
14000002530094,val,8736_-14462
14000002530129,train,8891_-14642
14000002530201,val,8884_-14401
14000002535012,val,8884_-14401
14000002535092,val,8627_-14490
14000002535137,train,8891_-14642
14000002535151,val,8989_-14439
14000002535213,val,8736_-14462
14000002540052,val,8736_-14462
14000002540178,val,8627_-14490
14000002540198,val,8657_-14494
14000002545060,val,8627_-14490
14000002545298,val,8657_-14494
14000002550015,val,8627_-14490
14000002550025,val,8657_-14494
14000002555118,val,8657_-14494
14000002560129,val,8627_-14490
14000002565031,val,8627_-14490
14000002570081,train,8891_-14642
14000002570242,train,8582_-14644
14000002575032,train,8891_-14642
14000002575133,val,8736_-14462
14000002575264,train,8582_-14644
14000002580035,val,8736_-14462
14000002580073,train,8891_-14642
14000002580115,val,8989_-14439
14000002580298,train,8582_-14644
14000002585023,val,8989_-14439
14000002585025,train,8582_-14644
14000002585086,val,8736_-14462
14000002590009,val,8989_-14439
14000002590079,train,8891_-14642
14000002590136,train,8677_-14528
14000002595018,val,8989_-14439
14000002595124,train,8854_-14514
14000002595128,train,8891_-14642
14000002595163,train,8677_-14528
14000002600009,train,8891_-14642
14000002600017,val,8989_-14439
14000002600093,train,8677_-14528
14000002605051,train,8854_-14514
14000002605053,train,8891_-14642
14000002605151,train,8677_-14528
14000002610094,train,8677_-14528
14000002610201,train,8854_-14514
14000002615012,test,8735_-14462
14000002615015,val,8989_-14439
14000002615064,train,8854_-14514
14000002620101,val,8989_-14439
14000002620170,train,8854_-14514
14000002625140,val,8989_-14439
14000002625150,val,8627_-14490
14000002630036,val,8627_-14490
14000002630140,val,8989_-14439
14000002635022,val,8627_-14490
14000002635046,test,8735_-14462
14000002635104,train,8582_-14644
14000002635155,val,8989_-14439
14000002640020,val,8989_-14439
14000002640079,val,8627_-14490
14000002640209,test,8735_-14462
14000002640274,train,8582_-14644
14000002645034,val,8627_-14490
14000002645043,train,8582_-14644
14000002645223,test,8735_-14462
14000002650053,val,8676_-14528
14000002650089,train,8582_-14644
14000002650096,val,8627_-14490
14000002650106,test,8735_-14462
14000002655013,val,8627_-14490
14000002655060,test,8735_-14462
14000002655139,val,8676_-14528
14000002660032,val,8676_-14528
14000002660051,train,8891_-14642
14000002665066,train,8891_-14642
14000002670026,train,8891_-14642
14000002670167,val,8989_-14439
14000002670351,val,8657_-14494
14000002675102,val,8657_-14494
14000002675120,train,8891_-14642
14000002675138,val,8989_-14439
14000002680071,train,8891_-14642
14000002680158,val,8989_-14439
14000002680237,val,8657_-14494
14000002685033,val,8989_-14439
14000002685186,train,8891_-14642
14000002690020,val,8989_-14439
14000002690076,train,8891_-14642
14000002695302,train,8658_-14494
14000002700095,train,8658_-14494
14000002705255,train,8658_-14494
14000002710047,train,8658_-14494
14000002725058,train,8989_-14440
14000002730101,train,8989_-14440
14000002735066,train,8626_-14490
14000002735098,train,8989_-14440
14000002735123,train,8582_-14644
14000002740100,test,8735_-14462
14000002740142,train,8626_-14490
14000002740251,train,8582_-14644
14000002745015,train,8626_-14490
14000002745101,train,8582_-14644
14000002750160,train,8582_-14644
14000002755004,train,8890_-14642
14000002755064,train,8582_-14644
14000002755190,train,8884_-14402
14000002760061,train,8890_-14642
14000002760088,train,8582_-14644
14000002760097,train,8626_-14490
14000002760135,train,8884_-14402
14000002765114,train,8884_-14402
14000002765221,train,8582_-14644
14000002770103,train,8884_-14402
14000002770139,train,8582_-14644
14000002775026,train,8890_-14642
14000002775102,train,8582_-14644
14000002775132,train,8989_-14440
14000002775213,test,8735_-14462
14000002780034,train,8582_-14644
14000002780061,train,8890_-14642
14000002780155,train,8989_-14440
14000002780177,test,8735_-14462
14000002780190,train,8884_-14402
14000002785055,train,8890_-14642
14000002785115,test,8735_-14462
14000002785127,train,8884_-14402
14000002785205,train,8582_-14644
14000002785207,train,8989_-14440
14000002790019,test,8735_-14462
14000002790046,train,8989_-14440
14000002790124,train,8890_-14642
14000002790309,train,8582_-14644
14000002795093,train,8989_-14440
14000002795137,train,8890_-14642
14000002800162,train,8989_-14440
14000002805019,train,8989_-14440
14000002805059,train,8626_-14490
14000002810138,train,8854_-14514
14000002810156,train,8626_-14490
14000002815072,train,8989_-14440
14000002815092,train,8582_-14644
14000002815132,train,8626_-14490
14000002815148,train,8854_-14514
14000002820103,train,8989_-14440
14000002820208,train,8854_-14514
14000002820286,train,8582_-14644
14000002825101,train,8854_-14514
14000002825120,train,8581_-14644
14000002825134,train,8989_-14440
14000002830057,train,8890_-14642
14000002830069,train,8854_-14514
14000002830189,train,8581_-14644
14000002830197,train,8989_-14440
14000002835022,train,8890_-14642
14000002835162,train,8581_-14644
14000002840041,train,8581_-14644
14000002845027,train,8581_-14644
14000002845201,train,8989_-14440
14000002850054,train,8989_-14440
14000002855018,train,8989_-14440
14000002855164,test,8735_-14462
14000002860085,train,8989_-14440
14000002860136,test,8735_-14462
14000002865101,train,8581_-14644
14000002870036,train,8854_-14514
14000002870044,train,8989_-14440
14000002870096,train,8581_-14644
14000002875013,train,8989_-14440
14000002875077,train,8854_-14514
14000002875146,train,8581_-14644
14000002880098,train,8581_-14644
14000002880116,train,8989_-14440
14000002880141,train,8854_-14514
14000002885006,train,8854_-14514
14000002885054,train,8989_-14440
14000002885103,train,8581_-14644
14000002885176,test,8735_-14462
14000002890015,train,8581_-14644
14000002890033,train,8989_-14440
14000002890044,test,8735_-14462
14000002890141,val,8658_-14495
14000002895032,train,8581_-14644
14000002895094,val,8658_-14495
14000002895100,train,8626_-14489
14000002895116,test,8735_-14462
14000002895239,train,8890_-14642
14000002900035,train,8890_-14642
14000002900039,val,8658_-14495
14000002900137,train,8581_-14644
14000002900176,train,8989_-14440
14000002900203,test,8735_-14462
14000002905086,test,8735_-14462
14000002905129,train,8581_-14644
14000002905148,train,8626_-14489
14000002905303,val,8658_-14495
14000002910020,train,8581_-14644
14000002910042,train,8989_-14440
14000002910089,val,8853_-14514
14000002910183,test,8735_-14462
14000002915017,val,8853_-14514
14000002915057,train,8989_-14440
14000002915060,test,8884_-14403
14000002915091,train,8581_-14644
14000002915178,test,8735_-14462
14000002920011,val,8853_-14514
14000002920083,test,8735_-14462
14000002920091,train,8581_-14644
14000002920213,test,8884_-14403
14000002925008,val,8853_-14514
14000002925117,test,8884_-14403
14000002925121,test,8735_-14462
14000002930050,test,8884_-14403
14000002930099,test,8735_-14462
14000002930104,train,8890_-14642
14000002935005,train,8890_-14642
14000002940047,train,8890_-14642
14000002940110,train,8581_-14644
14000002945225,train,8890_-14642
14000002945232,train,8581_-14644
14000002950166,train,8581_-14644
14000002950189,test,8884_-14403
14000002950244,train,8890_-14642
14000002955033,train,8890_-14642
14000002955071,test,8884_-14403
14000002960056,train,8581_-14644
14000002960134,test,8884_-14403
14000002965006,train,8581_-14644
14000002965122,test,8884_-14403
14000002970191,train,8734_-14462
14000002970287,train,8581_-14644
14000002975031,train,8581_-14644
14000002975054,train,8734_-14462
14000002975150,train,8676_-14529
14000002975218,train,8626_-14489
14000002980064,train,8676_-14529
14000002980084,train,8734_-14462
14000002980122,train,8581_-14644
14000002980226,train,8626_-14489
14000002985020,train,8676_-14529
14000002985037,val,8989_-14441
14000002985040,train,8734_-14462
14000002985085,train,8626_-14489
14000002985252,train,8581_-14644
14000002990023,test,8884_-14403
14000002990084,train,8581_-14644
14000002990171,val,8989_-14441
14000002990186,train,8734_-14462
14000002995140,val,8989_-14441
14000002995176,test,8884_-14403
14000002995192,train,8581_-14644
14000003000105,train,8626_-14489
14000003000131,val,8989_-14441
14000003000144,test,8884_-14403
14000003005030,train,8626_-14489
14000003005084,test,8884_-14403
14000003010015,val,8658_-14495
14000003010096,test,8884_-14403
14000003010127,train,8626_-14489
14000003015025,test,8884_-14403
14000003015147,val,8853_-14514
14000003015303,val,8658_-14495
14000003020037,test,8884_-14403
14000003020085,train,8988_-14441
14000003020132,val,8853_-14514
14000003025010,test,8884_-14403
14000003025043,train,8988_-14441
14000003025088,val,8853_-14514
14000003025161,train,8676_-14529
14000003030010,train,8988_-14441
14000003030160,val,8853_-14514
14000003030172,train,8676_-14529
14000003030267,train,8581_-14644
14000003035046,train,8581_-14644
14000003035048,train,8988_-14441
14000003035067,train,8677_-14529
14000003035136,val,8853_-14514
14000003040050,train,8988_-14441
14000003040123,train,8581_-14644
14000003040156,train,8677_-14529
14000003045065,train,8677_-14529
14000003045102,train,8988_-14441
14000003045211,train,8581_-14644
14000003050007,train,8988_-14441
14000003050031,train,8677_-14529
14000003055048,train,8677_-14529
14000003055074,train,8988_-14441
14000003060024,train,8626_-14489
14000003060045,train,8677_-14529
14000003060124,train,8988_-14441
14000003065047,train,8626_-14489
14000003065132,train,8988_-14441
14000003070028,train,8626_-14489
14000003070072,train,8988_-14441
14000003070144,val,8658_-14495
14000003075061,train,8988_-14441
14000003075200,val,8658_-14495
14000003080156,train,8988_-14441
14000003080248,val,8658_-14495
14000003085209,train,8581_-14644
14000003090074,train,8988_-14441
14000003090259,train,8581_-14644
14000003095045,train,8581_-14644
14000003095151,train,8988_-14441
14000003100115,train,8988_-14441
14000003100210,train,8581_-14643
14000003105069,train,8988_-14441
14000003105078,val,8853_-14514
14000003105106,train,8581_-14643
14000003105182,train,8626_-14489
14000003110047,train,8581_-14643
14000003110067,val,8853_-14514
14000003110084,train,8988_-14441
14000003110172,train,8626_-14489
14000003115018,train,8626_-14489
14000003115027,train,8581_-14643
14000003115091,train,8988_-14441
14000003115169,val,8853_-14514
14000003120024,train,8581_-14643
14000003120081,train,8988_-14441
14000003120093,train,8626_-14489
14000003125101,train,8988_-14441
14000003125116,train,8626_-14489
14000003130004,train,8988_-14441
14000003130057,train,8626_-14489
14000003135041,train,8988_-14441
14000003135092,train,8626_-14489
14000003140023,train,8988_-14441
14000003140154,train,8581_-14643
14000003145044,train,8988_-14441
14000003145234,train,8581_-14643
14000003150010,train,8581_-14643
14000003150104,train,8988_-14441
14000003155067,train,8988_-14441
14000003155145,val,8625_-14489
14000003160134,val,8625_-14489
14000003165001,val,8625_-14489
14000003170232,val,8625_-14489
14000003180036,train,8988_-14441
14000003180159,train,8581_-14643
14000003185029,train,8988_-14441
14000003185076,train,8581_-14643
14000003185133,val,8853_-14514
14000003190013,train,8581_-14643
14000003190115,train,8988_-14441
14000003195083,train,8988_-14441
14000003195131,val,8853_-14514
14000003200067,val,8853_-14514
14000003200113,train,8988_-14441
14000003205012,train,8988_-14441
14000003205101,val,8853_-14514
14000003210000,train,8988_-14441
14000003210150,val,8853_-14514
14000003215003,val,8853_-14514
14000003215033,train,8988_-14441
14000003220108,train,8988_-14441
14000003225104,train,8853_-14515
14000003230075,train,8853_-14515
14000003230242,train,8659_-14496
14000003235226,train,8659_-14496
14000003235258,val,8625_-14489
14000003240196,train,8659_-14496
14000003245173,train,8659_-14496
14000003250132,train,8625_-14488
14000003265173,val,8580_-14643
14000003270031,val,8580_-14643
14000003270101,val,8853_-14514
14000003275071,val,8853_-14514
14000003275196,val,8580_-14643
14000003280060,val,8580_-14643
14000003280145,val,8853_-14514
14000003285031,val,8853_-14514
14000003285144,train,8659_-14496
14000003285232,val,8580_-14643
14000003290003,train,8659_-14496
14000003290032,val,8853_-14514
14000003290181,train,8734_-14462
14000003295006,train,8659_-14496
14000003295028,train,8734_-14462
14000003295070,val,8853_-14514
14000003300110,val,8853_-14514
14000003300129,train,8659_-14496
14000003300169,train,8734_-14462
14000003305042,train,8734_-14462
14000003305058,val,8853_-14514
14000003305112,train,8659_-14496
14000003310138,val,8853_-14514
14000003310177,train,8734_-14462
14000003310196,train,8659_-14496
14000003315064,val,8853_-14514
14000003330031,train,8625_-14488
14000003330106,train,8659_-14496
14000003330239,val,8580_-14643
14000003335127,train,8659_-14496
14000003335150,train,8625_-14488
14000003335178,val,8580_-14643
14000003340025,val,8580_-14643
14000003340037,train,8625_-14488
14000003340087,train,8659_-14496
14000003340097,val,8853_-14514
14000003340250,test,8733_-14462
14000003345047,val,8580_-14643
14000003345058,test,8733_-14462
14000003345121,train,8659_-14496
14000003350137,test,8733_-14462
14000003350226,val,8580_-14643
14000003355053,train,8852_-14515
14000003355219,test,8733_-14462
14000003360027,test,8733_-14462
14000003360152,train,8852_-14515
14000003365091,train,8852_-14515
14000003370050,train,8852_-14515
14000003380036,train,8852_-14515
14000003385004,train,8852_-14515
14000003385038,val,8580_-14643
14000003390018,val,8580_-14643
14000003390051,train,8852_-14515
14000003395062,train,8852_-14515
14000003395121,val,8580_-14643
14000003400014,train,8987_-14441
14000003400065,train,8852_-14515
14000003405147,train,8987_-14441
14000003410020,train,8987_-14441
14000003415097,train,8987_-14441
14000003420034,train,8987_-14441
14000003425079,test,8580_-14642
14000003425121,train,8987_-14441
14000003430056,val,8965_-14618
14000003430090,train,8987_-14441
14000003430268,test,8733_-14463
14000003435037,val,8965_-14618
14000003435115,train,8987_-14441
14000003440154,val,8965_-14618
14000003445008,val,8965_-14618
14000003445033,train,8852_-14515
14000003450047,train,8852_-14515
14000003455095,train,8852_-14515
14000003455140,train,8987_-14441
14000003455167,train,8659_-14496
14000003460005,train,8852_-14515
14000003460007,train,8987_-14441
14000003460113,train,8659_-14496
14000003465055,train,8659_-14496
14000003465058,train,8852_-14515
14000003465059,train,8987_-14441
14000003470056,train,8987_-14441
14000003470111,train,8852_-14515
14000003470175,train,8659_-14496
14000003475157,train,8987_-14441
14000003480035,train,8987_-14441
14000003485032,train,8987_-14441
14000003490062,train,8987_-14441
14000003490210,train,8625_-14488
14000003495039,train,8659_-14496
14000003495130,train,8987_-14441
14000003500027,train,8659_-14496
14000003500037,train,8987_-14441
14000003500114,train,8625_-14488
14000003505094,train,8852_-14515
14000003505099,train,8659_-14496
14000003510051,train,8852_-14515
14000003510167,train,8659_-14496
14000003515086,train,8852_-14515
14000003515115,train,8625_-14488
14000003520080,test,8987_-14442
14000003520146,train,8852_-14515
14000003520191,train,8625_-14488
14000003525056,train,8852_-14515
14000003525134,test,8987_-14442
14000003525300,train,8625_-14488
14000003530027,train,8852_-14515
14000003530113,train,8625_-14488
14000003535035,val,8965_-14618
14000003550126,train,8659_-14496
14000003555029,train,8659_-14496
14000003555209,train,8625_-14488
14000003560032,train,8659_-14496
14000003560036,train,8852_-14515
14000003560178,train,8625_-14488
14000003565015,train,8659_-14496
14000003565114,train,8964_-14618
14000003565173,train,8625_-14488
14000003570115,test,8987_-14442
14000003570204,train,8964_-14618
14000003575030,test,8987_-14442
14000003575081,train,8964_-14618
14000003580154,test,8987_-14442
14000003580190,train,8964_-14618
14000003585117,train,8964_-14618
14000003585164,test,8987_-14442
14000003590120,test,8987_-14442
14000003595086,test,8987_-14442
14000003595095,val,8660_-14496
14000003600098,test,8987_-14442
14000003625083,train,8964_-14618
14000003630044,train,8964_-14618
14000003635207,train,8964_-14617
14000003640101,train,8964_-14617
14000003640145,test,8987_-14442
14000003645008,test,8987_-14442
14000003650039,test,8987_-14442
14000003655054,test,8987_-14442
14000003655166,train,8624_-14488
14000003660096,train,8624_-14488
14000003660128,test,8987_-14442
14000003665008,train,8624_-14487
14000003670186,train,8624_-14487
14000003675069,train,8624_-14487
14000003675113,train,8964_-14617
14000003685137,test,8987_-14442
14000003690145,test,8987_-14442
14000003695137,test,8987_-14442
14000003705031,val,8660_-14496
14000003710113,val,8660_-14496
14000003715025,val,8660_-14496
14000003720183,val,8660_-14496
14000003735138,test,8987_-14442
14000003740072,test,8987_-14442
14000003745117,test,8987_-14442
14000003750046,test,8987_-14442
14000003755029,test,8987_-14442
14000003760167,val,8660_-14496
14000003765018,test,8987_-14442
14000003765069,val,8660_-14496
14000003770082,test,8987_-14442
14000003775096,test,8987_-14442
14000003810222,train,8624_-14487
14000003815024,train,8624_-14487
14000003815135,test,8987_-14442
14000003820142,test,8987_-14442
14000003820188,train,8624_-14487
14000003825008,test,8987_-14442
14000003825145,train,8624_-14487
14000003830156,test,8987_-14442
14000003835144,test,8987_-14442
14000003840068,test,8987_-14442
14000003840149,train,8964_-14617
14000003845075,test,8987_-14442
14000003850034,test,8987_-14442
14000003855046,test,8987_-14442
14000003860014,test,8987_-14442
14000003880127,test,8987_-14442
14000003885153,train,8660_-14497
14000003885162,test,8987_-14442
14000003885282,train,8624_-14487
14000003890034,test,8987_-14442
14000003890062,train,8624_-14487
14000003890199,train,8660_-14497
14000003895006,train,8660_-14497
14000003895070,train,8624_-14487
14000003895092,test,8987_-14442
14000003900032,train,8624_-14487
14000003900034,train,8660_-14497
14000003950187,train,8624_-14487
14000003955020,train,8660_-14497
14000003955149,train,8624_-14487
14000003960068,train,8660_-14497
14000003960136,train,8624_-14487
14000003965161,train,8624_-14487
14000004050123,train,8623_-14487
14000004055066,train,8623_-14487
14000004060015,train,8623_-14487
14000004095200,train,8986_-14443
14000004100031,train,8986_-14443
14000004105212,train,8986_-14443
14000004170185,train,8986_-14443
14000004175005,train,8986_-14443
14000004180187,train,8986_-14443
14000004185157,train,8986_-14443
14000004195044,train,8661_-14498
14000004200133,train,8661_-14498
14000004265014,train,8661_-14498
14000004270180,train,8661_-14498
14000004275076,train,8661_-14498
14000004280092,train,8661_-14498
14000004285101,train,8661_-14498
14000004290118,train,8661_-14498
14000004295030,train,8661_-14498
14000004300038,train,8661_-14498
14000004305002,train,8661_-14498
14000004310064,train,8661_-14498
14000004315088,train,8661_-14498
14000004320046,train,8661_-14498
14000004325076,train,8661_-14498
14000004330080,train,8661_-14498
14000004335101,train,8661_-14498
14000004340188,train,8661_-14498
14000004345075,train,8661_-14498
14000004385133,train,8661_-14499
14000004390174,train,8661_-14499
14000004395066,train,8661_-14499
14000004400204,train,8661_-14499
14000004405173,train,8661_-14499
14000004410197,train,8661_-14499
14000004440067,train,8661_-14499
14000004445039,train,8661_-14499
14000004450006,train,8661_-14499
14000004455197,train,8661_-14499
14000004460120,train,8661_-14499
14000004465046,train,8661_-14499
14000004470230,train,8661_-14499
14000004475145,train,8661_-14499
14000004480030,train,8661_-14499
14000004515005,train,8661_-14499
14000004520003,train,8661_-14499
14000004525197,train,8661_-14499
14000004530133,train,8661_-14499
14000004535065,train,8661_-14499
14000004540030,train,8661_-14499
14000004545053,train,8661_-14499
14000004670196,val,8660_-14499
14000004675028,val,8660_-14499
14000004680021,val,8660_-14499
14000004685144,val,8660_-14499
14000004690124,val,8660_-14499
14000004730079,val,8660_-14499
14000004735179,val,8660_-14499
14000004740051,val,8660_-14499
14000004750130,val,8660_-14499
14000004755073,val,8660_-14499
14000004760060,val,8660_-14499
14000004765075,val,8660_-14499
14000004810049,val,8660_-14499
14000004815096,val,8660_-14499
14000004820194,val,8660_-14499
14000004825007,val,8660_-14499
14000004990112,val,8660_-14500
14000004995299,val,8660_-14500
14000005000019,test,8635_-14612
14000005005027,train,8841_-14501
14000005005138,test,8635_-14612
14000005010007,train,8841_-14501
14000005010113,test,8635_-14612
14000005015040,train,8950_-14436
14000005020078,train,8950_-14436
14000005025103,train,8841_-14501
14000005030057,train,8867_-14622
14000005030140,train,8841_-14501
14000005030179,train,8950_-14436
14000005035030,train,8950_-14436
14000005035082,train,8841_-14501
14000005040073,train,8841_-14501
14000005040095,train,8950_-14436
14000005045145,train,8950_-14435
14000005045180,train,8867_-14622
14000005050139,train,8867_-14622
14000005055137,train,8867_-14622
14000005060161,train,8867_-14622
14000005065019,train,8841_-14501
14000005070037,train,8841_-14501
14000005075023,train,8841_-14501
14000005080126,train,8841_-14501
14000005090009,train,8841_-14501
14000005095077,train,8841_-14501
14000005100023,train,8899_-14622
14000005100166,train,8841_-14501
14000005105120,test,8635_-14612
14000005105162,train,8899_-14622
14000005105209,train,8841_-14501
14000005110012,test,8635_-14612
14000005110078,train,8841_-14501
14000005110121,train,8899_-14622
14000005110149,train,8950_-14435
14000005115073,train,8950_-14435
14000005115089,train,8841_-14501
14000005115216,train,8899_-14622
14000005120080,train,8899_-14622
14000005120148,train,8841_-14501
14000005120232,train,8950_-14435
14000005125033,train,8841_-14501
14000005125098,train,8950_-14435
14000005125140,train,8899_-14622
14000005125217,test,8635_-14612
14000005130105,test,8635_-14612
14000005130169,train,8841_-14501
14000005130206,train,8899_-14622
14000005135092,train,8899_-14622
14000005135150,test,8635_-14612
14000005135170,train,8841_-14501
14000005140087,train,8950_-14435
14000005140098,train,8841_-14501
14000005140154,test,8635_-14612
14000005140208,train,8899_-14622
14000005145019,train,8841_-14502
14000005145046,train,8950_-14435
14000005145134,train,8899_-14622
14000005150008,train,8841_-14502
14000005150021,train,8950_-14435
14000005155024,train,8950_-14435
14000005155055,train,8841_-14502
14000005155144,train,8899_-14622
14000005160005,train,8950_-14435
14000005160011,train,8899_-14622
14000005160083,train,8841_-14502
14000005165138,train,8899_-14622
14000005170020,train,8899_-14622
14000005175042,test,8635_-14612
14000005175061,train,8867_-14622
14000005180027,train,8867_-14622
14000005180101,train,8899_-14622
14000005180142,test,8635_-14612
14000005185014,train,8899_-14622
14000005185214,train,8867_-14622
14000005190106,train,8899_-14622
14000005190124,train,8866_-14622
14000005195141,train,8899_-14622
14000005195165,train,8949_-14435
14000005210227,train,8949_-14435
14000005215022,train,8898_-14622
14000005215080,test,8635_-14612
14000005215139,train,8949_-14435
14000005220106,test,8635_-14612
14000005220227,train,8949_-14435
14000005225102,test,8635_-14612
14000005225158,train,8949_-14435
14000005230010,train,8866_-14622
14000005230117,test,8635_-14612
14000005230118,train,8949_-14435
14000005235224,train,8866_-14622
14000005240195,train,8866_-14622
14000005245044,test,8635_-14612
14000005245056,train,8866_-14622
14000005250033,train,8898_-14622
14000005250099,test,8635_-14612
14000005255037,test,8635_-14612
14000005255041,train,8898_-14622
14000005260109,test,8635_-14612
14000005260144,train,8898_-14622
14000005265141,train,8898_-14622
14000005275166,train,8898_-14622
14000005280156,train,8898_-14622
14000005285084,train,8898_-14622
14000005290130,train,8898_-14622
14000005315020,train,8898_-14622
14000005315208,train,8949_-14435
14000005320016,train,8898_-14622
14000005320112,train,8949_-14435
14000005325007,train,8898_-14622
14000005325097,train,8949_-14435
14000005330072,train,8898_-14622
14000005330131,train,8949_-14435
14000005335217,train,8949_-14435
14000005350094,train,8949_-14435
14000005355141,train,8949_-14435
14000005360175,train,8949_-14435
14000005365067,train,8898_-14622
14000005365108,train,8949_-14435
14000005370150,train,8898_-14622
14000005370161,test,8634_-14613
14000005375143,test,8634_-14613
14000005375145,train,8898_-14622
14000005380096,train,8898_-14622
14000005380219,test,8634_-14613
14000005380239,train,8949_-14435
14000005385025,test,8634_-14613
14000005385181,train,8949_-14435
14000005390143,train,8898_-14622
14000005390165,train,8949_-14435
14000005395192,train,8949_-14435
14000005395206,test,8634_-14613
14000005400105,test,8634_-14613
14000005405064,test,8634_-14613
14000005410052,test,8634_-14613
14000005430127,train,8866_-14622
14000005430133,train,8898_-14622
14000005435022,train,8866_-14622
14000005435023,train,8898_-14622
14000005440105,train,8898_-14622
14000005445105,train,8898_-14622
14000005455205,train,8866_-14622
14000005460189,train,8866_-14622
14000005465038,train,8866_-14622
14000005470063,train,8866_-14622
14000005520112,train,8866_-14622
14000005525084,train,8866_-14622
14000005530256,train,8866_-14622
14000005535117,train,8866_-14622
14000005540251,train,8865_-14622
14000005545064,train,8865_-14622
14000005575176,val,8898_-14623
14000005590110,train,8897_-14623
14000005590215,train,8865_-14622
14000005590217,test,8634_-14613
14000005595094,train,8865_-14622
14000005595117,train,8897_-14623
14000005595233,test,8634_-14613
14000005600195,train,8865_-14622
14000005600236,test,8634_-14613
14000005605006,train,8865_-14622
14000005605119,train,8897_-14623
14000005605229,test,8634_-14613
14000005610194,train,8865_-14622
14000005610196,train,8897_-14623
14000005610206,test,8634_-14613
14000005615076,train,8897_-14623
14000005615138,train,8865_-14622
14000005640211,train,8865_-14622
14000005645187,train,8865_-14622
14000005650227,train,8865_-14622
14000005655161,train,8865_-14622
14000005660008,train,8897_-14623
14000005665046,train,8897_-14623
14000005670028,train,8897_-14623
14000005670217,train,8948_-14434
14000005675145,train,8948_-14434
14000005675181,train,8897_-14623
14000005680065,train,8897_-14623
14000005680072,train,8948_-14434
14000005685039,train,8948_-14434
14000005685098,train,8897_-14623
14000005690114,train,8897_-14623
14000005710048,train,8897_-14623
14000005715042,train,8634_-14614
14000005720130,train,8634_-14614
14000005725081,train,8897_-14623
14000005725214,train,8634_-14614
14000005730029,train,8634_-14614
14000005730159,train,8897_-14623
14000005735042,train,8897_-14623
14000005740085,test,8865_-14621
14000005745059,test,8865_-14621
14000005750068,test,8865_-14621
14000005755116,test,8865_-14621
14000005790237,test,8865_-14621
14000005815087,train,8897_-14623
14000005820082,train,8897_-14623
14000005845231,train,8633_-14614
14000005850130,train,8897_-14623
14000005850132,train,8633_-14614
14000005855190,train,8897_-14623
14000005860019,train,8897_-14623
14000005870041,test,8865_-14621
14000005875036,test,8865_-14621
14000005880031,test,8865_-14621
14000005885285,test,8865_-14621
14000005890158,test,8865_-14621
14000005900134,train,8897_-14623
14000005990245,train,8948_-14433
14000005995165,train,8948_-14433
14000006000048,val,8865_-14620
14000006000111,train,8948_-14433
14000006005066,val,8865_-14620
14000006005074,train,8948_-14433
14000006010066,train,8948_-14433
14000006010301,test,8896_-14623
14000006015030,test,8896_-14623
14000006020089,test,8896_-14623
14000006025181,test,8896_-14623
14000006030209,train,8948_-14433
14000006075137,val,8865_-14620
14000006080018,val,8865_-14620
14000006080221,train,8633_-14614
14000006085091,train,8633_-14614
14000006085248,val,8865_-14620
14000006090120,train,8633_-14614
14000006090182,val,8865_-14620
14000006095097,train,8633_-14614
14000006100076,train,8633_-14614
14000006105089,train,8633_-14614
14000006110302,val,8865_-14620
14000006115149,val,8865_-14620
14000006120072,val,8865_-14620
14000006125066,val,8865_-14620
14000006130131,val,8865_-14620
14000006160258,train,8633_-14614
14000006165263,train,8633_-14614
14000006170013,train,8632_-14614
14000006175247,train,8632_-14614
14000006180232,test,8896_-14623
14000006185006,train,8632_-14614
14000006185008,test,8896_-14623
14000006190073,test,8896_-14623
14000006195076,test,8896_-14623
14000006215099,train,8632_-14614
14000006220046,train,8632_-14614
14000006225064,train,8632_-14614
14000006225238,test,8896_-14623
14000006230031,test,8896_-14623
14000006230138,train,8632_-14614
14000006235243,train,8632_-14614
14000006320115,train,8895_-14623
14000006330377,test,8864_-14620
14000006370004,train,8895_-14623
14000006375262,train,8895_-14623
14000006380270,train,8895_-14623
14000006385034,train,8895_-14623
14000006430124,train,8895_-14623
14000006435222,train,8895_-14623
14000006440288,train,8895_-14623
14000006450058,train,8895_-14623
14000006455073,train,8895_-14623
14000006460074,train,8895_-14623
14000006470116,train,8895_-14623
14000006475193,train,8895_-14623
14000006490239,train,8632_-14614
14000006505059,train,8895_-14623
14000006510179,train,8895_-14623
14000006540288,train,8631_-14614
14000006545259,train,8631_-14614
14000006550199,val,8946_-14432
14000006550207,train,8631_-14614
14000006555068,val,8946_-14432
14000006555148,train,8631_-14614
14000006560091,train,8631_-14614
14000006560266,val,8946_-14432
14000006565036,train,8631_-14614
14000006565050,val,8946_-14432
14000006570284,train,8631_-14614
14000006625052,train,8864_-14619
14000006630110,val,8946_-14432
14000006630290,train,8864_-14619
14000006635006,train,8895_-14623
14000006635101,train,8864_-14619
14000006635118,val,8946_-14432
14000006640091,train,8895_-14623
14000006640204,val,8946_-14432
14000006645026,val,8946_-14432
14000006645151,train,8864_-14619
14000006650356,train,8864_-14619
14000006655089,train,8864_-14619
14000006655153,val,8946_-14432
14000006660065,val,8946_-14432
14000006690155,val,8631_-14615
14000006695133,val,8631_-14615
14000006700074,val,8631_-14615
14000006710261,val,8946_-14432
14000006715136,val,8946_-14432
14000006720017,val,8946_-14432
14000006725232,val,8946_-14432
14000006755068,val,8894_-14623
14000006760109,val,8894_-14623
14000006765174,val,8894_-14623
14000006770231,val,8894_-14623
14000006775273,val,8894_-14623
14000006805123,val,8894_-14623
14000006810032,val,8894_-14623
14000006840168,val,8631_-14615
14000006845012,val,8631_-14615
14000006860156,val,8863_-14618
14000006865321,val,8863_-14618
14000006870116,val,8863_-14618
14000006875340,val,8863_-14618
14000006880195,val,8863_-14618
14000006885084,val,8863_-14618
14000006890406,val,8863_-14618
14000006925103,val,8894_-14623
14000006930018,val,8894_-14623
14000006935208,val,8894_-14623
14000007010138,train,8893_-14623
14000007015242,train,8893_-14623
14000007020049,train,8893_-14623
14000007025072,train,8893_-14623
14000007030116,train,8893_-14623
14000007035163,train,8893_-14623
14000007070051,train,8631_-14616
14000007075236,train,8631_-14616
14000007080282,train,8631_-14616
14000007085191,train,8631_-14616
14000007090259,train,8631_-14616
14000007155035,train,8893_-14623
14000007165014,train,8893_-14623
14000007170078,train,8893_-14623
14000007180094,train,8893_-14623
14000007185175,train,8893_-14623
14000007190164,train,8893_-14623
14000007195004,train,8893_-14623
14000007205146,train,8630_-14616
14000007210277,train,8630_-14616
14000007215147,train,8630_-14616
14000007230035,train,8893_-14623
14000007235037,train,8893_-14623
14000007240095,train,8893_-14623
14000007285008,train,8893_-14623
14000007290221,train,8893_-14623
14000007295210,train,8893_-14623
14000007300251,train,8893_-14623
14000007305082,train,8893_-14623
14000007310249,train,8893_-14623
14000007315216,train,8893_-14623
14000007320238,train,8893_-14623
14000007350227,train,8630_-14617
14000007355279,train,8630_-14617
14000007360028,train,8630_-14617
14000007365030,train,8630_-14617
14000007465222,train,8892_-14622
14000007500143,train,8999_-14535
14000007500173,train,8723_-14635
14000007505099,train,8722_-14635
14000007505125,train,8999_-14535
14000007510115,train,8999_-14535
14000007515120,train,8999_-14535
14000007525225,train,8709_-14481
14000007530228,train,8709_-14480
14000007530258,train,8892_-14622
14000007535065,train,8892_-14622
14000007535232,train,8709_-14480
14000007540023,train,8722_-14635
14000007540120,train,8892_-14622
14000007540258,train,8708_-14480
14000007545009,train,8999_-14535
14000007545097,train,8722_-14635
14000007545110,train,8892_-14622
14000007545234,train,8887_-14403
14000007550071,train,8722_-14635
14000007550079,train,8999_-14535
14000007550250,train,8887_-14403
14000007555147,train,8999_-14535
14000007555205,train,8722_-14635
14000007555210,train,8887_-14403
14000007560005,train,8999_-14535
14000007560118,train,8887_-14403
14000007565002,train,8708_-14480
14000007565238,train,8887_-14403
14000007570259,train,8708_-14480
14000007575132,train,8731_-14466
14000007575228,train,8708_-14480
14000007580055,train,8731_-14466
14000007580174,train,8708_-14480
14000007600180,train,8887_-14403
14000007600241,test,8998_-14535
14000007605248,test,8998_-14535
14000007615008,test,8998_-14535
14000007615075,train,8722_-14635
14000007620030,test,8998_-14535
14000007620070,train,8722_-14635
14000007625175,test,8998_-14535
14000007630147,test,8998_-14535
14000007635224,test,8998_-14535
14000007645200,test,8722_-14636
14000007645237,test,8886_-14403
14000007650140,test,8886_-14403
14000007650252,test,8722_-14636
14000007655045,test,8886_-14403
14000007655092,test,8722_-14636
14000007660195,train,8708_-14480
14000007665056,train,8708_-14480
14000007670049,train,8708_-14480
14000007670098,test,8722_-14636
14000007675182,train,8708_-14480
14000007675209,test,8722_-14636
14000007680037,test,8722_-14636
14000007680202,train,8708_-14480
14000007685101,train,8708_-14480
14000007690067,train,8708_-14480
14000007695068,test,8722_-14636
14000007695084,train,8708_-14480
14000007700094,train,8708_-14480
14000007700212,test,8722_-14636
14000007705072,train,8708_-14480
14000007710094,train,8708_-14480
14000007715014,train,8708_-14480
14000007715158,test,8722_-14636
14000007720002,train,8708_-14480
14000007720065,train,8891_-14622
14000007725106,train,8708_-14480
14000007725237,train,8891_-14622
14000007730024,train,8708_-14480
14000007735006,test,8998_-14535
14000007735071,train,8708_-14480
14000007740002,test,8998_-14535
14000007740101,train,8708_-14480
14000007740139,train,8886_-14404
14000007745039,train,8708_-14480
14000007745065,test,8998_-14535
14000007745249,train,8886_-14404
14000007750045,train,8886_-14404
14000007750153,test,8998_-14535
14000007755006,test,8998_-14535
14000007755059,train,8886_-14404
14000007755080,train,8708_-14480
14000007755197,test,8835_-14529
14000007760041,train,8886_-14404
14000007760131,test,8998_-14535
14000007760251,test,8835_-14529
14000007765210,train,8886_-14404
14000007770064,train,8886_-14404
14000007775112,train,8886_-14404
14000007780125,train,8886_-14404
14000007780255,test,8722_-14636
14000007785097,train,8886_-14404
14000007785229,test,8722_-14636
14000007785249,train,8731_-14465
14000007790142,test,8722_-14636
14000007795050,test,8722_-14636
14000007800074,test,8835_-14529
14000007800242,test,8722_-14636
14000007805105,test,8835_-14529
14000007805156,test,8998_-14535
14000007810014,test,8835_-14529
14000007810122,test,8998_-14535
14000007810167,train,8891_-14622
14000007815093,test,8835_-14529
14000007815214,train,8891_-14622
14000007825042,train,8891_-14622
14000007830057,train,8891_-14622
14000007830119,train,8886_-14404
14000007835038,train,8886_-14404
14000007835069,train,8891_-14622
14000007840080,train,8891_-14622
14000007840083,train,8886_-14404
14000007845063,train,8891_-14622
14000007845064,train,8886_-14404
14000007850091,train,8886_-14404
14000007855020,train,8886_-14404
14000007860032,train,8886_-14404
14000007860131,test,8835_-14529
14000007860211,test,8722_-14636
14000007865036,test,8722_-14636
14000007865060,train,8886_-14404
14000007870021,train,8886_-14404
14000007870056,train,8891_-14622
14000007870119,test,8722_-14636
14000007875137,train,8891_-14622
14000007875198,test,8722_-14636
14000007880034,test,8722_-14636
14000007885129,train,8886_-14404
14000007900221,train,8731_-14464
14000007905180,test,8722_-14636
14000007905218,train,8731_-14464
14000007910115,test,8722_-14636
14000007910181,train,8891_-14622
14000007910229,train,8731_-14464
14000007915126,train,8891_-14622
14000007915264,train,8731_-14464
14000007920044,train,8891_-14622
14000007925182,train,8891_-14622
14000007930164,test,8886_-14403
14000007935138,test,8886_-14403
14000007940025,test,8886_-14403
14000007945106,train,8835_-14530
14000007945119,train,8891_-14622
14000007945136,test,8886_-14403
14000007950274,train,8835_-14530
14000007955006,train,8835_-14530
14000007965091,train,8835_-14530
14000007990005,val,8730_-14464
14000007990120,train,8891_-14622
14000007995068,train,8891_-14622
14000007995112,val,8730_-14464
14000008000150,test,8886_-14403
14000008005143,test,8886_-14403
14000008010014,train,8835_-14530
14000008010101,test,8886_-14403
14000008015178,train,8835_-14530
14000008015193,test,8886_-14403
14000008020019,train,8835_-14530
14000008020039,train,8891_-14622
14000008020114,val,8730_-14464
14000008025036,train,8835_-14530
14000008025096,train,8891_-14622
14000008025180,val,8722_-14637
14000008025206,val,8730_-14464
14000008030033,val,8730_-14464
14000008030051,val,8722_-14637
14000008030139,train,8891_-14622
14000008035139,val,8730_-14464
14000008035172,train,8891_-14622
14000008040113,val,8730_-14464
14000008040197,train,8891_-14622
14000008045013,val,8730_-14464
14000008045225,train,8890_-14622
14000008050007,val,8730_-14464
14000008050032,train,8890_-14622
14000008055092,train,8890_-14622
14000008055124,train,8835_-14530
14000008060062,train,8835_-14530
14000008065106,train,8835_-14530
14000008070025,train,8835_-14530
14000008085031,train,8834_-14530
14000008085208,train,8890_-14622
14000008090064,train,8834_-14530
14000008090198,train,8890_-14622
14000008095073,train,8834_-14530
14000008100029,train,8834_-14530
14000008100114,train,8890_-14622
14000008105057,train,8890_-14622
14000008110196,train,8890_-14622
14000008110225,train,8834_-14530
14000008130099,train,8890_-14622
14000008135025,train,8890_-14622
14000008140146,train,8890_-14622
14000008145233,train,8890_-14622
14000008160131,train,8890_-14622
14000008165104,train,8890_-14622
14000008170175,train,8890_-14622
14000008185190,train,8834_-14530
14000008190124,train,8834_-14530
14000008235086,train,8890_-14622
14000008240130,train,8890_-14622
14000008250164,train,8834_-14530
14000008255263,train,8834_-14530
14000008260014,train,8834_-14530
14000008265084,train,8834_-14530
14000008310161,train,8722_-14638
14000008315282,train,8722_-14638
14000008320112,train,8722_-14638
14000008325059,val,8885_-14403
14000008325339,train,8722_-14638
14000008330156,val,8885_-14403
14000008335076,val,8885_-14403
14000008340050,val,8885_-14403
14000008400283,test,8834_-14531
14000008405082,test,8834_-14531
14000008415188,test,8834_-14531
14000008420164,test,8834_-14531
14000008425157,test,8834_-14531
14000008430157,test,8834_-14531
14000008445021,train,8722_-14638
14000008450006,test,8884_-14403
14000008455166,test,8884_-14403
14000008460207,test,8884_-14403
14000008490134,test,8722_-14639
14000008495177,test,8722_-14639
14000008500176,test,8722_-14639
14000008505145,test,8722_-14639
14000008540215,test,8722_-14639
14000008545124,test,8722_-14639
14000008550092,test,8722_-14639
14000008550143,test,8884_-14403
14000008555063,test,8884_-14403
14000008555102,test,8722_-14639
14000008560067,test,8884_-14403
14000008570188,test,8884_-14403
14000008575131,test,8884_-14403
14000008580131,test,8884_-14403
14000008585022,test,8884_-14403
14000008590057,test,8884_-14403
14000008595012,test,8884_-14403
14000008600012,test,8884_-14403
14000008605047,test,8884_-14403
14000008610044,test,8884_-14403
14000008620201,train,8721_-14639
14000008625139,train,8721_-14639
14000008630078,train,8721_-14639
14000008635017,train,8721_-14639
14000008635153,test,8884_-14403
14000008640037,test,8884_-14403
14000008645094,test,8884_-14403
14000008650009,test,8884_-14403
14000008690061,test,8884_-14403
14000008695031,test,8884_-14403
14000008700090,test,8884_-14403
14000008705020,test,8884_-14403
14000008725112,test,8884_-14403
14000008740168,train,8833_-14531
14000008740281,train,8721_-14640
14000008745089,train,8833_-14531
14000008745175,train,8721_-14640
14000008750068,train,8721_-14640
14000008750401,train,8833_-14531
14000008755293,train,8833_-14531
14000008755331,train,8721_-14640
14000008770139,train,8883_-14403
14000008770316,train,8833_-14531
14000008775079,train,8883_-14403
14000008775164,train,8833_-14531
14000008815117,train,8883_-14403
14000008820132,train,8883_-14403
14000008835028,train,8883_-14403
14000008840216,train,8883_-14403
14000008845050,train,8883_-14403
14000008850020,train,8883_-14403
14000008875182,train,8832_-14531
14000008880218,train,8832_-14531
14000008885279,train,8832_-14531
14000008935192,train,8722_-14640
14000008940335,train,8722_-14640
14000008945107,train,8722_-14640
14000008950255,train,8722_-14640
14000008970177,train,8832_-14531
14000009000407,train,8722_-14641
14000009055294,train,8722_-14641
14000009060118,train,8883_-14403
14000009060237,train,8722_-14641
14000009065159,train,8883_-14403
14000009070249,train,8883_-14404
14000009075146,train,8883_-14404
14000009080129,train,8883_-14404
14000009080194,train,8722_-14641
14000009085222,train,8883_-14404
14000009085231,train,8722_-14641
14000009090160,train,8722_-14641
14000009095009,train,8722_-14641
14000009125055,train,8832_-14531
14000009130112,train,8722_-14641
14000009130140,train,8832_-14531
14000009135085,train,8832_-14531
14000009135179,train,8722_-14641
14000009140067,train,8832_-14531
14000009155087,train,8832_-14531
14000009160014,train,8722_-14641
14000009160030,train,8832_-14531
14000009165082,train,8722_-14641
14000009170139,train,8722_-14641
14000009175205,train,8722_-14641
14000009225144,train,8831_-14531
14000009230207,train,8831_-14531
14000009235060,train,8831_-14531
14000009260156,train,8722_-14642
14000009265081,train,8722_-14642
14000009280267,train,8722_-14642
14000009285081,train,8722_-14642
14000009290131,train,8722_-14642
14000009295224,train,8722_-14642
14000009325224,train,8722_-14642
14000009330066,train,8722_-14642
14000009335228,train,8722_-14642
14000009405254,train,8831_-14531
14000009410249,train,8831_-14531
14000009415251,train,8831_-14531
14000009420256,train,8831_-14531
14000009425252,train,8831_-14531
14000009430243,train,8831_-14531
14000009435232,train,8831_-14531
14000009440179,train,8831_-14531
14000009445097,train,8831_-14531
14000009450073,train,8831_-14531
14000009455119,train,8831_-14531
14000009465243,train,8722_-14642
14000009480080,train,8722_-14643
14000009485144,train,8722_-14643
14000009490201,train,8722_-14643
14000009525184,train,8831_-14531
14000009530180,train,8831_-14531
14000009535123,train,8831_-14531
14000009580121,train,8830_-14531
14000009590154,train,8830_-14531
14000009595105,train,8830_-14531
14000009600027,train,8830_-14531
14000009605008,train,8830_-14531
14000009650206,train,8830_-14531
14000009655076,train,8830_-14531
14000009660208,train,8830_-14531
14000009670174,train,8830_-14531
14000009720133,train,8830_-14531
14000009725070,train,8830_-14531
14000009730170,train,8830_-14531
14000009735229,train,8830_-14531
14000009790073,train,8830_-14531
14000009795077,train,8830_-14531
14000009800110,train,8830_-14531
14000009805039,train,8830_-14531
14000009810121,train,8830_-14531
14000009815097,train,8830_-14531
14000009820190,train,8830_-14531
14000009825211,train,8830_-14531
14000009830084,train,8830_-14531
14000009835099,train,8830_-14531
14000009840231,train,8830_-14531
14000009845201,train,8830_-14531
14000009850218,train,8830_-14531
14000009855011,train,8830_-14531
14000009855286,train,8722_-14644
14000009860092,train,8830_-14531
14000009895114,train,8830_-14531
14000009900187,train,8830_-14531
14000009905085,train,8829_-14531
14000009910064,train,8829_-14531
14000009960246,train,8829_-14531
14000009975279,train,8722_-14644
14000009980075,train,8722_-14644
14000010000110,test,8927_-14535
14000010000200,train,8893_-14537
14000010005120,train,8893_-14537
14000010010091,train,8829_-14531
14000010010135,train,8893_-14537
14000010015006,train,8829_-14531
14000010020159,train,8829_-14531
14000010025036,train,8829_-14531
14000010025120,train,8893_-14537
14000010030024,train,8893_-14537
14000010035142,train,8893_-14537
14000010040076,train,8893_-14537
14000010045010,test,8927_-14535
14000010045075,train,8893_-14537
14000010050142,test,8927_-14535
14000010055014,train,8893_-14537
14000010055159,test,8927_-14535
14000010060091,train,8893_-14537
14000010065125,train,8893_-14537
14000010070002,train,8893_-14537
14000010075178,train,8893_-14537
14000010080037,train,8927_-14536
14000010085067,train,8893_-14537
14000010085073,train,8927_-14536
14000010090164,train,8893_-14537
14000010095066,train,8829_-14531
14000010095166,train,8893_-14537
14000010100040,train,8829_-14531
14000010100071,train,8893_-14537
14000010105021,train,8893_-14537
14000010105056,train,8829_-14531
14000010110075,train,8893_-14537
14000010110120,train,8927_-14536
14000010115040,train,8927_-14536
14000010115064,train,8893_-14537
14000010120029,train,8893_-14537
14000010120165,train,8927_-14536
14000010125012,train,8927_-14536
14000010125106,train,8893_-14537
14000010130015,train,8893_-14537
14000010135056,train,8893_-14537
14000010140133,train,8893_-14538
14000010145074,train,8927_-14536
14000010150016,train,8927_-14536
14000010155020,train,8829_-14531
14000010155210,train,8927_-14536
14000010160070,train,8829_-14531
14000010160126,train,8927_-14536
14000010165067,train,8829_-14531
14000010165234,train,8927_-14536
14000010170035,train,8829_-14531
14000010175019,train,8829_-14531
14000010175153,train,8893_-14538
14000010180056,train,8829_-14531
14000010180167,train,8893_-14538
14000010185112,train,8893_-14538
14000010190004,train,8893_-14538
14000010190056,train,8829_-14531
14000010195089,train,8893_-14538
14000010195105,train,8927_-14536
14000010200045,train,8893_-14538
14000010200092,train,8927_-14536
14000010205033,train,8927_-14536
14000010205097,train,8893_-14538
14000010210187,train,8927_-14536
14000010215138,train,8927_-14536
14000010220084,train,8927_-14536
14000010225197,train,8927_-14536
14000010230058,train,8927_-14536
14000010240026,train,8927_-14536
14000010245229,train,8927_-14536
14000010250074,train,8927_-14536
14000010255147,train,8927_-14536
14000010260048,train,8721_-14646
14000010265137,train,8721_-14646
14000010285010,train,8927_-14536
14000010290197,train,8927_-14536
14000010295008,train,8828_-14531
14000010310013,train,8828_-14531
14000010310138,train,8893_-14538
14000010315152,train,8828_-14531
14000010315169,train,8893_-14538
14000010320080,train,8893_-14538
14000010320239,train,8828_-14531
14000010325048,train,8828_-14531
14000010330096,train,8828_-14531
14000010335134,train,8828_-14531
14000010340103,train,8721_-14646
14000010340180,train,8828_-14531
14000010345208,train,8828_-14531
14000010345351,train,8721_-14646
14000010350219,train,8721_-14646
14000010355153,test,8927_-14537
14000010360057,test,8927_-14537
14000010360097,train,8828_-14532
14000010365032,train,8828_-14532
14000010365231,test,8927_-14537
14000010370187,test,8927_-14537
14000010370200,train,8828_-14532
14000010375080,train,8828_-14532
14000010375164,test,8927_-14537
14000010380132,test,8927_-14537
14000010385029,test,8927_-14537
14000010455124,train,8892_-14538
14000010455207,train,8828_-14532
14000010460053,train,8892_-14538
14000010460184,train,8828_-14532
14000010465096,train,8828_-14532
14000010470192,train,8892_-14538
14000010470193,train,8828_-14532
14000010475195,train,8892_-14538
14000010475236,train,8828_-14532
14000010480133,train,8892_-14538
14000010480233,train,8828_-14532
14000010485077,train,8892_-14538
14000010490031,train,8892_-14538
14000010500190,train,8892_-14538
14000010505004,train,8892_-14538
14000010510097,train,8892_-14538
14000010515131,train,8721_-14646
14000010515245,train,8892_-14538
14000010520174,train,8892_-14538
14000010520233,train,8721_-14646
14000010525347,train,8721_-14646
14000010530099,train,8721_-14647
14000010535225,train,8721_-14647
14000010540130,train,8892_-14538
14000010540355,train,8721_-14647
14000010545110,train,8721_-14647
14000010545116,train,8892_-14538
14000010550093,train,8892_-14538
14000010550222,train,8721_-14647
14000010555227,train,8892_-14538
14000010555338,train,8721_-14647
14000010560041,train,8892_-14539
14000010560096,train,8721_-14647
14000010560150,train,8828_-14532
14000010565049,train,8828_-14532
14000010565059,train,8892_-14539
14000010570093,train,8892_-14539
14000010575207,train,8892_-14539
14000010580188,train,8892_-14539
14000010585036,test,8927_-14537
14000010585230,train,8892_-14539
14000010590109,train,8892_-14539
14000010590202,test,8927_-14537
14000010595093,train,8828_-14532
14000010595142,train,8892_-14539
14000010600143,train,8828_-14532
14000010605135,train,8828_-14532
14000010610109,train,8828_-14532
14000010640169,train,8892_-14539
14000010645128,train,8892_-14539
14000010650038,train,8892_-14539
14000010650112,train,8827_-14532
14000010655129,train,8827_-14532
14000010655144,train,8892_-14539
14000010660042,train,8892_-14539
14000010665221,train,8892_-14539
14000010685161,train,8827_-14532
14000010690150,train,8827_-14532
14000010710032,train,8827_-14532
14000010710334,train,8721_-14647
14000010715233,train,8827_-14532
14000010715353,train,8721_-14647
14000010720357,train,8721_-14647
14000010725009,train,8721_-14647
14000010725055,train,8892_-14539
14000010730028,train,8721_-14647
14000010735039,train,8721_-14647
14000010740035,train,8927_-14538
14000010740040,train,8721_-14647
14000010740085,train,8827_-14532
14000010745038,train,8721_-14647
14000010745068,train,8927_-14538
14000010745113,train,8827_-14532
14000010750037,train,8721_-14647
14000010750097,train,8927_-14538
14000010750100,train,8827_-14532
14000010755118,train,8927_-14538
14000010770024,train,8827_-14532
14000010775161,train,8827_-14532
14000010775201,train,8927_-14538
14000010780069,train,8927_-14538
14000010780097,train,8827_-14532
14000010785049,train,8827_-14532
14000010790299,train,8721_-14647
14000010795200,train,8721_-14647
14000010800100,train,8721_-14647
14000010805002,train,8721_-14647
14000010825219,val,8721_-14648
14000010830055,val,8721_-14648
14000010835204,val,8721_-14648
14000010850027,val,8721_-14648
14000010855248,val,8721_-14648
14000010860165,val,8721_-14648
14000010865114,val,8721_-14648
14000010900154,train,8891_-14539
14000010905046,train,8891_-14539
14000010910162,train,8891_-14539
14000010915180,train,8827_-14532
14000010915245,train,8891_-14539
14000010920029,train,8891_-14539
14000010920148,train,8827_-14532
14000010925187,train,8827_-14532
14000010930284,train,8827_-14532
14000010950132,train,8891_-14539
14000010955156,train,8891_-14539
14000010960123,train,8891_-14539
14000010965082,train,8891_-14539
14000010970069,train,8891_-14539
14000010985289,train,8927_-14539
14000010985306,train,8826_-14532
14000010990273,train,8826_-14532
14000010990318,train,8927_-14539
14000010995163,train,8826_-14532
14000010995323,train,8927_-14539
14000011000235,train,8891_-14539
14000011000284,train,8826_-14532
14000011000302,train,8927_-14539
14000011005217,train,8891_-14539
14000011010212,train,8891_-14539
14000011015226,train,8891_-14539
14000011020257,train,8891_-14539
14000011055343,train,8720_-14648
14000011060151,train,8720_-14648
14000011065324,train,8720_-14648
14000011070132,train,8720_-14648
14000011080255,train,8826_-14532
14000011085159,train,8826_-14532
14000011160107,train,8891_-14539
14000011165248,train,8891_-14539
14000011170063,train,8891_-14539
14000011175118,train,8826_-14532
14000011175133,train,8891_-14539
14000011180133,train,8826_-14532
14000011180227,train,8891_-14539
14000011200167,train,8826_-14532
14000011225205,train,8890_-14539
14000011230176,train,8890_-14539
14000011240088,train,8826_-14532
14000011245211,train,8826_-14531
14000011350219,train,8825_-14531
14000011355114,train,8825_-14531
14000011360330,train,8825_-14531
14000011365178,train,8825_-14531
14000011375058,test,8890_-14540
14000011380132,test,8890_-14540
14000011385239,test,8890_-14540
14000011385288,val,8928_-14540
14000011390056,test,8890_-14540
14000011390146,val,8928_-14540
14000011395015,val,8928_-14540
14000011395236,test,8890_-14540
14000011400125,test,8890_-14540
14000011400223,val,8928_-14540
14000011420032,test,8890_-14540
14000011425286,test,8890_-14540
14000011430196,test,8890_-14540
14000011435092,test,8890_-14540
14000011440303,test,8890_-14540
14000011455352,train,8825_-14531
14000011460315,train,8825_-14531
14000011505318,train,8720_-14650
14000011510105,train,8720_-14650
14000011515264,train,8720_-14650
14000011520075,train,8720_-14650
14000011535172,train,8825_-14531
14000011540175,train,8825_-14531
14000011545158,train,8825_-14531
14000011550138,train,8825_-14531
14000011575292,test,8890_-14540
14000011580198,test,8890_-14540
14000011580282,train,8720_-14650
14000011585004,train,8720_-14650
14000011590052,train,8720_-14650
14000011595061,train,8720_-14650
14000011600230,train,8889_-14540
14000011690304,train,8889_-14540
14000011695134,train,8889_-14540
14000011700296,train,8889_-14540
14000011705142,train,8889_-14540
14000011710297,train,8889_-14540
14000011715108,train,8889_-14540
14000011720207,train,8889_-14540
14000011805202,train,8889_-14540
14000011810050,train,8889_-14540
14000011810204,train,8824_-14531
14000011815089,train,8824_-14531
14000011815217,train,8889_-14540
14000011820056,train,8889_-14540
14000011820320,train,8824_-14531
14000011825157,train,8889_-14540
14000011850240,train,8824_-14531
14000011850260,test,8720_-14651
14000011855045,train,8889_-14541
14000011855059,test,8720_-14651
14000011855263,train,8824_-14531
14000011860022,train,8824_-14531
14000011860095,train,8889_-14541
14000011860173,test,8720_-14651
14000011865051,train,8889_-14541
14000011870090,train,8929_-14542
14000011870192,train,8889_-14541
14000011875077,train,8929_-14542
14000011875258,train,8889_-14541
14000011880081,train,8929_-14542
14000011880253,train,8889_-14541
14000011885102,train,8929_-14542
14000011885175,train,8889_-14541
14000011900184,train,8889_-14541
14000011900288,train,8929_-14542
14000011905022,train,8929_-14542
14000011905218,train,8889_-14541
14000011910093,train,8889_-14541
14000011910119,train,8929_-14542
14000011915003,train,8824_-14531
14000011915040,train,8889_-14541
14000011915233,train,8929_-14542
14000011920067,train,8889_-14541
14000011920094,train,8824_-14531
14000011920226,test,8720_-14652
14000011925072,train,8889_-14541
14000011925169,train,8824_-14531
14000011925218,test,8720_-14652
14000011930267,test,8720_-14652
14000011935003,test,8720_-14652
14000011955132,train,8824_-14531
14000011960247,train,8824_-14531
14000011965055,train,8824_-14531
14000011985107,val,8888_-14541
14000011985197,train,8929_-14542
14000011990093,val,8888_-14541
14000011990361,train,8929_-14542
14000011995192,train,8929_-14542
14000011995225,val,8888_-14541
14000012000085,train,8929_-14542
14000012005041,train,8929_-14542
14000012005290,train,8824_-14531
14000012010009,train,8824_-14531
14000012015052,train,8824_-14531
14000012015269,test,8720_-14652
14000012020037,test,8720_-14652
14000012020123,train,8824_-14531
14000012025031,test,8720_-14652
14000012050099,test,8720_-14652
14000012055280,test,8720_-14652
14000012060282,test,8720_-14652
14000012065046,test,8720_-14652
14000012070041,test,8720_-14652
14000012075021,test,8720_-14652
14000012080213,test,8720_-14652
14000012085080,test,8720_-14652
14000012090058,test,8720_-14652
14000012095009,test,8720_-14652
14000012100063,test,8720_-14652
14000012105004,test,8720_-14652
14000012110103,test,8720_-14652
14000012120019,test,8720_-14652
14000012120045,val,8888_-14541
14000012125310,val,8888_-14541
14000012130288,val,8888_-14541
14000012135290,val,8888_-14541
14000012145124,train,8823_-14531
14000012150158,train,8823_-14531
14000012150185,test,8720_-14653
14000012155085,train,8823_-14531
14000012160192,train,8823_-14531
14000012185022,test,8720_-14653
14000012190025,test,8720_-14653
14000012195042,test,8720_-14653
14000012195181,val,8888_-14541
14000012245048,val,8888_-14542
14000012250048,val,8888_-14542
14000012255056,val,8888_-14542
14000012255125,test,8720_-14653
14000012260081,val,8888_-14542
14000012260134,train,8823_-14531
14000012260135,test,8720_-14653
14000012265122,val,8888_-14542
14000012265132,test,8720_-14653
14000012265257,train,8823_-14531
14000012270022,train,8823_-14531
14000012270120,test,8720_-14653
14000012270189,val,8888_-14542
14000012275110,test,8720_-14653
14000012280122,test,8720_-14653
14000012390084,train,8719_-14653
14000012395268,train,8719_-14653
14000012400114,train,8719_-14653
14000012405173,train,8719_-14653
14000012410181,train,8719_-14653
14000012415167,train,8719_-14653
14000012420135,train,8719_-14653
14000012440342,val,8888_-14542
14000012445255,val,8888_-14542
14000012450174,train,8719_-14653
14000012450177,val,8888_-14542
14000012455136,train,8719_-14653
14000012460179,train,8719_-14653
14000012465004,train,8719_-14653
14000012470102,train,8719_-14653
14000012475183,train,8719_-14653
14000012480069,train,8719_-14653
14000012480314,train,8928_-14544
14000012485108,train,8719_-14653
14000012495060,train,8719_-14653
14000012500034,train,8719_-14653
14000012500162,train,8976_-14521
14000012505074,train,8719_-14653
14000012505080,train,8976_-14521
14000012510263,train,8719_-14653
14000012510275,train,8976_-14521
14000012515188,train,8719_-14653
14000012520003,train,8719_-14653
14000012555135,train,8935_-14604
14000012560042,train,8935_-14604
14000012565236,train,8935_-14604
14000012570296,train,8976_-14521
14000012575269,train,8976_-14521
14000012575295,train,8935_-14604
14000012580154,train,8935_-14604
14000012580217,train,8976_-14521
14000012585193,train,8719_-14653
14000012590070,train,8719_-14653
14000012595084,train,8719_-14653
14000012600229,train,8719_-14653
14000012605025,train,8719_-14653
14000012630094,train,8719_-14653
14000012635152,train,8719_-14653
14000012640146,train,8719_-14653
14000012645049,train,8719_-14653
14000012650021,train,8976_-14521
14000012655069,train,8976_-14521
14000012660267,train,8976_-14521
14000012665009,train,8976_-14521
14000012680112,train,8718_-14653
14000012685180,train,8718_-14653
14000012690042,train,8718_-14653
14000012690064,train,8976_-14521
14000012695096,train,8976_-14521
14000012695144,train,8718_-14653
14000012700034,train,8976_-14521
14000012705129,train,8976_-14521
14000012710122,train,8976_-14521
14000012720170,test,8934_-14603
14000012725150,test,8934_-14603
14000012740176,train,8718_-14653
14000012745198,train,8718_-14653
14000012750073,train,8718_-14653
14000012760238,train,8976_-14521
14000012765019,train,8976_-14521
14000012770195,train,8976_-14521
14000012810044,test,8934_-14603
14000012815225,test,8934_-14603
14000012820092,test,8934_-14603
14000012835058,train,8718_-14653
14000012840046,train,8718_-14653
14000012845177,train,8718_-14653
14000012850183,test,8934_-14603
14000012870002,val,8976_-14522
14000012870029,test,8934_-14603
14000012875138,val,8976_-14522
14000012880059,val,8976_-14522
14000012885066,val,8976_-14522
14000012890030,val,8976_-14522
14000012900053,train,8975_-14522
14000012905009,train,8975_-14522
14000012920031,train,8718_-14653
14000012925115,train,8718_-14653
14000012930245,train,8718_-14653
14000012940274,test,8934_-14603
14000012955086,test,8934_-14603
14000012960246,test,8934_-14603
14000012965115,test,8934_-14603
14000012970260,test,8934_-14603
14000013005206,test,8934_-14603
14000013010051,test,8934_-14603
14000013015180,test,8934_-14603
14000013020076,test,8934_-14603
14000013025041,test,8934_-14603
14000013100242,train,8718_-14654
14000013105287,train,8718_-14654
14000013220240,train,8717_-14654
14000013260238,train,8933_-14602
14000013265108,train,8717_-14654
14000013265128,train,8933_-14602
14000013270189,train,8933_-14602
14000013270269,train,8717_-14654
14000013275133,train,8717_-14655
14000013275149,train,8933_-14602
14000013280274,train,8717_-14655
14000013305097,train,8933_-14602
14000013350044,train,8933_-14602
14000013355114,train,8933_-14602
14000013360073,train,8933_-14602
14000013365146,train,8933_-14602
14000013400216,train,8717_-14655
14000013405142,train,8717_-14655
14000013410070,train,8717_-14655
14000013570286,train,8932_-14602
14000013575067,train,8932_-14602
14000013580245,train,8932_-14602
14000013585177,train,8932_-14602
14000013675337,train,8717_-14656
14000013680035,train,8717_-14656
14000013685084,train,8717_-14656
14000013795020,train,8717_-14657
14000013800105,train,8717_-14657
14000013805190,train,8717_-14657
14000013810322,train,8717_-14657
14000013915085,train,8931_-14602
14000013920230,train,8931_-14602
14000013925251,train,8931_-14602
14000013930171,train,8931_-14602
14000013960032,train,8931_-14602
14000013965160,train,8931_-14602
14000013995032,train,8931_-14602
14000014000244,train,8931_-14602
14000014005150,train,8931_-14602
14000014025184,train,8931_-14602
14000014030191,train,8931_-14602
14000014035206,train,8931_-14602
14000014040250,train,8931_-14602
14000014080258,train,8931_-14602
14000014085249,train,8931_-14602
14000014090267,train,8931_-14602
14000014095045,train,8931_-14602
14000014100165,train,8931_-14602
14000014105061,train,8931_-14602
14000014110289,train,8931_-14602
14000014115184,train,8931_-14602
14000014120014,train,8931_-14602
14000014125097,train,8931_-14602
14000014150057,train,8931_-14602
14000014155061,train,8931_-14602
14000014160122,train,8931_-14602
14000014160323,val,8717_-14658
14000014165209,train,8931_-14602
14000014165374,val,8717_-14658
14000014170376,val,8717_-14658
14000014180278,train,8931_-14602
14000014185113,train,8931_-14602
14000014190212,train,8931_-14602
14000014195261,train,8931_-14601
14000014200283,val,8717_-14658
14000014205105,val,8717_-14658
14000014215270,train,8931_-14601
14000014220000,train,8931_-14601
14000014220282,val,8717_-14658
14000014225030,train,8931_-14601
14000014225279,val,8717_-14658
14000014230024,train,8931_-14601
14000014230252,val,8717_-14658
14000014235216,val,8717_-14658
14000014245098,val,8717_-14658
14000014245189,train,8931_-14601
14000014250015,val,8717_-14658
14000014250255,train,8931_-14601
14000014255022,train,8931_-14601
14000014260052,train,8931_-14601
14000014265263,val,8717_-14658
14000014270250,val,8717_-14658
14000014275069,val,8717_-14658
14000014280166,val,8717_-14658
14000014295051,train,8931_-14601
14000014300093,val,8717_-14658
14000014300115,train,8931_-14601
14000014305148,val,8717_-14658
14000014310056,val,8717_-14658
14000014315014,val,8717_-14658
14000014325062,train,8717_-14659
14000014390049,train,8931_-14601
14000014395131,train,8931_-14601
14000014445221,train,8931_-14600
14000014450076,train,8931_-14600
14000014455264,train,8931_-14600
14000014460123,train,8931_-14600
14000014640207,train,8931_-14600
14000014645118,train,8931_-14600
14000014650026,train,8931_-14600
14000014655287,train,8931_-14600
14000014715244,train,8931_-14599
14000014785329,train,8931_-14599
14000015005092,test,8961_-14615
14000015010168,test,8961_-14615
14000015015094,test,8961_-14615
14000015020052,test,8961_-14615
14000015025060,test,8961_-14615
14000015100105,test,8961_-14615
14000015105167,test,8961_-14615
14000015110128,test,8961_-14615
14000015115027,test,8961_-14615
14000015120068,test,8961_-14615
14000015140086,train,8899_-14637
14000015145094,train,8899_-14637
14000015150017,train,8962_-14615
14000015150079,train,8899_-14637
14000015155027,train,8962_-14615
14000015155060,train,8899_-14637
14000015160022,train,8962_-14615
14000015165013,train,8962_-14615
14000015175080,train,8962_-14615
14000015180132,train,8962_-14615
14000015185108,train,8962_-14615
14000015190013,train,8962_-14615
14000015205160,train,8899_-14637
14000015250026,train,8962_-14615
14000015260085,train,8899_-14637
14000015270144,val,8962_-14616
14000015275069,train,8899_-14637
14000015280037,train,8899_-14637
14000015285067,train,8899_-14637
14000015290028,train,8899_-14637
14000015300113,train,8899_-14637
14000015305008,train,8899_-14637
14000015305169,val,8962_-14616
14000015310009,val,8962_-14616
14000015310050,train,8899_-14637
14000015315003,train,8899_-14637
14000015315045,val,8962_-14616
14000015320037,train,8899_-14637
14000015320055,val,8962_-14616
14000015325115,train,8899_-14637
14000015330010,val,8962_-14616
14000015335071,train,8899_-14637
14000015335153,val,8962_-14616
14000015340100,train,8899_-14637
14000015340147,val,8962_-14616
14000015345025,val,8962_-14616
14000015345093,train,8899_-14637
14000015350189,val,8962_-14616
14000015375087,train,8899_-14637
14000015380128,val,8962_-14616
14000015385148,val,8962_-14616
14000015390001,val,8962_-14616
14000015395159,train,8899_-14637
14000015400193,train,8899_-14637
14000015405104,train,8899_-14637
14000015410079,train,8899_-14637
14000015410109,val,8962_-14616
14000015415035,val,8962_-14616
14000015415081,train,8899_-14637
14000015420052,train,8899_-14637
14000015420081,val,8962_-14616
14000015425055,val,8962_-14616
14000015425190,train,8899_-14637
14000015430009,val,8962_-14616
14000015430020,train,8899_-14637
14000015450085,val,8962_-14616
14000015450172,train,8899_-14637
14000015455054,train,8899_-14637
14000015455132,val,8962_-14616
14000015460014,val,8962_-14616
14000015460104,train,8899_-14637
14000015465101,train,8898_-14637
14000015465120,val,8962_-14616
14000015485174,train,8898_-14637
14000015490010,train,8898_-14637
14000015495116,train,8898_-14637
14000015505029,val,8962_-14616
14000015510105,val,8962_-14616
14000015515033,train,8898_-14637
14000015515180,val,8962_-14616
14000015520018,train,8898_-14637
14000015520043,val,8962_-14616
14000015525002,train,8898_-14637
14000015530077,train,8898_-14637
14000015535001,train,8898_-14637
14000015540031,train,8898_-14637
14000015545006,train,8898_-14637
14000015550004,train,8898_-14637
14000015550177,train,8962_-14617
14000015555011,train,8898_-14637
14000015555109,train,8962_-14617
14000015560023,train,8962_-14617
14000015560049,train,8898_-14637
14000015565047,train,8898_-14637
14000015565118,train,8962_-14617
14000015570017,train,8898_-14637
14000015575129,train,8898_-14637
14000015580071,train,8898_-14637
14000015585003,train,8898_-14637
14000015590012,train,8898_-14637
14000015595049,train,8898_-14637
14000015600087,train,8898_-14637
14000015605117,train,8898_-14637
14000015610101,train,8898_-14637
14000020100145,train,8895_-14542
14000020105135,train,8895_-14542
14000020110127,train,8895_-14542
14000020225021,train,8894_-14541
14000020230122,train,8894_-14541
14000020235206,train,8894_-14541
14000020240018,train,8894_-14541
14000020295193,test,8895_-14541
14000020300229,test,8895_-14541
14000020305241,test,8895_-14541
14000020310203,test,8895_-14541
14000020395098,test,8895_-14541
14000020400191,test,8895_-14541
14000020405279,test,8895_-14541
14000020410114,test,8895_-14541
14000020415289,test,8895_-14541
14000020420254,test,8895_-14541
14000020425192,test,8895_-14541
14000020505052,train,8895_-14540
14000020510272,train,8895_-14540
14000020515235,train,8895_-14540
14000020605075,train,8895_-14540
14000020610130,train,8895_-14540
14000020655260,train,8895_-14540
14000020660136,train,8895_-14540
14000020940137,train,8895_-14539
14000020945244,train,8895_-14539
14000020950102,train,8895_-14539
14000020955272,train,8895_-14539
14000021035235,val,8895_-14538
14000021040230,val,8895_-14538
14000021045217,val,8895_-14538
14000021090100,val,8895_-14538
14000021200020,train,8894_-14538
14000021205244,train,8894_-14538
14000021210098,train,8894_-14538
14000021285174,train,8894_-14538
14000021290124,train,8894_-14538
14000021295084,train,8894_-14538
14000021300050,train,8894_-14538
14000021545210,train,8894_-14538
14000021550000,train,8893_-14538
14000021555197,train,8893_-14538
14000021560000,train,8893_-14538
14000021565011,train,8893_-14538
14000021625030,train,8893_-14538
14000021630040,train,8893_-14538
14000021635179,train,8893_-14538
14000021640135,train,8893_-14538
14000021660053,train,8893_-14538
14000021685167,train,8893_-14538
14000021690155,train,8893_-14538
14000021695110,train,8893_-14538
14000021700006,train,8893_-14537
14000022550242,train,8827_-14617
14000022560000,train,8827_-14617
14000022565102,train,8827_-14617
14000022570147,train,8827_-14617
14000022575150,train,8827_-14617
14000022660100,train,8827_-14617
14000022665220,train,8827_-14617
14000022670105,train,8827_-14617
14000022750114,train,8827_-14617
14000022755157,train,8827_-14617
14000022905067,val,8827_-14618
14000022910206,val,8827_-14618
14000022915103,val,8827_-14618
14000022920045,val,8827_-14618
14000022925238,val,8827_-14618
